{"type":"FeatureCollection","features":[
{"type":"Feature","properties":{"location_id":"0-EU-ES-28-07-001-079-16-002","name":"Conde Orgaz-Piovera","city":"Madrid"},"geometry":{"type":"MultiPolygon","coordinates":[[[[-3.63014,40.44939],[-3.62633,40.44955],[-3.6266,40.4514],[-3.62664,40.45164],[-3.62661,40.45222],[-3.62649,40.45259],[-3.62605,40.45312],[-3.62569,40.45334],[-3.62271,40.45444],[-3.62061,40.45521],[-3.62002,40.45548],[-3.61952,40.45579],[-3.61902,40.45616],[-3.61868,40.45654],[-3.61749,40.45806],[-3.61927,40.45911],[-3.62102,40.46016],[-3.62175,40.46075],[-3.62349,40.46278],[-3.62389,40.46259],[-3.62558,40.46261],[-3.63018,40.46264],[-3.63086,40.46264],[-3.63411,40.46268],[-3.63721,40.46269],[-3.63771,40.46264],[-3.63824,40.46254],[-3.63883,40.46233],[-3.63922,40.46208],[-3.63989,40.46162],[-3.64155,40.46053],[-3.64176,40.46033],[-3.64246,40.45957],[-3.64329,40.45862],[-3.64435,40.45725],[-3.64458,40.45724],[-3.64768,40.45712],[-3.64815,40.45711],[-3.65053,40.45715],[-3.65103,40.45716],[-3.6515,40.45717],[-3.65208,40.45715],[-3.65337,40.45707],[-3.65395,40.45701],[-3.65416,40.45694],[-3.65314,40.45578],[-3.65129,40.45366],[-3.64812,40.44951],[-3.64682,40.44974],[-3.64553,40.44974],[-3.64452,40.44955],[-3.64006,40.4488],[-3.63808,40.44855],[-3.63648,40.44853],[-3.63374,40.44895],[-3.63223,40.44919],[-3.63014,40.44939]]]]}},
{"type":"Feature","properties":{"location_id":"0-EU-ES-28-07-001-079-16-004","name":"Pinar del Rey","city":"Madrid"},"geometry":{"type":"MultiPolygon","coordinates":[[[[-3.6551,40.46681],[-3.65425,40.46691],[-3.65063,40.46735],[-3.64549,40.46872],[-3.64347,40.46925],[-3.64257,40.46949],[-3.64244,40.46911],[-3.64212,40.46906],[-3.63876,40.46902],[-3.63422,40.46861],[-3.63368,40.46867],[-3.63287,40.46891],[-3.63023,40.46868],[-3.62847,40.46837],[-3.62788,40.4684],[-3.62985,40.47049],[-3.63184,40.47228],[-3.63612,40.47547],[-3.64195,40.47973],[-3.64769,40.48079],[-3.65005,40.48124],[-3.65038,40.4809],[-3.65104,40.48026],[-3.65235,40.47893],[-3.65426,40.47697],[-3.65473,40.47624],[-3.6555,40.47499],[-3.65589,40.47398],[-3.65629,40.47322],[-3.65722,40.47179],[-3.65751,40.47146],[-3.65783,40.4712],[-3.65907,40.47047],[-3.6606,40.46923],[-3.66216,40.468],[-3.66261,40.46777],[-3.66296,40.46762],[-3.66342,40.46752],[-3.66289,40.46563],[-3.66275,40.46513],[-3.66268,40.46486],[-3.66253,40.46434],[-3.66246,40.46407],[-3.66207,40.4634],[-3.66206,40.4634],[-3.66162,40.4631],[-3.66127,40.46283],[-3.66104,40.46268],[-3.66047,40.46229],[-3.66032,40.46218],[-3.65957,40.46284],[-3.65935,40.46302],[-3.65922,40.46323],[-3.65918,40.46341],[-3.65921,40.46366],[-3.6593,40.46393],[-3.65932,40.46405],[-3.65931,40.46416],[-3.6594,40.4644],[-3.65794,40.46566],[-3.65704,40.4662],[-3.65651,40.46641],[-3.65603,40.46657],[-3.65577,40.46666],[-3.6551,40.46681]]]]}},
{"type":"Feature","properties":{"location_id":"0-EU-ES-28-07-001-079-21-004","name":"Tim\u00f3n","city":"Madrid"},"geometry":{"type":"MultiPolygon","coordinates":[[[[-3.58174,40.47973],[-3.60157,40.47986],[-3.60147,40.47575],[-3.60145,40.4736],[-3.6028,40.47034],[-3.60141,40.46987],[-3.59968,40.46943],[-3.59832,40.46926],[-3.59518,40.46882],[-3.58726,40.46863],[-3.58538,40.46858],[-3.58441,40.46848],[-3.58369,40.46833],[-3.58273,40.46794],[-3.58224,40.4676],[-3.5819,40.46825],[-3.58144,40.46922],[-3.58155,40.47089],[-3.58179,40.47211],[-3.5824,40.47487],[-3.58246,40.47541],[-3.58231,40.47604],[-3.5814,40.47854],[-3.58111,40.47962],[-3.58174,40.47973]]]]}},
{"type":"Feature","properties":{"location_id":"0-EU-ES-28-07-001-079-01-001","name":"Palacio","city":"Madrid"},"geometry":{"type":"MultiPolygon","coordinates":[[[[-3.72044,40.42028],[-3.72097,40.42003],[-3.7219,40.4174],[-3.7223,40.41636],[-3.72251,40.41524],[-3.72278,40.41402],[-3.71984,40.41394],[-3.71689,40.4139],[-3.71825,40.41118],[-3.71811,40.41083],[-3.71677,40.4087],[-3.71477,40.40782],[-3.713,40.40713],[-3.71168,40.4067],[-3.71159,40.40687],[-3.71137,40.40731],[-3.71104,40.40803],[-3.71045,40.40875],[-3.70996,40.40935],[-3.70925,40.41024],[-3.70916,40.41037],[-3.70841,40.41129],[-3.70808,40.41186],[-3.70779,40.4124],[-3.70755,40.41272],[-3.70754,40.41295],[-3.70743,40.41343],[-3.7078,40.41355],[-3.70824,40.41373],[-3.70815,40.41401],[-3.70804,40.41448],[-3.70816,40.41474],[-3.70832,40.41505],[-3.70847,40.41528],[-3.70868,40.4154],[-3.70875,40.4155],[-3.70873,40.41614],[-3.70861,40.41638],[-3.70866,40.41674],[-3.7087,40.41701],[-3.70864,40.41732],[-3.70857,40.41774],[-3.70875,40.41785],[-3.70822,40.41885],[-3.70816,40.41908],[-3.70799,40.41969],[-3.70789,40.4198],[-3.70822,40.4203],[-3.70728,40.42024],[-3.70625,40.42018],[-3.70596,40.42022],[-3.71088,40.42339],[-3.71202,40.42273],[-3.71275,40.42232],[-3.71327,40.42185],[-3.71449,40.42101],[-3.71552,40.42032],[-3.71941,40.42024],[-3.72044,40.42028]]]]}},
{"type":"Feature","properties":{"location_id":"0-EU-ES-28-07-001-079-01-003","name":"Huertas-Cortes","city":"Madrid"},"geometry":{"type":"MultiPolygon","coordinates":[[[[-3.69649,40.41881],[-3.69969,40.41976],[-3.69974,40.41929],[-3.69968,40.41894],[-3.69951,40.41834],[-3.69937,40.41794],[-3.69964,40.41774],[-3.69994,40.4173],[-3.70008,40.41708],[-3.7004,40.4166],[-3.70098,40.41613],[-3.70179,40.41553],[-3.70305,40.41458],[-3.70348,40.41414],[-3.70294,40.41396],[-3.70195,40.41362],[-3.70166,40.41352],[-3.70138,40.41341],[-3.70016,40.41292],[-3.69692,40.41125],[-3.69557,40.41058],[-3.69397,40.40988],[-3.69259,40.40936],[-3.69215,40.40919],[-3.69229,40.40965],[-3.69357,40.41339],[-3.69427,40.41527],[-3.69329,40.41881],[-3.69311,40.4195],[-3.69368,40.41936],[-3.69556,40.41901],[-3.69649,40.41881]]]]}},
{"type":"Feature","properties":{"location_id":"0-EU-ES-28-07-001-079-02-001","name":"Imperial","city":"Madrid"},"geometry":{"type":"MultiPolygon","coordinates":[[[[-3.72279,40.41402],[-3.72288,40.41285],[-3.72215,40.41056],[-3.72164,40.40912],[-3.7217,40.40829],[-3.72256,40.40599],[-3.7226,40.40461],[-3.72259,40.40437],[-3.72243,40.40361],[-3.72191,40.40148],[-3.72124,40.40065],[-3.72029,40.40004],[-3.7195,40.39982],[-3.71698,40.39993],[-3.71632,40.39996],[-3.71498,40.39959],[-3.71482,40.39993],[-3.71423,40.40112],[-3.71256,40.40464],[-3.71201,40.40588],[-3.71186,40.40625],[-3.71168,40.4067],[-3.71278,40.40705],[-3.7148,40.40784],[-3.71677,40.4087],[-3.71782,40.41038],[-3.7181,40.41082],[-3.71825,40.41119],[-3.71692,40.41389],[-3.72066,40.41396],[-3.72117,40.41397],[-3.72188,40.414],[-3.72279,40.41402]]]]}},
{"type":"Feature","properties":{"location_id":"0-EU-ES-28-07-001-079-02-003","name":"Chopera","city":"Madrid"},"geometry":{"type":"MultiPolygon","coordinates":[[[[-3.69897,40.40035],[-3.69925,40.40095],[-3.69934,40.40092],[-3.69956,40.40068],[-3.70027,40.39993],[-3.70087,40.39927],[-3.701,40.39914],[-3.70179,40.39826],[-3.70321,40.39668],[-3.7047,40.395],[-3.70321,40.39442],[-3.70209,40.39348],[-3.69936,40.39048],[-3.69809,40.38913],[-3.69524,40.39099],[-3.69508,40.39119],[-3.69497,40.39196],[-3.6947,40.39421],[-3.69495,40.39457],[-3.69515,40.39485],[-3.6958,40.39577],[-3.69628,40.3965],[-3.69897,40.40035]]]]}},
{"type":"Feature","properties":{"location_id":"0-EU-ES-28-07-001-079-02-006","name":"Palos de Moguer","city":"Madrid"},"geometry":{"type":"MultiPolygon","coordinates":[[[[-3.68553,40.40038],[-3.68588,40.40068],[-3.68503,40.40125],[-3.68384,40.40068],[-3.68208,40.40187],[-3.68392,40.40274],[-3.68478,40.40299],[-3.68344,40.40511],[-3.68741,40.40618],[-3.68884,40.40677],[-3.69207,40.40899],[-3.69238,40.40826],[-3.69346,40.40754],[-3.69399,40.40735],[-3.69915,40.40594],[-3.70052,40.40556],[-3.70107,40.40542],[-3.70258,40.40501],[-3.70248,40.40493],[-3.70229,40.40468],[-3.70201,40.40431],[-3.70168,40.40391],[-3.70092,40.40292],[-3.70063,40.40255],[-3.69959,40.40127],[-3.69954,40.40121],[-3.69946,40.4011],[-3.69943,40.40105],[-3.69934,40.40092],[-3.69926,40.40095],[-3.69852,40.40098],[-3.69398,40.40076],[-3.69304,40.40082],[-3.692,40.40075],[-3.68839,40.40057],[-3.6868,40.40048],[-3.68616,40.40043],[-3.68571,40.40035],[-3.68553,40.40038]]]]}},
{"type":"Feature","properties":{"location_id":"0-EU-ES-28-07-001-079-03-002","name":"Adelfas","city":"Madrid"},"geometry":{"type":"MultiPolygon","coordinates":[[[[-3.67674,40.39913],[-3.67574,40.39822],[-3.67483,40.39715],[-3.6741,40.39597],[-3.67355,40.3948],[-3.67346,40.39446],[-3.67248,40.39507],[-3.67162,40.3956],[-3.66925,40.39838],[-3.66839,40.39956],[-3.66815,40.39998],[-3.66774,40.40082],[-3.66692,40.40271],[-3.6661,40.40474],[-3.66537,40.40626],[-3.67011,40.40662],[-3.67023,40.40663],[-3.6704,40.40623],[-3.67107,40.40549],[-3.67339,40.40285],[-3.67674,40.39913]]]]}},
{"type":"Feature","properties":{"location_id":"0-EU-ES-28-07-001-079-04-002","name":"Goya","city":"Madrid"},"geometry":{"type":"MultiPolygon","coordinates":[[[[-3.6688,40.42389],[-3.66873,40.42482],[-3.66869,40.42584],[-3.66866,40.42622],[-3.66856,40.42762],[-3.66857,40.42807],[-3.6688,40.42821],[-3.66903,40.42836],[-3.67514,40.42869],[-3.67691,40.42877],[-3.67831,40.42884],[-3.67986,40.42891],[-3.68009,40.42592],[-3.68033,40.42304],[-3.68033,40.42258],[-3.68004,40.42167],[-3.6795,40.42173],[-3.67728,40.42164],[-3.66894,40.42119],[-3.6688,40.42389]]]]}},
{"type":"Feature","properties":{"location_id":"0-EU-ES-28-07-001-079-04-005","name":"Lista","city":"Madrid"},"geometry":{"type":"MultiPolygon","coordinates":[[[[-3.67632,40.43631],[-3.67707,40.43704],[-3.6775,40.43746],[-3.67769,40.43742],[-3.67858,40.43745],[-3.67913,40.43749],[-3.67967,40.43133],[-3.67973,40.43059],[-3.67977,40.43013],[-3.67981,40.42964],[-3.67986,40.42891],[-3.67907,40.42887],[-3.67826,40.42883],[-3.67691,40.42877],[-3.66903,40.42837],[-3.6693,40.42865],[-3.67011,40.42961],[-3.67033,40.42986],[-3.67334,40.4334],[-3.67632,40.43631]]]]}},
{"type":"Feature","properties":{"location_id":"0-EU-ES-28-07-001-079-08-001","name":"El Pardo","city":"Madrid"},"geometry":{"type":"MultiPolygon","coordinates":[[[[-3.73454,40.50197],[-3.73216,40.50383],[-3.73288,40.50624],[-3.73482,40.50674],[-3.74202,40.50904],[-3.73258,40.52307],[-3.73015,40.52294],[-3.72772,40.52706],[-3.71192,40.53282],[-3.70493,40.53976],[-3.71126,40.54846],[-3.7157,40.56321],[-3.7157,40.56961],[-3.70047,40.57869],[-3.69553,40.57965],[-3.69245,40.58025],[-3.67425,40.58908],[-3.6741,40.58898],[-3.66564,40.5927],[-3.65757,40.59433],[-3.65444,40.58917],[-3.64954,40.57749],[-3.64368,40.57653],[-3.62886,40.57409],[-3.6254,40.57336],[-3.6165,40.58066],[-3.60713,40.58512],[-3.60206,40.59187],[-3.60486,40.59422],[-3.60518,40.59647],[-3.60695,40.59689],[-3.6076,40.59741],[-3.6082,40.59815],[-3.6087,40.59846],[-3.61007,40.59872],[-3.61082,40.59935],[-3.61182,40.59954],[-3.61252,40.59999],[-3.61384,40.60057],[-3.61505,40.60077],[-3.61621,40.6017],[-3.61595,40.60272],[-3.61631,40.60375],[-3.6168,40.60446],[-3.61693,40.60549],[-3.61671,40.60683],[-3.61668,40.6071],[-3.61785,40.60852],[-3.61777,40.60899],[-3.6176,40.60942],[-3.61773,40.60997],[-3.62016,40.60862],[-3.63971,40.60046],[-3.64323,40.6017],[-3.64998,40.60249],[-3.65089,40.61159],[-3.66122,40.62233],[-3.67933,40.61101],[-3.6851,40.60869],[-3.68737,40.60691],[-3.68899,40.60442],[-3.69055,40.6017],[-3.69098,40.60095],[-3.69154,40.59827],[-3.69446,40.59336],[-3.69461,40.59274],[-3.6963,40.58991],[-3.70177,40.58708],[-3.70254,40.5866],[-3.70354,40.58588],[-3.70674,40.58446],[-3.71098,40.58278],[-3.71498,40.58678],[-3.71887,40.58925],[-3.72252,40.59589],[-3.71861,40.59647],[-3.727,40.59833],[-3.73484,40.60605],[-3.73895,40.61171],[-3.73949,40.61147],[-3.73995,40.61084],[-3.74211,40.61101],[-3.7429,40.6106],[-3.7439,40.60934],[-3.74467,40.61015],[-3.74851,40.61119],[-3.75012,40.61125],[-3.75238,40.61096],[-3.75642,40.61229],[-3.75723,40.61162],[-3.7572,40.61078],[-3.7579,40.6105],[-3.76565,40.61327],[-3.76682,40.61314],[-3.76781,40.61294],[-3.7686,40.61263],[-3.76898,40.61175],[-3.77005,40.61111],[-3.77154,40.61246],[-3.77205,40.61628],[-3.77381,40.61706],[-3.77679,40.61769],[-3.77976,40.61837],[-3.78032,40.61781],[-3.78104,40.61787],[-3.783,40.61991],[-3.78329,40.62062],[-3.78258,40.62196],[-3.78486,40.62181],[-3.78873,40.62054],[-3.79147,40.61892],[-3.79458,40.61485],[-3.80463,40.61272],[-3.80639,40.61302],[-3.80908,40.6125],[-3.81255,40.61194],[-3.81286,40.61029],[-3.81284,40.60779],[-3.80596,40.59964],[-3.8146,40.59488],[-3.8265,40.59468],[-3.8363,40.59152],[-3.84151,40.59238],[-3.85865,40.58807],[-3.86811,40.59237],[-3.87416,40.59124],[-3.88367,40.58551],[-3.88393,40.58361],[-3.88355,40.57894],[-3.88491,40.57455],[-3.88834,40.57115],[-3.88692,40.5664],[-3.88384,40.56408],[-3.88455,40.56141],[-3.87397,40.55758],[-3.87044,40.54974],[-3.86325,40.53482],[-3.85373,40.52492],[-3.8535,40.52007],[-3.85155,40.51732],[-3.85371,40.51244],[-3.85207,40.50992],[-3.83651,40.50639],[-3.83948,40.49951],[-3.83418,40.49397],[-3.83316,40.48573],[-3.83638,40.48063],[-3.83656,40.47977],[-3.82734,40.47712],[-3.81248,40.47292],[-3.80419,40.47046],[-3.79838,40.46967],[-3.79603,40.46991],[-3.79244,40.47096],[-3.79073,40.47185],[-3.78589,40.47326],[-3.78343,40.47389],[-3.78125,40.47439],[-3.77915,40.47452],[-3.77688,40.47452],[-3.77145,40.47437],[-3.76843,40.47403],[-3.76496,40.47315],[-3.76262,40.47268],[-3.76061,40.47281],[-3.7594,40.47323],[-3.75809,40.47373],[-3.75783,40.47657],[-3.75766,40.47836],[-3.75149,40.47889],[-3.75088,40.47859],[-3.74857,40.47848],[-3.7477,40.47837],[-3.74668,40.47794],[-3.74619,40.47824],[-3.74222,40.48078],[-3.74465,40.48232],[-3.74508,40.4828],[-3.74559,40.48362],[-3.74442,40.48548],[-3.74333,40.48665],[-3.74228,40.48846],[-3.73931,40.49112],[-3.73787,40.49414],[-3.73626,40.49744],[-3.73454,40.50197]]]]}},
{"type":"Feature","properties":{"location_id":"0-EU-ES-28-07-001-079-09-003","name":"Ciudad Universitaria","city":"Madrid"},"geometry":{"type":"MultiPolygon","coordinates":[[[[-3.72852,40.4725],[-3.72873,40.47275],[-3.73075,40.47259],[-3.73378,40.47272],[-3.73565,40.4731],[-3.74061,40.47425],[-3.74174,40.47434],[-3.74744,40.47442],[-3.74824,40.47442],[-3.74862,40.4744],[-3.74972,40.47481],[-3.75114,40.47581],[-3.75158,40.47886],[-3.75761,40.47829],[-3.75778,40.47639],[-3.75804,40.47368],[-3.76055,40.47274],[-3.76266,40.47264],[-3.76556,40.47326],[-3.76484,40.47142],[-3.76416,40.46966],[-3.76331,40.46719],[-3.76257,40.46507],[-3.76201,40.46342],[-3.76271,40.46121],[-3.76221,40.46115],[-3.7625,40.46014],[-3.76028,40.45727],[-3.75911,40.45548],[-3.75834,40.45414],[-3.75733,40.45325],[-3.75726,40.45121],[-3.76029,40.44998],[-3.76059,40.4497],[-3.76097,40.4496],[-3.76123,40.44968],[-3.76157,40.44976],[-3.76199,40.44977],[-3.76226,40.44971],[-3.76281,40.4495],[-3.75951,40.44787],[-3.75527,40.44604],[-3.75257,40.44491],[-3.75001,40.4437],[-3.74875,40.44302],[-3.74663,40.44143],[-3.74574,40.44078],[-3.74193,40.43795],[-3.73986,40.43547],[-3.73911,40.43489],[-3.738,40.43445],[-3.73444,40.43419],[-3.73335,40.43436],[-3.72645,40.43604],[-3.72313,40.43749],[-3.72161,40.4366],[-3.71933,40.43554],[-3.71929,40.4356],[-3.71897,40.43562],[-3.71828,40.43552],[-3.71811,40.43645],[-3.71801,40.43711],[-3.71786,40.4379],[-3.71767,40.43902],[-3.71761,40.43923],[-3.71759,40.43943],[-3.71771,40.44003],[-3.71839,40.4413],[-3.71914,40.44271],[-3.71957,40.44345],[-3.71981,40.44373],[-3.71998,40.44493],[-3.71984,40.44515],[-3.71965,40.4453],[-3.71951,40.44547],[-3.71825,40.4467],[-3.71806,40.44671],[-3.71746,40.4467],[-3.71698,40.44657],[-3.71614,40.44626],[-3.71481,40.4458],[-3.71445,40.44579],[-3.71247,40.44627],[-3.71064,40.44673],[-3.70934,40.44708],[-3.70894,40.44713],[-3.70847,40.44717],[-3.70871,40.44758],[-3.70928,40.4485],[-3.7098,40.44929],[-3.71078,40.45076],[-3.71167,40.45221],[-3.71211,40.45245],[-3.7133,40.45309],[-3.71269,40.45393],[-3.71298,40.45449],[-3.71309,40.45475],[-3.71316,40.45494],[-3.71306,40.45529],[-3.71245,40.45611],[-3.71165,40.45722],[-3.71143,40.45749],[-3.71144,40.45756],[-3.71226,40.45764],[-3.71377,40.458],[-3.71825,40.45938],[-3.71871,40.45952],[-3.71893,40.45958],[-3.71925,40.45973],[-3.71941,40.45982],[-3.71954,40.45997],[-3.71956,40.46026],[-3.71943,40.46058],[-3.71897,40.46115],[-3.71896,40.46139],[-3.71959,40.46232],[-3.72004,40.46284],[-3.72031,40.46296],[-3.72074,40.46323],[-3.72097,40.4634],[-3.72114,40.46372],[-3.7213,40.46382],[-3.72161,40.46393],[-3.72216,40.46401],[-3.72238,40.46408],[-3.72372,40.46452],[-3.7238,40.46526],[-3.72391,40.46592],[-3.72441,40.4678],[-3.72446,40.46787],[-3.72511,40.46848],[-3.72704,40.47076],[-3.72809,40.47193],[-3.72852,40.4725]]]]}},
{"type":"Feature","properties":{"location_id":"0-EU-ES-28-07-001-079-09-004","name":"Valdezarza","city":"Madrid"},"geometry":{"type":"MultiPolygon","coordinates":[[[[-3.71144,40.45756],[-3.71066,40.45871],[-3.70908,40.4611],[-3.70837,40.46227],[-3.70876,40.46292],[-3.70916,40.46355],[-3.70922,40.46379],[-3.70924,40.46394],[-3.70924,40.46404],[-3.70922,40.46412],[-3.70929,40.46424],[-3.70943,40.46442],[-3.71012,40.46518],[-3.71034,40.4655],[-3.71048,40.46571],[-3.7114,40.46657],[-3.71236,40.46763],[-3.71325,40.46858],[-3.71442,40.46967],[-3.71706,40.47036],[-3.72056,40.47127],[-3.72237,40.47175],[-3.72354,40.47207],[-3.72538,40.47257],[-3.72616,40.47268],[-3.72736,40.47249],[-3.72783,40.47251],[-3.72851,40.47279],[-3.72873,40.47276],[-3.7285,40.4725],[-3.72809,40.47194],[-3.72724,40.47099],[-3.72635,40.46996],[-3.72511,40.46848],[-3.72446,40.46787],[-3.72441,40.4678],[-3.72391,40.46593],[-3.7238,40.46525],[-3.72371,40.46452],[-3.72216,40.46401],[-3.72161,40.46393],[-3.7213,40.46382],[-3.72114,40.46372],[-3.72097,40.4634],[-3.72075,40.46324],[-3.72032,40.46297],[-3.72005,40.46284],[-3.71985,40.46263],[-3.71956,40.46229],[-3.71897,40.4614],[-3.71896,40.46116],[-3.71942,40.46059],[-3.71955,40.46025],[-3.71953,40.45998],[-3.71942,40.45983],[-3.71925,40.45974],[-3.71893,40.45959],[-3.71482,40.45834],[-3.71373,40.45799],[-3.71227,40.45764],[-3.71144,40.45756]]]]}},
{"type":"Feature","properties":{"location_id":"0-EU-ES-28-07-001-079-11-006","name":"Buena Vista","city":"Madrid"},"geometry":{"type":"MultiPolygon","coordinates":[[[[-3.75581,40.37843],[-3.75667,40.3782],[-3.75747,40.37702],[-3.75787,40.37622],[-3.75797,40.3755],[-3.76185,40.37447],[-3.76193,40.37446],[-3.76224,40.37265],[-3.76229,40.37265],[-3.76236,40.37221],[-3.76272,40.37017],[-3.76284,40.36942],[-3.76286,40.36894],[-3.76282,40.3687],[-3.76239,40.36792],[-3.76179,40.36682],[-3.76021,40.36648],[-3.75938,40.36631],[-3.75747,40.36592],[-3.75745,40.36577],[-3.75576,40.3657],[-3.75499,40.36565],[-3.75518,40.36364],[-3.75366,40.36361],[-3.7536,40.36432],[-3.75369,40.36465],[-3.75276,40.36492],[-3.75053,40.36473],[-3.75047,40.36508],[-3.75001,40.36532],[-3.74876,40.36525],[-3.74769,40.36516],[-3.74709,40.36512],[-3.74682,40.36514],[-3.74665,40.36521],[-3.74646,40.36533],[-3.74637,40.36549],[-3.74632,40.36603],[-3.74627,40.36662],[-3.74626,40.36675],[-3.74609,40.36696],[-3.7457,40.36727],[-3.74534,40.36745],[-3.74494,40.3675],[-3.74357,40.36737],[-3.74318,40.36745],[-3.74281,40.36763],[-3.7424,40.36784],[-3.74133,40.36783],[-3.74216,40.36838],[-3.74344,40.36921],[-3.74445,40.36968],[-3.74369,40.37043],[-3.74326,40.37075],[-3.74237,40.37158],[-3.7421,40.37198],[-3.74203,40.3722],[-3.74196,40.37257],[-3.74197,40.37274],[-3.74201,40.373],[-3.74207,40.37324],[-3.74315,40.37323],[-3.74321,40.37298],[-3.74407,40.37286],[-3.74542,40.37293],[-3.74642,40.37286],[-3.7469,40.3729],[-3.74716,40.37298],[-3.74769,40.37324],[-3.74838,40.37344],[-3.74888,40.37359],[-3.74912,40.37367],[-3.74954,40.37391],[-3.74977,40.37414],[-3.75034,40.37413],[-3.75022,40.37476],[-3.75035,40.37492],[-3.75083,40.37556],[-3.75078,40.37577],[-3.7501,40.3764],[-3.75208,40.37675],[-3.75324,40.37697],[-3.75384,40.37713],[-3.75511,40.37776],[-3.75561,40.37814],[-3.75581,40.37843]]]]}},
{"type":"Feature","properties":{"location_id":"0-EU-ES-28-07-001-079-12-004","name":"Almendrales","city":"Madrid"},"geometry":{"type":"MultiPolygon","coordinates":[[[[-3.70574,40.38583],[-3.70529,40.38323],[-3.70475,40.38014],[-3.70308,40.38109],[-3.70033,40.37829],[-3.69989,40.37859],[-3.6958,40.38032],[-3.69213,40.38411],[-3.69769,40.3887],[-3.69808,40.38912],[-3.69868,40.38874],[-3.69914,40.38839],[-3.69943,40.38814],[-3.69972,40.38799],[-3.70239,40.38624],[-3.70368,40.38608],[-3.70574,40.38583]]]]}},
{"type":"Feature","properties":{"location_id":"0-EU-ES-28-07-001-079-12-001","name":"Orcasitas","city":"Madrid"},"geometry":{"type":"MultiPolygon","coordinates":[[[[-3.7183,40.36466],[-3.71653,40.36451],[-3.71423,40.36427],[-3.71135,40.36406],[-3.70696,40.36375],[-3.70515,40.36365],[-3.70379,40.36836],[-3.70344,40.37112],[-3.7038,40.37115],[-3.70442,40.37121],[-3.7097,40.37265],[-3.71221,40.37328],[-3.71427,40.37374],[-3.7153,40.37378],[-3.71704,40.37381],[-3.71969,40.37381],[-3.72023,40.36933],[-3.72072,40.36478],[-3.72053,40.36478],[-3.7183,40.36466]]]]}},
{"type":"Feature","properties":{"location_id":"0-EU-ES-28-07-001-079-13-005","name":"Portazgo","city":"Madrid"},"geometry":{"type":"MultiPolygon","coordinates":[[[[-3.65402,40.39231],[-3.65417,40.39158],[-3.65397,40.39157],[-3.65372,40.39134],[-3.65292,40.38924],[-3.65306,40.38669],[-3.65306,40.38638],[-3.65307,40.38401],[-3.65286,40.3814],[-3.65193,40.38157],[-3.65097,40.38185],[-3.65046,40.38205],[-3.64994,40.38229],[-3.64893,40.38292],[-3.64845,40.38334],[-3.64831,40.38349],[-3.64781,40.384],[-3.64388,40.38908],[-3.64043,40.39378],[-3.63998,40.39475],[-3.64286,40.39553],[-3.64478,40.39654],[-3.64715,40.39848],[-3.64825,40.3977],[-3.65169,40.39542],[-3.65282,40.3945],[-3.65354,40.39374],[-3.65377,40.39335],[-3.65402,40.39231]]]]}},
{"type":"Feature","properties":{"location_id":"0-EU-ES-28-07-001-079-14-001","name":"Pavones","city":"Madrid"},"geometry":{"type":"MultiPolygon","coordinates":[[[[-3.63433,40.40374],[-3.63436,40.40368],[-3.63612,40.40097],[-3.63956,40.39587],[-3.63998,40.39475],[-3.62972,40.39253],[-3.62858,40.39451],[-3.62752,40.39692],[-3.62602,40.40201],[-3.62553,40.40302],[-3.62523,40.40363],[-3.62553,40.40373],[-3.62589,40.40384],[-3.62622,40.40395],[-3.62664,40.40418],[-3.62703,40.40439],[-3.62782,40.40382],[-3.62821,40.40384],[-3.63433,40.40374]]]]}},
{"type":"Feature","properties":{"location_id":"0-EU-ES-28-07-001-079-14-002","name":"Horcajo","city":"Madrid"},"geometry":{"type":"MultiPolygon","coordinates":[[[[-3.62631,40.41383],[-3.62761,40.41431],[-3.62789,40.41381],[-3.62865,40.41241],[-3.62981,40.41028],[-3.63108,40.40795],[-3.63139,40.40744],[-3.63335,40.40507],[-3.63433,40.40374],[-3.63318,40.40376],[-3.62821,40.40384],[-3.62782,40.40382],[-3.62703,40.40439],[-3.62668,40.4042],[-3.62622,40.40395],[-3.62523,40.40363],[-3.62458,40.40489],[-3.62389,40.40619],[-3.6231,40.40763],[-3.62088,40.41207],[-3.62037,40.41305],[-3.62269,40.41313],[-3.62506,40.41347],[-3.62545,40.41354],[-3.62631,40.41383]]]]}},
{"type":"Feature","properties":{"location_id":"0-EU-ES-28-07-001-079-18-002","name":"Santa Eugenia","city":"Madrid"},"geometry":{"type":"MultiPolygon","coordinates":[[[[-3.62521,40.38312],[-3.62486,40.38203],[-3.6192,40.38338],[-3.61903,40.3829],[-3.61884,40.38265],[-3.61731,40.38139],[-3.6184,40.38082],[-3.61751,40.38087],[-3.61729,40.38011],[-3.61727,40.3795],[-3.61497,40.3794],[-3.61366,40.3793],[-3.6103,40.37866],[-3.6091,40.37822],[-3.60838,40.37789],[-3.60593,40.37686],[-3.60351,40.37595],[-3.60284,40.37616],[-3.60255,40.37624],[-3.60215,40.37626],[-3.6019,40.37628],[-3.60157,40.37635],[-3.60118,40.37648],[-3.60073,40.37672],[-3.6009,40.3771],[-3.59979,40.3776],[-3.59928,40.37846],[-3.59882,40.37901],[-3.59787,40.3796],[-3.59927,40.38201],[-3.59965,40.38237],[-3.60048,40.38245],[-3.60091,40.38273],[-3.6013,40.38311],[-3.60186,40.38592],[-3.60249,40.38638],[-3.60319,40.38672],[-3.60388,40.38681],[-3.60611,40.386],[-3.60804,40.38732],[-3.60897,40.38776],[-3.61069,40.3884],[-3.61326,40.38898],[-3.61745,40.38986],[-3.62187,40.39081],[-3.62389,40.38595],[-3.62451,40.38448],[-3.62503,40.38383],[-3.62533,40.38346],[-3.62521,40.38312]]]]}},
{"type":"Feature","properties":{"location_id":"0-EU-ES-28-07-001-079-18-003","name":"Ensanche de Vallecas - La Gavia","city":"Madrid"},"geometry":{"type":"MultiPolygon","coordinates":[[[[-3.61362,40.37927],[-3.61497,40.37581],[-3.61569,40.37407],[-3.61573,40.3734],[-3.61558,40.3726],[-3.6153,40.37202],[-3.61437,40.37108],[-3.61545,40.3706],[-3.61745,40.36963],[-3.61889,40.36945],[-3.61977,40.36923],[-3.62096,40.36914],[-3.62378,40.36868],[-3.62508,40.37145],[-3.62532,40.37183],[-3.62575,40.37226],[-3.6249,40.37296],[-3.62418,40.37348],[-3.62587,40.37486],[-3.62471,40.37593],[-3.62516,40.37611],[-3.62555,40.37643],[-3.62665,40.37737],[-3.62781,40.37727],[-3.62968,40.37719],[-3.63016,40.37724],[-3.62766,40.37925],[-3.62879,40.37948],[-3.62998,40.37958],[-3.63267,40.3798],[-3.63292,40.38014],[-3.63806,40.37892],[-3.64198,40.37804],[-3.64978,40.37623],[-3.6526,40.37603],[-3.6534,40.37337],[-3.65395,40.37205],[-3.65413,40.37157],[-3.65456,40.37054],[-3.6553,40.36982],[-3.65709,40.36884],[-3.66265,40.36503],[-3.66649,40.36313],[-3.6694,40.36171],[-3.67431,40.36088],[-3.67708,40.36061],[-3.67888,40.36061],[-3.68013,40.36073],[-3.68181,40.36118],[-3.68007,40.35882],[-3.6774,40.35718],[-3.67679,40.35529],[-3.67639,40.35412],[-3.67396,40.35307],[-3.67367,40.3519],[-3.67324,40.35085],[-3.67244,40.35011],[-3.66988,40.3495],[-3.66907,40.34795],[-3.66909,40.347],[-3.66925,40.3464],[-3.66954,40.34521],[-3.66472,40.34398],[-3.66347,40.34182],[-3.66321,40.33961],[-3.6617,40.33796],[-3.66087,40.33569],[-3.65883,40.33375],[-3.65868,40.33271],[-3.65791,40.33098],[-3.65742,40.32928],[-3.653,40.33124],[-3.64893,40.33336],[-3.64251,40.32888],[-3.63672,40.32541],[-3.63321,40.32281],[-3.62646,40.32037],[-3.62066,40.31923],[-3.61534,40.31818],[-3.61072,40.3144],[-3.59935,40.3122],[-3.59724,40.31219],[-3.57612,40.31514],[-3.58331,40.31831],[-3.58506,40.32042],[-3.58255,40.32426],[-3.57159,40.33248],[-3.56562,40.34412],[-3.55335,40.35542],[-3.55473,40.35711],[-3.55645,40.35774],[-3.55844,40.35836],[-3.56231,40.35946],[-3.5657,40.36018],[-3.5699,40.36135],[-3.57205,40.3628],[-3.57664,40.36593],[-3.57819,40.36669],[-3.57987,40.36697],[-3.58446,40.36727],[-3.58574,40.36788],[-3.5866,40.3683],[-3.59102,40.37061],[-3.59179,40.37098],[-3.59519,40.37257],[-3.5985,40.37436],[-3.59945,40.37485],[-3.60025,40.37578],[-3.60071,40.3767],[-3.60116,40.37648],[-3.60154,40.37633],[-3.60188,40.37626],[-3.60205,40.37626],[-3.60256,40.37623],[-3.60351,40.37591],[-3.60581,40.3768],[-3.60679,40.37719],[-3.6091,40.37819],[-3.61031,40.37864],[-3.61362,40.37927]]]]}},
{"type":"Feature","properties":{"location_id":"0-EU-ES-28-07-001-079-19-002","name":"Ambroz","city":"Madrid"},"geometry":{"type":"MultiPolygon","coordinates":[[[[-3.6239,40.40619],[-3.61884,40.4057],[-3.61711,40.40564],[-3.61562,40.405],[-3.61497,40.40479],[-3.61034,40.40418],[-3.60998,40.40413],[-3.60915,40.40358],[-3.60898,40.40371],[-3.60923,40.40604],[-3.608,40.40614],[-3.60505,40.40609],[-3.60515,40.40581],[-3.60364,40.40573],[-3.60194,40.40505],[-3.59851,40.40354],[-3.59765,40.40461],[-3.59555,40.40372],[-3.59505,40.40353],[-3.59477,40.40335],[-3.59362,40.40232],[-3.59094,40.40415],[-3.58848,40.40563],[-3.58699,40.40783],[-3.58815,40.40837],[-3.59286,40.40983],[-3.60117,40.41164],[-3.60744,40.41254],[-3.61033,40.41325],[-3.61073,40.4179],[-3.61754,40.41561],[-3.61908,40.41486],[-3.61958,40.41432],[-3.62031,40.41315],[-3.62164,40.41055],[-3.62286,40.40808],[-3.6239,40.40619]]]]}},
{"type":"Feature","properties":{"location_id":"0-EU-ES-28-07-001-079-19-004","name":"El Ca\u00f1averal - Los Berrocales","city":"Madrid"},"geometry":{"type":"MultiPolygon","coordinates":[[[[-3.60856,40.38763],[-3.60796,40.38736],[-3.60608,40.38605],[-3.60388,40.38685],[-3.60322,40.38675],[-3.60249,40.38643],[-3.60183,40.38592],[-3.60126,40.38313],[-3.60087,40.38273],[-3.60053,40.38249],[-3.59969,40.38242],[-3.59919,40.382],[-3.59784,40.3796],[-3.59881,40.379],[-3.59976,40.37756],[-3.60087,40.37709],[-3.6002,40.37579],[-3.59943,40.37486],[-3.591,40.37065],[-3.58581,40.36795],[-3.58446,40.36735],[-3.58331,40.36726],[-3.57952,40.36704],[-3.57803,40.36673],[-3.57666,40.36607],[-3.57195,40.36283],[-3.56987,40.3614],[-3.56757,40.36074],[-3.56486,40.36005],[-3.56165,40.35936],[-3.55749,40.35811],[-3.55471,40.35713],[-3.55334,40.35542],[-3.55268,40.36154],[-3.55545,40.35936],[-3.55584,40.36027],[-3.55607,40.36201],[-3.55596,40.36261],[-3.55535,40.36388],[-3.55472,40.36447],[-3.55354,40.36487],[-3.55205,40.36628],[-3.5515,40.36794],[-3.55121,40.3702],[-3.55122,40.37318],[-3.55083,40.37467],[-3.55003,40.37609],[-3.54899,40.37657],[-3.54859,40.3771],[-3.54879,40.37756],[-3.54919,40.37931],[-3.54895,40.3802],[-3.5426,40.39326],[-3.53664,40.39124],[-3.53269,40.39173],[-3.52945,40.38949],[-3.52078,40.39208],[-3.51922,40.39796],[-3.51842,40.4],[-3.51787,40.40245],[-3.5181,40.40333],[-3.51876,40.40454],[-3.51908,40.40547],[-3.51918,40.40729],[-3.51897,40.409],[-3.52071,40.41157],[-3.52164,40.41321],[-3.52246,40.41392],[-3.52424,40.41507],[-3.52518,40.41639],[-3.52636,40.41679],[-3.53118,40.41991],[-3.53071,40.41784],[-3.53051,40.41472],[-3.53344,40.41409],[-3.53746,40.41177],[-3.53918,40.41111],[-3.54313,40.41137],[-3.54522,40.41108],[-3.54802,40.41189],[-3.549,40.41204],[-3.54925,40.41237],[-3.54938,40.41237],[-3.55131,40.41203],[-3.55202,40.41197],[-3.55561,40.41217],[-3.55808,40.41295],[-3.56139,40.41345],[-3.56454,40.41362],[-3.56628,40.41337],[-3.56845,40.41295],[-3.57033,40.41209],[-3.57303,40.41182],[-3.57774,40.41364],[-3.57886,40.41641],[-3.57957,40.41743],[-3.57837,40.41958],[-3.5769,40.42256],[-3.57654,40.42432],[-3.57796,40.425],[-3.58162,40.42068],[-3.583,40.41792],[-3.58311,40.41606],[-3.58407,40.41418],[-3.58594,40.41155],[-3.58752,40.40933],[-3.58815,40.40839],[-3.58698,40.40783],[-3.58847,40.40561],[-3.59094,40.40414],[-3.59198,40.40342],[-3.59317,40.40262],[-3.59361,40.40233],[-3.59472,40.40165],[-3.59688,40.40031],[-3.59888,40.39908],[-3.60174,40.39729],[-3.6027,40.39656],[-3.60365,40.39564],[-3.6049,40.39363],[-3.60587,40.39178],[-3.60702,40.38962],[-3.60778,40.38864],[-3.60856,40.38763]]]]}},
{"type":"Feature","properties":{"location_id":"0-EU-ES-28-07-001-079-04-006","name":"Castellana","city":"Madrid"},"geometry":{"type":"MultiPolygon","coordinates":[[[[-3.67957,40.43263],[-3.67913,40.43749],[-3.6822,40.43763],[-3.6847,40.43774],[-3.68786,40.43788],[-3.68948,40.43796],[-3.6907,40.43802],[-3.68881,40.4352],[-3.68842,40.43304],[-3.68936,40.42941],[-3.6852,40.42917],[-3.67987,40.4289],[-3.67957,40.43263]]]]}},
{"type":"Feature","properties":{"location_id":"0-EU-ES-28-07-001-079-05-004","name":"Bernab\u00e9u-Hispanoam\u00e9rica","city":"Madrid"},"geometry":{"type":"MultiPolygon","coordinates":[[[[-3.68296,40.45858],[-3.68405,40.45867],[-3.686,40.4588],[-3.68887,40.45899],[-3.68914,40.45899],[-3.68996,40.45905],[-3.69009,40.45785],[-3.69036,40.45479],[-3.69044,40.45406],[-3.69053,40.45302],[-3.69063,40.45205],[-3.6897,40.452],[-3.68934,40.45197],[-3.68904,40.45194],[-3.68891,40.45199],[-3.68862,40.45199],[-3.68772,40.45193],[-3.68688,40.45189],[-3.68625,40.45187],[-3.68239,40.4517],[-3.68147,40.45168],[-3.67759,40.45163],[-3.67529,40.45163],[-3.67482,40.45164],[-3.67441,40.45163],[-3.67416,40.45164],[-3.67376,40.45165],[-3.67338,40.45173],[-3.6729,40.45183],[-3.67027,40.45244],[-3.66965,40.45247],[-3.66872,40.45245],[-3.66802,40.45239],[-3.66742,40.45234],[-3.66702,40.45232],[-3.66683,40.4523],[-3.66604,40.45241],[-3.66553,40.45248],[-3.66317,40.45313],[-3.66345,40.45519],[-3.6639,40.45695],[-3.66441,40.4585],[-3.66469,40.45931],[-3.66503,40.45998],[-3.66542,40.45986],[-3.66707,40.45941],[-3.66823,40.45908],[-3.66898,40.45888],[-3.6705,40.45853],[-3.67093,40.45848],[-3.67187,40.45847],[-3.67498,40.4585],[-3.6761,40.45855],[-3.67681,40.45863],[-3.6819,40.45856],[-3.68237,40.45855],[-3.68296,40.45858]]]]}},
{"type":"Feature","properties":{"location_id":"0-EU-ES-28-07-001-079-05-005","name":"Nueva Espa\u00f1a","city":"Madrid"},"geometry":{"type":"MultiPolygon","coordinates":[[[[-3.68679,40.46652],[-3.68809,40.46626],[-3.68935,40.46603],[-3.68937,40.46569],[-3.6894,40.46503],[-3.68991,40.45969],[-3.68998,40.45906],[-3.68911,40.459],[-3.68888,40.459],[-3.68249,40.45857],[-3.6768,40.45864],[-3.67614,40.45856],[-3.67541,40.45853],[-3.67444,40.4585],[-3.67193,40.45848],[-3.67093,40.45849],[-3.6705,40.45855],[-3.67009,40.45864],[-3.66869,40.45896],[-3.66795,40.45916],[-3.66597,40.45972],[-3.66505,40.45998],[-3.66534,40.46055],[-3.66631,40.46255],[-3.66791,40.46566],[-3.66864,40.46665],[-3.67126,40.46619],[-3.67189,40.46622],[-3.67382,40.46695],[-3.67442,40.46714],[-3.67607,40.46762],[-3.67707,40.46777],[-3.67818,40.4675],[-3.67897,40.46749],[-3.67923,40.46761],[-3.68297,40.46732],[-3.68594,40.46671],[-3.68679,40.46652]]]]}},
{"type":"Feature","properties":{"location_id":"0-EU-ES-28-07-001-079-06-001","name":"Bellas Vistas","city":"Madrid"},"geometry":{"type":"MultiPolygon","coordinates":[[[[-3.70299,40.45337],[-3.70286,40.454],[-3.70318,40.45428],[-3.7043,40.45569],[-3.70497,40.45652],[-3.70771,40.45664],[-3.70819,40.45667],[-3.7098,40.45716],[-3.71049,40.4576],[-3.71086,40.4576],[-3.71144,40.45748],[-3.7117,40.45715],[-3.71217,40.45648],[-3.71306,40.45529],[-3.71315,40.45494],[-3.713,40.45455],[-3.71269,40.45394],[-3.7133,40.45309],[-3.71199,40.45238],[-3.71166,40.45221],[-3.71143,40.45183],[-3.71093,40.45103],[-3.71038,40.45015],[-3.71002,40.44963],[-3.70928,40.44851],[-3.70878,40.44772],[-3.70863,40.44745],[-3.70856,40.44733],[-3.70847,40.44718],[-3.7075,40.44712],[-3.70548,40.44703],[-3.704,40.44692],[-3.70393,40.44745],[-3.70386,40.44789],[-3.70365,40.44928],[-3.70353,40.45003],[-3.70331,40.45159],[-3.70322,40.45227],[-3.70319,40.45242],[-3.70299,40.45337]]]]}},
{"type":"Feature","properties":{"location_id":"0-EU-ES-28-07-001-079-06-006","name":"Berruguete","city":"Madrid"},"geometry":{"type":"MultiPolygon","coordinates":[[[[-3.70225,40.46269],[-3.70277,40.46296],[-3.70366,40.46344],[-3.70472,40.46384],[-3.70532,40.464],[-3.70553,40.46371],[-3.7057,40.46359],[-3.7063,40.46364],[-3.70656,40.46381],[-3.70721,40.46344],[-3.70732,40.46339],[-3.7081,40.46248],[-3.70837,40.46227],[-3.70875,40.46163],[-3.70902,40.4612],[-3.70952,40.46042],[-3.70966,40.46022],[-3.71056,40.45885],[-3.71069,40.45867],[-3.71143,40.45757],[-3.71143,40.45749],[-3.71086,40.4576],[-3.71048,40.4576],[-3.7098,40.45716],[-3.7086,40.4568],[-3.70819,40.45668],[-3.70772,40.45664],[-3.70648,40.45659],[-3.7061,40.45657],[-3.70496,40.45653],[-3.70429,40.4557],[-3.70318,40.45428],[-3.70286,40.454],[-3.70281,40.45436],[-3.70276,40.45464],[-3.70271,40.45494],[-3.70253,40.45544],[-3.70228,40.45606],[-3.70196,40.4567],[-3.70185,40.45694],[-3.7015,40.4575],[-3.70106,40.45809],[-3.70065,40.45855],[-3.70028,40.45888],[-3.69982,40.45927],[-3.69934,40.4597],[-3.69894,40.46008],[-3.69877,40.46024],[-3.69859,40.46044],[-3.69848,40.46063],[-3.69841,40.46072],[-3.69848,40.46075],[-3.69949,40.46129],[-3.70007,40.46159],[-3.70097,40.46205],[-3.70225,40.46269]]]]}},
{"type":"Feature","properties":{"location_id":"0-EU-ES-28-07-001-079-07-005","name":"Nuevos Ministerios-R\u00edos Rosas","city":"Madrid"},"geometry":{"type":"MultiPolygon","coordinates":[[[[-3.70035,40.43848],[-3.70024,40.43848],[-3.69861,40.43841],[-3.69643,40.4383],[-3.69557,40.43826],[-3.69454,40.43821],[-3.69294,40.43814],[-3.69272,40.43812],[-3.69247,40.43811],[-3.69161,40.43807],[-3.6907,40.43801],[-3.69082,40.43835],[-3.69107,40.43905],[-3.69134,40.43997],[-3.69168,40.44078],[-3.69164,40.44129],[-3.69145,40.44307],[-3.69141,40.44356],[-3.69127,40.4452],[-3.69119,40.44621],[-3.6938,40.44633],[-3.69539,40.44641],[-3.69656,40.44646],[-3.69946,40.44662],[-3.70286,40.44684],[-3.70398,40.44691],[-3.70396,40.44653],[-3.70401,40.44562],[-3.70406,40.44434],[-3.70409,40.44355],[-3.7041,40.44324],[-3.70411,40.44301],[-3.70413,40.44237],[-3.70416,40.44093],[-3.70423,40.43908],[-3.70424,40.43865],[-3.70295,40.4386],[-3.7009,40.4385],[-3.70035,40.43848]]]]}},
{"type":"Feature","properties":{"location_id":"0-EU-ES-28-07-001-079-08-005","name":"La Paz","city":"Madrid"},"geometry":{"type":"MultiPolygon","coordinates":[[[[-3.6871,40.47472],[-3.68654,40.47691],[-3.68573,40.48014],[-3.68556,40.48087],[-3.6854,40.48201],[-3.68526,40.48223],[-3.68651,40.48265],[-3.68685,40.48278],[-3.68926,40.48376],[-3.69097,40.48444],[-3.69335,40.48539],[-3.6942,40.48572],[-3.69456,40.48586],[-3.69582,40.48647],[-3.6971,40.48742],[-3.69748,40.48799],[-3.69804,40.48924],[-3.69822,40.49011],[-3.69963,40.48967],[-3.70107,40.48921],[-3.70171,40.48888],[-3.70243,40.48841],[-3.7033,40.48792],[-3.70402,40.48765],[-3.70494,40.48745],[-3.70666,40.48697],[-3.70751,40.48673],[-3.70832,40.48637],[-3.70925,40.48568],[-3.70845,40.48504],[-3.7074,40.48432],[-3.7067,40.48382],[-3.70615,40.48339],[-3.70586,40.48311],[-3.70531,40.48229],[-3.70503,40.48153],[-3.70437,40.47973],[-3.70258,40.47472],[-3.70212,40.47379],[-3.70169,40.47418],[-3.70119,40.47463],[-3.70062,40.47487],[-3.70015,40.47498],[-3.69935,40.47499],[-3.69874,40.47486],[-3.69844,40.47471],[-3.69787,40.47456],[-3.69714,40.47456],[-3.6964,40.47478],[-3.69571,40.4748],[-3.69537,40.47473],[-3.69482,40.47462],[-3.69419,40.47456],[-3.69385,40.47458],[-3.69304,40.4747],[-3.69252,40.47476],[-3.69198,40.47467],[-3.69163,40.47459],[-3.69133,40.47452],[-3.69089,40.47448],[-3.69018,40.47459],[-3.68939,40.47476],[-3.68914,40.47459],[-3.68872,40.47441],[-3.68724,40.47416],[-3.6871,40.47472]]]]}},
{"type":"Feature","properties":{"location_id":"0-EU-ES-28-07-001-079-08-008","name":"Montecarmelo","city":"Madrid"},"geometry":{"type":"MultiPolygon","coordinates":[[[[-3.72796,40.49412],[-3.72335,40.498],[-3.72106,40.50111],[-3.71919,40.50245],[-3.71585,40.50406],[-3.71382,40.50332],[-3.71316,40.50322],[-3.71463,40.50066],[-3.71266,40.49994],[-3.7105,40.5001],[-3.70808,40.50098],[-3.70708,40.50129],[-3.70709,40.50042],[-3.70626,40.50042],[-3.70536,40.50028],[-3.70427,40.4999],[-3.70325,40.49929],[-3.70067,40.4975],[-3.69963,40.49862],[-3.69909,40.49906],[-3.69742,40.50018],[-3.69618,40.50158],[-3.69412,40.50413],[-3.6906,40.50832],[-3.68818,40.50751],[-3.68554,40.50491],[-3.6851,40.51138],[-3.68427,40.51179],[-3.68342,40.51223],[-3.68289,40.51238],[-3.67755,40.51365],[-3.67563,40.51411],[-3.67488,40.5144],[-3.67075,40.51614],[-3.6688,40.517],[-3.66627,40.51872],[-3.66512,40.51917],[-3.66353,40.51978],[-3.66567,40.52305],[-3.66692,40.52501],[-3.6724,40.52464],[-3.67494,40.52558],[-3.678,40.5267],[-3.66961,40.53469],[-3.67782,40.54297],[-3.68033,40.55457],[-3.68909,40.57047],[-3.69086,40.57048],[-3.70048,40.57868],[-3.7157,40.56961],[-3.7157,40.56323],[-3.71129,40.54851],[-3.70492,40.53975],[-3.71206,40.53271],[-3.72761,40.52706],[-3.73007,40.52286],[-3.73253,40.52299],[-3.73844,40.51417],[-3.74188,40.5091],[-3.73459,40.50675],[-3.73286,40.50632],[-3.73212,40.50383],[-3.73446,40.50201],[-3.73678,40.49606],[-3.73826,40.49323],[-3.73727,40.49307],[-3.73516,40.493],[-3.73411,40.49271],[-3.7314,40.49274],[-3.73025,40.4929],[-3.7295,40.49314],[-3.72905,40.49337],[-3.72796,40.49412]]]]}},
{"type":"Feature","properties":{"location_id":"0-EU-ES-28-07-001-079-10-004","name":"Aluche","city":"Madrid"},"geometry":{"type":"MultiPolygon","coordinates":[[[[-3.76081,40.40288],[-3.76199,40.40137],[-3.76507,40.39902],[-3.7668,40.3976],[-3.76939,40.39559],[-3.77161,40.39385],[-3.76734,40.3903],[-3.76429,40.38773],[-3.76187,40.38565],[-3.75928,40.38368],[-3.75916,40.38418],[-3.75659,40.38379],[-3.75592,40.38368],[-3.7535,40.38354],[-3.75249,40.38371],[-3.75126,40.38422],[-3.74941,40.38542],[-3.74786,40.38641],[-3.74539,40.38787],[-3.7447,40.38794],[-3.74457,40.38849],[-3.74403,40.38958],[-3.74357,40.39038],[-3.7435,40.39049],[-3.74294,40.39123],[-3.74222,40.39199],[-3.74088,40.393],[-3.74279,40.39446],[-3.74336,40.39496],[-3.74356,40.39548],[-3.74476,40.39506],[-3.75183,40.39594],[-3.75253,40.39605],[-3.75297,40.39604],[-3.75375,40.3959],[-3.75443,40.39684],[-3.75469,40.39706],[-3.75516,40.39737],[-3.75574,40.39771],[-3.75784,40.39869],[-3.75843,40.3992],[-3.75924,40.40045],[-3.76081,40.40288]]]]}},
{"type":"Feature","properties":{"location_id":"0-EU-ES-28-07-001-079-11-003","name":"San Isidro","city":"Madrid"},"geometry":{"type":"MultiPolygon","coordinates":[[[[-3.73298,40.38898],[-3.73266,40.38885],[-3.73216,40.38865],[-3.73175,40.38849],[-3.73168,40.38849],[-3.72732,40.39145],[-3.72459,40.39296],[-3.7197,40.39567],[-3.71828,40.39647],[-3.71783,40.39672],[-3.717,40.39719],[-3.71574,40.39775],[-3.71568,40.39791],[-3.71555,40.39824],[-3.71499,40.39958],[-3.71569,40.39976],[-3.71632,40.39995],[-3.71808,40.39986],[-3.7195,40.39979],[-3.72032,40.40002],[-3.72126,40.40062],[-3.72193,40.40147],[-3.72243,40.40354],[-3.72263,40.40438],[-3.72261,40.40457],[-3.72423,40.40456],[-3.72488,40.40454],[-3.72481,40.40551],[-3.72541,40.40544],[-3.72593,40.40514],[-3.72638,40.40475],[-3.72675,40.4044],[-3.72781,40.40376],[-3.72844,40.40301],[-3.72913,40.40257],[-3.72984,40.40231],[-3.73335,40.39958],[-3.73439,40.39886],[-3.73506,40.39832],[-3.73706,40.39678],[-3.73757,40.39632],[-3.7378,40.39603],[-3.738,40.3958],[-3.73853,40.39497],[-3.73875,40.39465],[-3.73942,40.39413],[-3.74088,40.39299],[-3.74039,40.39262],[-3.74013,40.39245],[-3.73952,40.39214],[-3.73872,40.39175],[-3.73761,40.39121],[-3.73707,40.39095],[-3.73606,40.39045],[-3.73589,40.3904],[-3.73569,40.39032],[-3.73514,40.39023],[-3.73492,40.39012],[-3.7343,40.38966],[-3.73349,40.38924],[-3.73298,40.38898]]]]}},
{"type":"Feature","properties":{"location_id":"0-EU-ES-28-07-001-079-11-001","name":"Comillas","city":"Madrid"},"geometry":{"type":"MultiPolygon","coordinates":[[[[-3.71574,40.39774],[-3.71574,40.39751],[-3.71555,40.39706],[-3.71544,40.39677],[-3.71512,40.39584],[-3.71519,40.39564],[-3.71539,40.39509],[-3.71564,40.39435],[-3.71529,40.3932],[-3.7152,40.39234],[-3.71527,40.39202],[-3.71537,40.3917],[-3.71595,40.38992],[-3.71607,40.38951],[-3.71637,40.38866],[-3.7166,40.38795],[-3.7169,40.38705],[-3.71738,40.38559],[-3.71723,40.38543],[-3.71521,40.38735],[-3.71301,40.38944],[-3.71135,40.39017],[-3.70809,40.39155],[-3.70639,40.39314],[-3.7047,40.395],[-3.70564,40.39538],[-3.70934,40.39646],[-3.71032,40.39681],[-3.71106,40.3972],[-3.71223,40.39808],[-3.71347,40.39902],[-3.71439,40.39943],[-3.71498,40.39959],[-3.71557,40.39819],[-3.71574,40.39774]]]]}},
{"type":"Feature","properties":{"location_id":"0-EU-ES-28-07-001-079-11-004","name":"Vista Alegre","city":"Madrid"},"geometry":{"type":"MultiPolygon","coordinates":[[[[-3.73948,40.38464],[-3.73874,40.38483],[-3.73852,40.38488],[-3.73798,40.38502],[-3.73711,40.38526],[-3.73655,40.38541],[-3.73629,40.38558],[-3.73478,40.3865],[-3.73376,40.38719],[-3.73298,40.38768],[-3.73175,40.38849],[-3.73215,40.38864],[-3.73297,40.38897],[-3.73311,40.38904],[-3.73372,40.38936],[-3.7343,40.38966],[-3.73493,40.39012],[-3.73514,40.39023],[-3.73569,40.39032],[-3.7359,40.3904],[-3.73606,40.39045],[-3.73732,40.39106],[-3.73978,40.39227],[-3.74014,40.39245],[-3.74037,40.3926],[-3.74088,40.39299],[-3.74222,40.39199],[-3.74293,40.39123],[-3.74358,40.39037],[-3.74399,40.38963],[-3.74428,40.38904],[-3.74457,40.38848],[-3.7447,40.38794],[-3.74539,40.38786],[-3.74798,40.38632],[-3.75125,40.38422],[-3.75249,40.38371],[-3.75349,40.38354],[-3.75591,40.38368],[-3.75915,40.38417],[-3.75927,40.38369],[-3.75863,40.3831],[-3.75808,40.38248],[-3.7572,40.38114],[-3.75677,40.38027],[-3.75662,40.37998],[-3.75612,40.37898],[-3.75582,40.37844],[-3.75561,40.37814],[-3.75512,40.37777],[-3.75454,40.37748],[-3.75384,40.37714],[-3.75324,40.37697],[-3.75221,40.37678],[-3.75121,40.3766],[-3.7501,40.37641],[-3.74946,40.37703],[-3.74794,40.37836],[-3.74584,40.38024],[-3.7454,40.38044],[-3.74525,40.38056],[-3.74493,40.38065],[-3.74444,40.3809],[-3.7442,40.38108],[-3.74346,40.38163],[-3.74321,40.38178],[-3.7429,40.38194],[-3.74221,40.38216],[-3.74139,40.38235],[-3.74187,40.38294],[-3.73974,40.38452],[-3.73948,40.38464]]]]}},
{"type":"Feature","properties":{"location_id":"0-EU-ES-28-07-001-079-15-001","name":"Ventas","city":"Madrid"},"geometry":{"type":"MultiPolygon","coordinates":[[[[-3.62675,40.41584],[-3.62879,40.41719],[-3.62983,40.41789],[-3.63283,40.41953],[-3.6344,40.42041],[-3.63933,40.42309],[-3.64049,40.42378],[-3.6448,40.42611],[-3.6456,40.42655],[-3.64553,40.42738],[-3.64564,40.42798],[-3.64602,40.42967],[-3.6461,40.43015],[-3.64619,40.43048],[-3.64667,40.43111],[-3.64823,40.43311],[-3.64834,40.43308],[-3.65148,40.43265],[-3.6541,40.43229],[-3.65508,40.43216],[-3.65539,40.43211],[-3.65667,40.43194],[-3.65998,40.43147],[-3.66079,40.43135],[-3.66039,40.42807],[-3.66021,40.42665],[-3.65953,40.42376],[-3.6591,40.42145],[-3.65888,40.41982],[-3.65889,40.4189],[-3.65889,40.4187],[-3.65505,40.41778],[-3.65403,40.4175],[-3.65169,40.41673],[-3.65014,40.4161],[-3.64902,40.41577],[-3.64543,40.41488],[-3.64397,40.41457],[-3.6403,40.41439],[-3.63794,40.41459],[-3.63231,40.41519],[-3.63044,40.41505],[-3.62875,40.41471],[-3.62759,40.41432],[-3.62675,40.41584]]]]}},
{"type":"Feature","properties":{"location_id":"0-EU-ES-28-07-001-079-15-003","name":"Quintana","city":"Madrid"},"geometry":{"type":"MultiPolygon","coordinates":[[[[-3.65591,40.43454],[-3.65538,40.43211],[-3.65235,40.43253],[-3.64837,40.43308],[-3.64824,40.43311],[-3.64799,40.43318],[-3.64662,40.43382],[-3.64571,40.43426],[-3.63893,40.43755],[-3.6386,40.43771],[-3.63796,40.43785],[-3.63548,40.43858],[-3.63604,40.43938],[-3.63673,40.44033],[-3.63718,40.44096],[-3.63837,40.4426],[-3.64592,40.4394],[-3.64617,40.43897],[-3.64657,40.43802],[-3.65289,40.43494],[-3.65346,40.43466],[-3.65477,40.43449],[-3.65591,40.43454]]]]}},
{"type":"Feature","properties":{"location_id":"0-EU-ES-28-07-001-079-15-006","name":"San Juan Bautista","city":"Madrid"},"geometry":{"type":"MultiPolygon","coordinates":[[[[-3.65341,40.45607],[-3.65418,40.45693],[-3.65459,40.45679],[-3.65503,40.45657],[-3.65669,40.45573],[-3.65851,40.45482],[-3.65951,40.45431],[-3.66068,40.45384],[-3.66316,40.45314],[-3.66289,40.4512],[-3.66273,40.45013],[-3.66235,40.44858],[-3.66133,40.44609],[-3.66055,40.44463],[-3.65584,40.4462],[-3.6481,40.44947],[-3.65131,40.45367],[-3.65198,40.45443],[-3.65341,40.45607]]]]}},
{"type":"Feature","properties":{"location_id":"0-EU-ES-28-07-001-079-17-002","name":"San Crist\u00f3bal","city":"Madrid"},"geometry":{"type":"MultiPolygon","coordinates":[[[[-3.68359,40.35137],[-3.68399,40.35053],[-3.68412,40.34993],[-3.68441,40.34947],[-3.68479,40.34895],[-3.68529,40.34841],[-3.68594,40.34798],[-3.68702,40.34745],[-3.68803,40.34707],[-3.68989,40.34659],[-3.69197,40.34606],[-3.69299,40.34582],[-3.69269,40.34231],[-3.69258,40.33898],[-3.6925,40.33267],[-3.69021,40.33318],[-3.68859,40.33373],[-3.68733,40.33443],[-3.68581,40.33562],[-3.68475,40.33696],[-3.68395,40.33863],[-3.68379,40.3394],[-3.68362,40.34237],[-3.6835,40.3455],[-3.68359,40.35068],[-3.68359,40.35137]]]]}},
{"type":"Feature","properties":{"location_id":"0-EU-ES-28-07-001-079-17-005","name":"Los \u00c1ngeles","city":"Madrid"},"geometry":{"type":"MultiPolygon","coordinates":[[[[-3.69401,40.36448],[-3.69671,40.36444],[-3.69854,40.36424],[-3.70191,40.36359],[-3.70352,40.36352],[-3.70514,40.36364],[-3.70554,40.36263],[-3.70719,40.35582],[-3.70696,40.3544],[-3.70668,40.35374],[-3.70625,40.35308],[-3.70545,40.35228],[-3.70345,40.35069],[-3.70051,40.34856],[-3.69891,40.34714],[-3.69827,40.34671],[-3.69712,40.34617],[-3.69576,40.34586],[-3.69504,40.34581],[-3.69439,40.34579],[-3.69389,40.34582],[-3.693,40.34584],[-3.69316,40.3533],[-3.69335,40.35891],[-3.69351,40.36058],[-3.69393,40.36378],[-3.69401,40.36448]]]]}},
{"type":"Feature","properties":{"location_id":"0-EU-ES-28-07-001-079-20-005","name":"Rosas","city":"Madrid"},"geometry":{"type":"MultiPolygon","coordinates":[[[[-3.61031,40.41326],[-3.60743,40.41253],[-3.60123,40.41166],[-3.5973,40.41085],[-3.59246,40.40973],[-3.58818,40.40839],[-3.58409,40.41421],[-3.58312,40.41606],[-3.58302,40.41811],[-3.58164,40.42068],[-3.57795,40.42507],[-3.57683,40.42992],[-3.57915,40.43324],[-3.57501,40.43446],[-3.5755,40.43634],[-3.57592,40.43733],[-3.57401,40.43803],[-3.56835,40.4363],[-3.56629,40.43751],[-3.56443,40.43796],[-3.56288,40.43804],[-3.56809,40.43831],[-3.57245,40.43853],[-3.57454,40.4387],[-3.5756,40.43906],[-3.57787,40.44038],[-3.57878,40.44083],[-3.57993,40.44124],[-3.58194,40.44153],[-3.58585,40.44185],[-3.59286,40.44248],[-3.59436,40.44259],[-3.59622,40.44282],[-3.6005,40.44532],[-3.602,40.4464],[-3.60262,40.44696],[-3.60326,40.44782],[-3.60356,40.44843],[-3.60368,40.44885],[-3.60389,40.44983],[-3.60486,40.44979],[-3.60582,40.44976],[-3.60556,40.44937],[-3.60499,40.448],[-3.60523,40.44763],[-3.60574,40.44695],[-3.60264,40.44188],[-3.60227,40.44105],[-3.60221,40.44012],[-3.60257,40.43914],[-3.60399,40.43739],[-3.60541,40.43615],[-3.60646,40.43572],[-3.60794,40.43516],[-3.60976,40.43487],[-3.6114,40.43464],[-3.61218,40.43449],[-3.61088,40.42901],[-3.61151,40.42612],[-3.61164,40.42555],[-3.61086,40.41826],[-3.61072,40.41803],[-3.61031,40.41326]]]]}},
{"type":"Feature","properties":{"location_id":"0-EU-ES-28-07-001-079-20-004","name":"Arcos","city":"Madrid"},"geometry":{"type":"MultiPolygon","coordinates":[[[[-3.62032,40.41319],[-3.6196,40.41432],[-3.61909,40.41487],[-3.61753,40.41563],[-3.61246,40.41733],[-3.61072,40.41792],[-3.61074,40.41803],[-3.61088,40.41826],[-3.61164,40.42526],[-3.61165,40.42556],[-3.61154,40.42609],[-3.6109,40.42896],[-3.61126,40.42851],[-3.61231,40.42757],[-3.61257,40.42753],[-3.6133,40.42796],[-3.61491,40.42801],[-3.6151,40.42799],[-3.618,40.42693],[-3.6208,40.42533],[-3.62038,40.42473],[-3.6207,40.42462],[-3.62358,40.42341],[-3.62413,40.42316],[-3.62655,40.42215],[-3.6263,40.42182],[-3.62394,40.41851],[-3.62332,40.41764],[-3.62032,40.41319]]]]}},
{"type":"Feature","properties":{"location_id":"0-EU-ES-28-07-001-079-03-005","name":"Jer\u00f3nimos","city":"Madrid"},"geometry":{"type":"MultiPolygon","coordinates":[[[[-3.69161,40.40868],[-3.68917,40.40699],[-3.68884,40.40677],[-3.6887,40.40703],[-3.68708,40.40648],[-3.68587,40.40631],[-3.68466,40.40647],[-3.68218,40.40693],[-3.67934,40.40744],[-3.67884,40.4075],[-3.67779,40.40904],[-3.6764,40.41107],[-3.67631,40.41144],[-3.67761,40.41494],[-3.67781,40.41547],[-3.67878,40.41824],[-3.67934,40.41979],[-3.68004,40.42167],[-3.68084,40.42149],[-3.68185,40.4213],[-3.68419,40.42086],[-3.68761,40.42023],[-3.68818,40.42012],[-3.6888,40.42001],[-3.68932,40.41994],[-3.68997,40.41985],[-3.69138,40.41967],[-3.69198,40.4196],[-3.6924,40.41954],[-3.69311,40.4195],[-3.69328,40.41884],[-3.69427,40.41527],[-3.69373,40.4138],[-3.69228,40.40961],[-3.69215,40.40919],[-3.69213,40.40919],[-3.69207,40.40899],[-3.69161,40.40868]]]]}},
{"type":"Feature","properties":{"location_id":"0-EU-ES-28-07-001-079-08-004","name":"Pilar","city":"Madrid"},"geometry":{"type":"MultiPolygon","coordinates":[[[[-3.70367,40.47231],[-3.70315,40.47291],[-3.70213,40.47379],[-3.70259,40.47472],[-3.7031,40.47616],[-3.70426,40.47941],[-3.70532,40.48229],[-3.70587,40.48311],[-3.70615,40.4834],[-3.70667,40.48379],[-3.70723,40.48419],[-3.70845,40.48503],[-3.70926,40.48567],[-3.70958,40.48544],[-3.71033,40.48495],[-3.71198,40.48389],[-3.71281,40.48347],[-3.71419,40.48309],[-3.71288,40.48035],[-3.71488,40.47959],[-3.7165,40.47889],[-3.71638,40.47856],[-3.71624,40.47691],[-3.71501,40.47324],[-3.71465,40.47125],[-3.71444,40.47018],[-3.71442,40.46969],[-3.71324,40.46859],[-3.71281,40.4694],[-3.7126,40.47017],[-3.7122,40.47072],[-3.71156,40.47115],[-3.71076,40.47135],[-3.70446,40.47193],[-3.70367,40.47231]]]]}},
{"type":"Feature","properties":{"location_id":"0-EU-ES-28-07-001-079-08-009","name":"Las Tablas","city":"Madrid"},"geometry":{"type":"MultiPolygon","coordinates":[[[[-3.6829,40.51238],[-3.68092,40.50489],[-3.67977,40.50058],[-3.67929,40.49924],[-3.67795,40.49533],[-3.67744,40.49397],[-3.67709,40.49315],[-3.67564,40.49124],[-3.67465,40.48941],[-3.67303,40.48809],[-3.67263,40.48962],[-3.67217,40.49063],[-3.6715,40.49166],[-3.67089,40.49208],[-3.67007,40.49295],[-3.66808,40.49455],[-3.66574,40.49647],[-3.66475,40.49734],[-3.66306,40.4989],[-3.66154,40.5003],[-3.66037,40.50164],[-3.65851,40.50366],[-3.65805,40.50537],[-3.65818,40.50862],[-3.65805,40.51039],[-3.65796,40.51079],[-3.65838,40.51181],[-3.65974,40.51412],[-3.66131,40.51638],[-3.66353,40.51979],[-3.66625,40.51873],[-3.66881,40.517],[-3.6701,40.51642],[-3.67178,40.51569],[-3.67485,40.5144],[-3.67564,40.51412],[-3.6829,40.51238]]]]}},
{"type":"Feature","properties":{"location_id":"0-EU-ES-28-07-001-079-14-003","name":"Marroquina","city":"Madrid"},"geometry":{"type":"MultiPolygon","coordinates":[[[[-3.62762,40.41431],[-3.62876,40.41471],[-3.63045,40.41505],[-3.63231,40.41518],[-3.6341,40.41499],[-3.63629,40.41475],[-3.63796,40.41458],[-3.64031,40.41439],[-3.64398,40.41456],[-3.64546,40.41488],[-3.64908,40.41578],[-3.65014,40.41609],[-3.65069,40.41539],[-3.65231,40.41387],[-3.65391,40.41232],[-3.65312,40.41223],[-3.65267,40.41224],[-3.65166,40.41226],[-3.65302,40.40908],[-3.65302,40.40889],[-3.65276,40.40818],[-3.65245,40.40767],[-3.65228,40.40745],[-3.65095,40.40574],[-3.64748,40.40716],[-3.64617,40.4077],[-3.64522,40.40809],[-3.64421,40.40851],[-3.64282,40.40908],[-3.64216,40.40935],[-3.64168,40.40956],[-3.6412,40.40977],[-3.64108,40.40968],[-3.64048,40.40889],[-3.64014,40.40827],[-3.63994,40.40786],[-3.63973,40.40742],[-3.63957,40.40707],[-3.63949,40.40669],[-3.63941,40.4062],[-3.63937,40.40586],[-3.63905,40.40593],[-3.63848,40.40524],[-3.63802,40.40477],[-3.63761,40.40447],[-3.63675,40.40396],[-3.63641,40.4039],[-3.6355,40.40375],[-3.63433,40.40374],[-3.63336,40.40509],[-3.6314,40.40745],[-3.63108,40.40798],[-3.62979,40.41034],[-3.62762,40.41431]]]]}},
{"type":"Feature","properties":{"location_id":"0-EU-ES-28-07-001-079-09-005","name":"Valdemar\u00edn","city":"Madrid"},"geometry":{"type":"MultiPolygon","coordinates":[[[[-3.76272,40.46121],[-3.76203,40.46343],[-3.76417,40.46966],[-3.76499,40.47175],[-3.76543,40.4729],[-3.76561,40.4733],[-3.76844,40.47403],[-3.77147,40.47437],[-3.7746,40.47445],[-3.77694,40.47451],[-3.779,40.47452],[-3.78071,40.47439],[-3.78128,40.47436],[-3.78462,40.47356],[-3.78761,40.4727],[-3.79062,40.47183],[-3.79237,40.47092],[-3.79308,40.47071],[-3.7947,40.47024],[-3.79598,40.46986],[-3.79833,40.4696],[-3.79943,40.46936],[-3.79992,40.46924],[-3.80022,40.46918],[-3.80174,40.46867],[-3.80205,40.46853],[-3.80001,40.4665],[-3.80029,40.46552],[-3.78945,40.46425],[-3.77783,40.46291],[-3.76866,40.46189],[-3.76485,40.46146],[-3.76379,40.46134],[-3.76272,40.46121]]]]}},
{"type":"Feature","properties":{"location_id":"0-EU-ES-28-07-001-079-03-001","name":"Pac\u00edfico","city":"Madrid"},"geometry":{"type":"MultiPolygon","coordinates":[[[[-3.6887,40.40703],[-3.68884,40.40677],[-3.68828,40.40654],[-3.68739,40.40618],[-3.68344,40.40511],[-3.68477,40.40299],[-3.68391,40.40274],[-3.68207,40.40188],[-3.68093,40.40136],[-3.67961,40.40077],[-3.67864,40.40032],[-3.67703,40.39937],[-3.67675,40.39913],[-3.67645,40.39947],[-3.67434,40.40181],[-3.67308,40.40321],[-3.67042,40.40624],[-3.67025,40.40662],[-3.67094,40.40671],[-3.67211,40.40687],[-3.6724,40.4069],[-3.67472,40.40712],[-3.67527,40.40717],[-3.67734,40.40736],[-3.6782,40.40745],[-3.67884,40.4075],[-3.67934,40.40744],[-3.68201,40.40696],[-3.68467,40.40646],[-3.68587,40.40631],[-3.68708,40.40648],[-3.6887,40.40703]]]]}},
{"type":"Feature","properties":{"location_id":"0-EU-ES-28-07-001-079-03-003","name":"Estrella","city":"Madrid"},"geometry":{"type":"MultiPolygon","coordinates":[[[[-3.66913,40.42033],[-3.66941,40.41702],[-3.67012,40.40758],[-3.67018,40.40695],[-3.67026,40.40664],[-3.67006,40.40663],[-3.66932,40.40658],[-3.66536,40.40627],[-3.66427,40.40848],[-3.6639,40.4092],[-3.66305,40.41089],[-3.66278,40.41134],[-3.66192,40.41266],[-3.66113,40.41384],[-3.66018,40.41536],[-3.65987,40.41587],[-3.65954,40.4166],[-3.65923,40.41732],[-3.65894,40.41795],[-3.65891,40.41871],[-3.66893,40.42118],[-3.66908,40.42117],[-3.66909,40.42101],[-3.66913,40.42033]]]]}},
{"type":"Feature","properties":{"location_id":"0-EU-ES-28-07-001-079-05-001","name":"El Viso","city":"Madrid"},"geometry":{"type":"MultiPolygon","coordinates":[[[[-3.67863,40.45165],[-3.68198,40.45169],[-3.68349,40.45175],[-3.68453,40.45179],[-3.68553,40.45184],[-3.68626,40.45187],[-3.6872,40.4519],[-3.68807,40.45195],[-3.68865,40.45199],[-3.68892,40.45198],[-3.68905,40.45194],[-3.68947,40.45198],[-3.68994,40.45201],[-3.69062,40.45205],[-3.691,40.44785],[-3.69118,40.44623],[-3.69128,40.4449],[-3.69138,40.44383],[-3.69146,40.4429],[-3.69158,40.44177],[-3.69163,40.44127],[-3.69168,40.44077],[-3.69132,40.43997],[-3.69069,40.43801],[-3.68924,40.43795],[-3.68632,40.43782],[-3.68073,40.43756],[-3.67912,40.43749],[-3.67891,40.4398],[-3.67862,40.44236],[-3.6776,40.45164],[-3.67863,40.45165]]]]}},
{"type":"Feature","properties":{"location_id":"0-EU-ES-28-07-001-079-10-002","name":"Puerta del \u00c1ngel","city":"Madrid"},"geometry":{"type":"MultiPolygon","coordinates":[[[[-3.72229,40.40853],[-3.72172,40.40844],[-3.72166,40.40913],[-3.72211,40.4104],[-3.72288,40.41285],[-3.72279,40.41402],[-3.72252,40.41521],[-3.72231,40.41635],[-3.7219,40.4174],[-3.72796,40.4151],[-3.72937,40.41457],[-3.72993,40.41435],[-3.73177,40.41365],[-3.73684,40.41179],[-3.7379,40.41141],[-3.7418,40.40925],[-3.7415,40.40865],[-3.7416,40.40775],[-3.74186,40.40651],[-3.742,40.40598],[-3.74221,40.40563],[-3.74227,40.40527],[-3.74231,40.40456],[-3.74063,40.40447],[-3.73927,40.40431],[-3.73853,40.40415],[-3.73767,40.40399],[-3.73692,40.40385],[-3.73623,40.40383],[-3.73542,40.40394],[-3.73473,40.40412],[-3.73381,40.40453],[-3.73056,40.40635],[-3.73006,40.40655],[-3.72836,40.40689],[-3.72711,40.40713],[-3.72686,40.40722],[-3.72638,40.40745],[-3.72604,40.40769],[-3.7258,40.40791],[-3.72544,40.40844],[-3.72527,40.40861],[-3.72505,40.40869],[-3.72479,40.40877],[-3.72394,40.40877],[-3.72344,40.4087],[-3.72229,40.40853]]]]}},
{"type":"Feature","properties":{"location_id":"0-EU-ES-28-07-001-079-09-006","name":"El Plant\u00edo","city":"Madrid"},"geometry":{"type":"MultiPolygon","coordinates":[[[[-3.8003,40.46552],[-3.80002,40.46649],[-3.80109,40.46757],[-3.80191,40.46839],[-3.80206,40.46853],[-3.80175,40.46867],[-3.80023,40.46918],[-3.79931,40.46938],[-3.79834,40.46961],[-3.80412,40.47035],[-3.80802,40.47147],[-3.81424,40.47326],[-3.8272,40.47698],[-3.83223,40.47842],[-3.83279,40.47863],[-3.83368,40.47884],[-3.83665,40.47974],[-3.83747,40.47549],[-3.83598,40.47519],[-3.83758,40.47266],[-3.83678,40.47069],[-3.83734,40.46647],[-3.83512,40.46432],[-3.83343,40.4648],[-3.82897,40.46635],[-3.81529,40.46364],[-3.81,40.46411],[-3.80234,40.46197],[-3.80214,40.46181],[-3.80103,40.46202],[-3.79981,40.46227],[-3.79999,40.46258],[-3.80039,40.46302],[-3.80143,40.46395],[-3.80118,40.46513],[-3.80112,40.4656],[-3.8003,40.46552]]]]}},
{"type":"Feature","properties":{"location_id":"0-EU-ES-28-07-001-079-16-005","name":"Ap\u00f3stol Santiago","city":"Madrid"},"geometry":{"type":"MultiPolygon","coordinates":[[[[-3.66045,40.48306],[-3.6613,40.48192],[-3.66194,40.48123],[-3.66249,40.48071],[-3.66414,40.47911],[-3.66509,40.47802],[-3.66565,40.47731],[-3.66572,40.47608],[-3.66533,40.47465],[-3.66527,40.47435],[-3.66508,40.47362],[-3.66437,40.47087],[-3.66356,40.468],[-3.66348,40.46775],[-3.66342,40.46753],[-3.66295,40.46763],[-3.6626,40.46778],[-3.66218,40.468],[-3.66089,40.46902],[-3.65908,40.47047],[-3.6585,40.47082],[-3.65787,40.47119],[-3.65754,40.47145],[-3.65724,40.4718],[-3.65694,40.47226],[-3.65627,40.47326],[-3.65589,40.474],[-3.6555,40.475],[-3.65472,40.47627],[-3.65427,40.47697],[-3.65261,40.47868],[-3.65201,40.4793],[-3.65006,40.48125],[-3.65407,40.48202],[-3.65579,40.48236],[-3.65683,40.48252],[-3.66045,40.48306]]]]}},
{"type":"Feature","properties":{"location_id":"0-EU-ES-28-07-001-079-14-006","name":"Vinateros","city":"Madrid"},"geometry":{"type":"MultiPolygon","coordinates":[[[[-3.63958,40.40708],[-3.64005,40.40808],[-3.64016,40.4083],[-3.64048,40.40888],[-3.64108,40.40968],[-3.6412,40.40977],[-3.64199,40.40943],[-3.64226,40.40931],[-3.64291,40.40904],[-3.64339,40.40884],[-3.64421,40.4085],[-3.64492,40.40821],[-3.64544,40.40799],[-3.64623,40.40767],[-3.64689,40.4074],[-3.65094,40.40574],[-3.65144,40.4056],[-3.65019,40.40503],[-3.64899,40.40449],[-3.64767,40.40388],[-3.64698,40.40364],[-3.64582,40.40357],[-3.64485,40.40355],[-3.6445,40.40356],[-3.64401,40.40329],[-3.64341,40.40306],[-3.64264,40.40277],[-3.6419,40.40261],[-3.64131,40.40256],[-3.64069,40.40256],[-3.64018,40.40253],[-3.63976,40.4024],[-3.63898,40.40208],[-3.63844,40.40187],[-3.63616,40.40094],[-3.63433,40.40374],[-3.6355,40.40375],[-3.63674,40.40395],[-3.63761,40.40446],[-3.63802,40.40477],[-3.63848,40.40524],[-3.63906,40.40593],[-3.63937,40.40585],[-3.63949,40.40671],[-3.63958,40.40708]]]]}},
{"type":"Feature","properties":{"location_id":"0-EU-ES-28-07-001-079-04-004","name":"Guindalera","city":"Madrid"},"geometry":{"type":"MultiPolygon","coordinates":[[[[-3.66221,40.43115],[-3.66079,40.43136],[-3.66063,40.43213],[-3.66058,40.43238],[-3.66005,40.43477],[-3.65997,40.43511],[-3.6597,40.43638],[-3.65935,40.4385],[-3.65921,40.43941],[-3.65919,40.43993],[-3.65948,40.44186],[-3.66013,40.44378],[-3.66056,40.44462],[-3.66401,40.44351],[-3.6652,40.44293],[-3.66574,40.44264],[-3.66693,40.44201],[-3.66761,40.44161],[-3.6689,40.44086],[-3.67039,40.43995],[-3.67133,40.43956],[-3.67298,40.43919],[-3.67489,40.43883],[-3.67549,40.43857],[-3.67679,40.43776],[-3.67725,40.43758],[-3.6775,40.43746],[-3.67335,40.43341],[-3.66924,40.42859],[-3.66903,40.42837],[-3.66868,40.42814],[-3.66786,40.42851],[-3.66727,40.42878],[-3.66594,40.42943],[-3.66521,40.42978],[-3.66413,40.43033],[-3.6636,40.4306],[-3.66323,40.43079],[-3.66221,40.43115]]]]}},
{"type":"Feature","properties":{"location_id":"0-EU-ES-28-07-001-079-15-004","name":"Concepci\u00f3n","city":"Madrid"},"geometry":{"type":"MultiPolygon","coordinates":[[[[-3.66079,40.43136],[-3.65965,40.43153],[-3.65538,40.43211],[-3.65591,40.43454],[-3.65477,40.43449],[-3.65346,40.43467],[-3.65281,40.43498],[-3.64657,40.43803],[-3.64635,40.43856],[-3.64618,40.43897],[-3.64592,40.4394],[-3.64248,40.44086],[-3.63837,40.4426],[-3.63877,40.44317],[-3.63896,40.44341],[-3.63951,40.44407],[-3.64036,40.44473],[-3.64102,40.44506],[-3.6418,40.44543],[-3.64332,40.44616],[-3.64488,40.44691],[-3.64619,40.44532],[-3.64703,40.44427],[-3.64771,40.44344],[-3.64866,40.44229],[-3.6494,40.44145],[-3.6497,40.44064],[-3.64978,40.44034],[-3.64985,40.44019],[-3.64992,40.44007],[-3.65007,40.43996],[-3.65065,40.43961],[-3.65391,40.43803],[-3.65402,40.43788],[-3.65439,40.43691],[-3.65467,40.43615],[-3.65538,40.43571],[-3.65556,40.43544],[-3.6561,40.43596],[-3.6577,40.43614],[-3.65969,40.43638],[-3.65982,40.43575],[-3.65995,40.43517],[-3.66077,40.43145],[-3.66079,40.43136]]]]}},
{"type":"Feature","properties":{"location_id":"0-EU-ES-28-07-001-079-05-002","name":"Prosperidad","city":"Madrid"},"geometry":{"type":"MultiPolygon","coordinates":[[[[-3.6789,40.43991],[-3.67893,40.4396],[-3.67912,40.43749],[-3.67854,40.43745],[-3.6777,40.43742],[-3.6775,40.43746],[-3.67724,40.43758],[-3.67679,40.43776],[-3.67549,40.43857],[-3.67489,40.43883],[-3.67297,40.43919],[-3.67132,40.43957],[-3.67038,40.43995],[-3.66937,40.44057],[-3.66691,40.44203],[-3.66521,40.44292],[-3.66401,40.44351],[-3.66055,40.44463],[-3.66132,40.44608],[-3.66236,40.44858],[-3.66245,40.44902],[-3.66262,40.44967],[-3.66274,40.45012],[-3.66318,40.45312],[-3.66444,40.45277],[-3.66553,40.45248],[-3.66551,40.45229],[-3.66548,40.45185],[-3.6653,40.45124],[-3.66494,40.4504],[-3.66579,40.44971],[-3.66657,40.44908],[-3.6671,40.44877],[-3.66795,40.44831],[-3.66854,40.44799],[-3.66945,40.44728],[-3.66962,40.44716],[-3.67079,40.44634],[-3.67343,40.44472],[-3.67387,40.44443],[-3.67419,40.4442],[-3.67468,40.44378],[-3.67593,40.44277],[-3.67708,40.44211],[-3.67833,40.44154],[-3.67874,40.44136],[-3.6789,40.43991]]]]}},
{"type":"Feature","properties":{"location_id":"0-EU-ES-28-07-001-079-16-001","name":"Palomas","city":"Madrid"},"geometry":{"type":"MultiPolygon","coordinates":[[[[-3.62648,40.4508],[-3.62632,40.44953],[-3.61989,40.44968],[-3.61353,40.4497],[-3.60887,40.44973],[-3.6077,40.44974],[-3.60583,40.44978],[-3.60389,40.44983],[-3.60422,40.45131],[-3.6048,40.45224],[-3.60537,40.45282],[-3.60554,40.45296],[-3.60657,40.45357],[-3.60766,40.45399],[-3.61054,40.45483],[-3.61228,40.4554],[-3.61471,40.45669],[-3.61742,40.45812],[-3.61867,40.45652],[-3.61901,40.45616],[-3.61951,40.45578],[-3.62004,40.45546],[-3.62059,40.4552],[-3.62255,40.45449],[-3.62567,40.45333],[-3.62603,40.45311],[-3.62647,40.45259],[-3.62661,40.4522],[-3.62663,40.45164],[-3.62648,40.4508]]]]}},
{"type":"Feature","properties":{"location_id":"0-EU-ES-28-07-001-079-15-007","name":"Colina","city":"Madrid"},"geometry":{"type":"MultiPolygon","coordinates":[[[[-3.66378,40.45653],[-3.66343,40.45513],[-3.66316,40.45314],[-3.66068,40.45384],[-3.6595,40.45432],[-3.65457,40.4568],[-3.65418,40.45694],[-3.65489,40.45777],[-3.65578,40.45882],[-3.65629,40.45942],[-3.65782,40.46048],[-3.65921,40.46143],[-3.66032,40.46218],[-3.66116,40.46275],[-3.66206,40.4634],[-3.66314,40.46245],[-3.66381,40.46188],[-3.66299,40.46121],[-3.66331,40.46095],[-3.66349,40.4608],[-3.66383,40.46058],[-3.66431,40.46032],[-3.66502,40.46001],[-3.66468,40.4593],[-3.66389,40.45694],[-3.66378,40.45653]]]]}},
{"type":"Feature","properties":{"location_id":"0-EU-ES-28-07-001-079-10-003","name":"Lucero","city":"Madrid"},"geometry":{"type":"MultiPolygon","coordinates":[[[[-3.74405,40.40454],[-3.7432,40.40457],[-3.74231,40.40456],[-3.74227,40.40528],[-3.74221,40.40563],[-3.742,40.40598],[-3.74186,40.40652],[-3.74161,40.40775],[-3.74159,40.40791],[-3.74151,40.40865],[-3.74181,40.40925],[-3.74286,40.40945],[-3.75043,40.4084],[-3.75081,40.40821],[-3.75155,40.40787],[-3.755,40.40619],[-3.75596,40.40573],[-3.757,40.4056],[-3.75993,40.40398],[-3.76081,40.4029],[-3.76064,40.40263],[-3.75976,40.40127],[-3.75843,40.3992],[-3.75785,40.3987],[-3.75573,40.39772],[-3.75524,40.39742],[-3.75469,40.39707],[-3.75442,40.39684],[-3.75374,40.39591],[-3.75298,40.39605],[-3.75252,40.39605],[-3.75004,40.39573],[-3.74476,40.39506],[-3.74356,40.39549],[-3.74367,40.39582],[-3.74449,40.39931],[-3.74473,40.40111],[-3.7448,40.40202],[-3.74488,40.40243],[-3.74487,40.40302],[-3.74423,40.40408],[-3.74405,40.40454]]]]}},
{"type":"Feature","properties":{"location_id":"0-EU-ES-28-07-001-079-16-007","name":"Virgen del Cortijo - Manoteras","city":"Madrid"},"geometry":{"type":"MultiPolygon","coordinates":[[[[-3.67258,40.48964],[-3.67265,40.48932],[-3.67313,40.48739],[-3.67319,40.48623],[-3.67344,40.48409],[-3.67072,40.48412],[-3.66826,40.48414],[-3.66493,40.48374],[-3.66328,40.48349],[-3.66265,40.48412],[-3.66246,40.48413],[-3.66204,40.48417],[-3.66186,40.48422],[-3.66164,40.48432],[-3.66146,40.48449],[-3.66133,40.48469],[-3.66062,40.4858],[-3.6605,40.48598],[-3.66038,40.48611],[-3.65989,40.48645],[-3.6592,40.48685],[-3.65823,40.48742],[-3.65974,40.48929],[-3.66027,40.48962],[-3.66061,40.48974],[-3.66088,40.48978],[-3.66192,40.48962],[-3.6625,40.48966],[-3.66291,40.4897],[-3.66462,40.48948],[-3.66602,40.4893],[-3.66622,40.48969],[-3.66631,40.49001],[-3.66689,40.49104],[-3.66708,40.49134],[-3.66721,40.49161],[-3.66792,40.49166],[-3.66831,40.49187],[-3.66882,40.49148],[-3.66925,40.49127],[-3.6697,40.49101],[-3.67022,40.49074],[-3.67118,40.49053],[-3.6715,40.49067],[-3.67215,40.49058],[-3.67258,40.48964]]]]}},
{"type":"Feature","properties":{"location_id":"0-EU-ES-28-07-001-079-15-005","name":"San Pascual","city":"Madrid"},"geometry":{"type":"MultiPolygon","coordinates":[[[[-3.66053,40.44463],[-3.66012,40.44377],[-3.65981,40.44285],[-3.65947,40.44186],[-3.6594,40.44135],[-3.6593,40.44063],[-3.65918,40.43992],[-3.6592,40.4394],[-3.65926,40.43903],[-3.65945,40.43778],[-3.65953,40.43721],[-3.65968,40.43639],[-3.65798,40.43617],[-3.6561,40.43597],[-3.65556,40.43545],[-3.65538,40.43571],[-3.65467,40.43615],[-3.6541,40.43768],[-3.65402,40.43789],[-3.65391,40.43803],[-3.6523,40.43881],[-3.65065,40.43961],[-3.65008,40.43996],[-3.64992,40.44007],[-3.64985,40.44019],[-3.64979,40.44034],[-3.6497,40.44065],[-3.6494,40.44146],[-3.64877,40.44217],[-3.64793,40.44317],[-3.64734,40.44389],[-3.64631,40.44517],[-3.64489,40.44692],[-3.64507,40.44701],[-3.64619,40.44755],[-3.64643,40.44772],[-3.64809,40.44947],[-3.65583,40.4462],[-3.66053,40.44463]]]]}},
{"type":"Feature","properties":{"location_id":"0-EU-ES-28-07-001-079-02-005","name":"Delicias","city":"Madrid"},"geometry":{"type":"MultiPolygon","coordinates":[[[[-3.69925,40.40095],[-3.69909,40.4006],[-3.69897,40.40035],[-3.6955,40.39534],[-3.6947,40.39421],[-3.69504,40.39137],[-3.69444,40.39126],[-3.69248,40.39192],[-3.69104,40.39241],[-3.69019,40.39269],[-3.6889,40.39311],[-3.6885,40.39242],[-3.68725,40.39278],[-3.68476,40.39405],[-3.68392,40.39313],[-3.68109,40.39459],[-3.67972,40.39514],[-3.6788,40.39429],[-3.67642,40.39231],[-3.67533,40.39307],[-3.67346,40.39438],[-3.67357,40.3948],[-3.67414,40.39599],[-3.67484,40.3971],[-3.67575,40.39822],[-3.67675,40.39912],[-3.67704,40.39936],[-3.67867,40.40031],[-3.67987,40.40087],[-3.68005,40.40096],[-3.68207,40.40187],[-3.68384,40.40066],[-3.68503,40.40124],[-3.68587,40.40067],[-3.68552,40.40038],[-3.68572,40.40034],[-3.68617,40.40043],[-3.68664,40.40046],[-3.68813,40.40056],[-3.68861,40.40058],[-3.68955,40.40063],[-3.69098,40.4007],[-3.69252,40.40078],[-3.69304,40.40081],[-3.69396,40.40076],[-3.69592,40.40085],[-3.69665,40.40089],[-3.69731,40.40092],[-3.69852,40.40098],[-3.69925,40.40095]]]]}},
{"type":"Feature","properties":{"location_id":"0-EU-ES-28-07-001-079-14-004","name":"Media Legua","city":"Madrid"},"geometry":{"type":"MultiPolygon","coordinates":[[[[-3.65892,40.41794],[-3.65985,40.41587],[-3.66107,40.41389],[-3.66298,40.41099],[-3.66424,40.4085],[-3.66173,40.40785],[-3.66124,40.40772],[-3.659,40.40717],[-3.65803,40.40688],[-3.65685,40.40666],[-3.65594,40.40644],[-3.65484,40.40608],[-3.65402,40.40584],[-3.65182,40.4055],[-3.65122,40.40568],[-3.65097,40.40574],[-3.65245,40.40765],[-3.65276,40.40818],[-3.65303,40.40889],[-3.65304,40.40907],[-3.65167,40.41226],[-3.65311,40.41223],[-3.65393,40.41232],[-3.65217,40.41402],[-3.65069,40.4154],[-3.65014,40.4161],[-3.65168,40.41671],[-3.65403,40.41749],[-3.65507,40.41778],[-3.65664,40.41817],[-3.65887,40.41867],[-3.65892,40.41794]]]]}},
{"type":"Feature","properties":{"location_id":"0-EU-ES-28-07-001-079-03-004","name":"Ibiza","city":"Madrid"},"geometry":{"type":"MultiPolygon","coordinates":[[[[-3.66915,40.42019],[-3.6691,40.42119],[-3.67083,40.42129],[-3.6713,40.42131],[-3.67309,40.42141],[-3.67702,40.42162],[-3.67804,40.42167],[-3.6795,40.42173],[-3.68004,40.42167],[-3.6792,40.41942],[-3.67816,40.41649],[-3.6778,40.41546],[-3.67629,40.41573],[-3.67528,40.41586],[-3.6742,40.416],[-3.67198,40.41632],[-3.67159,40.41637],[-3.67157,40.41669],[-3.66946,40.41656],[-3.66915,40.42019]]]]}},
{"type":"Feature","properties":{"location_id":"0-EU-ES-28-07-001-079-03-006","name":"Ni\u00f1o Jes\u00fas","city":"Madrid"},"geometry":{"type":"MultiPolygon","coordinates":[[[[-3.67306,40.40697],[-3.6724,40.40691],[-3.67208,40.40686],[-3.67171,40.40682],[-3.67117,40.40675],[-3.6709,40.40672],[-3.67026,40.40663],[-3.67019,40.40699],[-3.67016,40.40722],[-3.67007,40.40837],[-3.67003,40.40882],[-3.6699,40.41075],[-3.66972,40.41311],[-3.66946,40.41656],[-3.67157,40.41669],[-3.67159,40.41637],[-3.6723,40.41627],[-3.67409,40.41601],[-3.6753,40.41586],[-3.67629,40.41573],[-3.6778,40.41546],[-3.67744,40.41446],[-3.67696,40.41317],[-3.67659,40.41219],[-3.67631,40.41144],[-3.6764,40.41107],[-3.67691,40.41034],[-3.67835,40.40821],[-3.6787,40.4077],[-3.67884,40.4075],[-3.67821,40.40746],[-3.67701,40.40734],[-3.67669,40.40731],[-3.6757,40.40721],[-3.67557,40.4072],[-3.67518,40.40716],[-3.6749,40.40714],[-3.67442,40.4071],[-3.67418,40.40707],[-3.67401,40.40706],[-3.67371,40.40703],[-3.67321,40.40698],[-3.67306,40.40697]]]]}},
{"type":"Feature","properties":{"location_id":"0-EU-ES-28-07-001-079-08-006","name":"Tres Olivos - Valverde","city":"Madrid"},"geometry":{"type":"MultiPolygon","coordinates":[[[[-3.68284,40.51216],[-3.6829,40.51237],[-3.68341,40.51223],[-3.6851,40.51139],[-3.6855,40.50482],[-3.68815,40.50744],[-3.69058,40.50831],[-3.69066,40.50821],[-3.69434,40.50383],[-3.69643,40.50128],[-3.69743,40.50015],[-3.69897,40.49911],[-3.69976,40.49844],[-3.70063,40.49749],[-3.70079,40.49706],[-3.70093,40.49643],[-3.70092,40.49556],[-3.70062,40.49478],[-3.69917,40.49311],[-3.69872,40.49236],[-3.69819,40.49009],[-3.69803,40.48927],[-3.69747,40.48802],[-3.69707,40.48742],[-3.69584,40.4865],[-3.69456,40.48588],[-3.69015,40.48413],[-3.68671,40.48273],[-3.68527,40.48224],[-3.68503,40.48255],[-3.68406,40.48275],[-3.68309,40.48285],[-3.68237,40.48298],[-3.68012,40.48352],[-3.67815,40.48393],[-3.67425,40.48401],[-3.67347,40.48404],[-3.67328,40.48576],[-3.67317,40.48738],[-3.67309,40.48812],[-3.67466,40.48941],[-3.67567,40.49126],[-3.67711,40.49316],[-3.6777,40.49454],[-3.67954,40.49992],[-3.67969,40.50024],[-3.68141,40.50672],[-3.68284,40.51216]]]]}},
{"type":"Feature","properties":{"location_id":"0-EU-ES-28-07-001-079-09-002","name":"Arg\u00fcelles","city":"Madrid"},"geometry":{"type":"MultiPolygon","coordinates":[[[[-3.71842,40.43474],[-3.71835,40.43515],[-3.71828,40.43552],[-3.71897,40.43562],[-3.71929,40.4356],[-3.71933,40.43554],[-3.7195,40.43536],[-3.71944,40.43519],[-3.71965,40.43514],[-3.72573,40.43259],[-3.72343,40.43032],[-3.72272,40.42959],[-3.72177,40.42859],[-3.71997,40.4267],[-3.71856,40.42531],[-3.71719,40.42522],[-3.71659,40.42506],[-3.71617,40.42479],[-3.71517,40.42384],[-3.71521,40.42318],[-3.71528,40.42289],[-3.71644,40.42189],[-3.71706,40.42192],[-3.71757,40.4223],[-3.71853,40.42282],[-3.71957,40.42272],[-3.71818,40.42132],[-3.71811,40.42027],[-3.7159,40.42031],[-3.71552,40.42032],[-3.71418,40.42123],[-3.71327,40.42185],[-3.71275,40.42232],[-3.71204,40.42272],[-3.71088,40.42339],[-3.7116,40.42419],[-3.71379,40.42718],[-3.71419,40.42774],[-3.71451,40.42819],[-3.71496,40.42882],[-3.71611,40.43039],[-3.71639,40.43077],[-3.71684,40.43141],[-3.71764,40.43251],[-3.718,40.433],[-3.71735,40.43324],[-3.71842,40.43474]]]]}},
{"type":"Feature","properties":{"location_id":"0-EU-ES-28-07-001-079-04-001","name":"Recoletos","city":"Madrid"},"geometry":{"type":"MultiPolygon","coordinates":[[[[-3.6909,40.42396],[-3.69121,40.42318],[-3.6914,40.4228],[-3.69216,40.42123],[-3.69244,40.42045],[-3.6927,40.41999],[-3.69311,40.4195],[-3.69241,40.41954],[-3.69078,40.41975],[-3.68932,40.41994],[-3.6888,40.42001],[-3.68815,40.42013],[-3.68672,40.42039],[-3.68585,40.42055],[-3.68333,40.42102],[-3.68228,40.42122],[-3.68085,40.42149],[-3.68078,40.4215],[-3.6806,40.42154],[-3.68004,40.42167],[-3.68032,40.42258],[-3.68034,40.42288],[-3.68016,40.4253],[-3.68004,40.42654],[-3.67994,40.42797],[-3.67986,40.4289],[-3.68116,40.42897],[-3.68373,40.4291],[-3.68548,40.42918],[-3.68708,40.42927],[-3.68934,40.42941],[-3.69027,40.42561],[-3.69045,40.42502],[-3.69064,40.42463],[-3.6909,40.42396]]]]}},
{"type":"Feature","properties":{"location_id":"0-EU-ES-28-07-001-079-04-003","name":"Fuente del Berro","city":"Madrid"},"geometry":{"type":"MultiPolygon","coordinates":[[[[-3.6589,40.41871],[-3.65889,40.41983],[-3.65911,40.42146],[-3.65953,40.42374],[-3.66021,40.42665],[-3.66038,40.42789],[-3.66079,40.43136],[-3.6622,40.43115],[-3.66323,40.43079],[-3.66348,40.43066],[-3.66521,40.42978],[-3.66625,40.42928],[-3.66724,40.4288],[-3.6683,40.42832],[-3.66869,40.42814],[-3.66856,40.42807],[-3.66857,40.42743],[-3.66868,40.42589],[-3.66872,40.42486],[-3.66883,40.423],[-3.66893,40.42119],[-3.66514,40.42026],[-3.6589,40.41871]]]]}},
{"type":"Feature","properties":{"location_id":"0-EU-ES-28-07-001-079-06-003","name":"Cuzco-Castillejos","city":"Madrid"},"geometry":{"type":"MultiPolygon","coordinates":[[[[-3.70014,40.45899],[-3.70065,40.45855],[-3.70106,40.45808],[-3.7013,40.45776],[-3.7015,40.4575],[-3.69923,40.45702],[-3.69868,40.4569],[-3.6969,40.4565],[-3.69526,40.4564],[-3.69381,40.45633],[-3.69143,40.45621],[-3.69075,40.45617],[-3.69024,40.45611],[-3.69022,40.45639],[-3.69012,40.4575],[-3.69004,40.4584],[-3.68998,40.45905],[-3.68991,40.45972],[-3.68977,40.46127],[-3.68955,40.46361],[-3.68942,40.46498],[-3.68939,40.46543],[-3.68937,40.46581],[-3.68936,40.46603],[-3.68997,40.46579],[-3.69156,40.46539],[-3.69272,40.46535],[-3.69387,40.46496],[-3.69447,40.46475],[-3.69549,40.46438],[-3.69575,40.46429],[-3.69607,40.46398],[-3.69632,40.4637],[-3.69705,40.46285],[-3.69748,40.4624],[-3.69773,40.46205],[-3.69786,40.4618],[-3.69795,40.46161],[-3.69821,40.46107],[-3.69832,40.46085],[-3.69847,40.46064],[-3.69858,40.46043],[-3.69876,40.46023],[-3.6993,40.45973],[-3.69955,40.4595],[-3.70014,40.45899]]]]}},
{"type":"Feature","properties":{"location_id":"0-EU-ES-28-07-001-079-10-007","name":"\u00c1guilas","city":"Madrid"},"geometry":{"type":"MultiPolygon","coordinates":[[[[-3.78763,40.38165],[-3.78614,40.38088],[-3.78519,40.38036],[-3.78487,40.38007],[-3.78459,40.37976],[-3.78362,40.37759],[-3.78273,40.37644],[-3.78227,40.376],[-3.78152,40.37562],[-3.7803,40.37542],[-3.7752,40.37462],[-3.77075,40.37396],[-3.76615,40.37322],[-3.76224,40.37265],[-3.76193,40.37446],[-3.76184,40.37447],[-3.75797,40.3755],[-3.75787,40.37623],[-3.75746,40.37702],[-3.75667,40.37819],[-3.75581,40.37843],[-3.75582,40.37844],[-3.75597,40.37871],[-3.75609,40.37893],[-3.75624,40.37923],[-3.75719,40.38112],[-3.75808,40.38249],[-3.75861,40.38308],[-3.75928,40.38369],[-3.76166,40.38549],[-3.76208,40.38584],[-3.76412,40.38759],[-3.76483,40.38819],[-3.76659,40.38967],[-3.77161,40.39385],[-3.77655,40.39003],[-3.78126,40.38642],[-3.78478,40.3838],[-3.78763,40.38165]]]]}},
{"type":"Feature","properties":{"location_id":"0-EU-ES-28-07-001-079-14-005","name":"Fontarr\u00f3n","city":"Madrid"},"geometry":{"type":"MultiPolygon","coordinates":[[[[-3.66528,40.40639],[-3.66118,40.40611],[-3.65972,40.40601],[-3.65721,40.40583],[-3.6551,40.40521],[-3.65419,40.40479],[-3.65166,40.40267],[-3.64807,40.39928],[-3.64715,40.39849],[-3.64697,40.39834],[-3.64478,40.39654],[-3.64286,40.39554],[-3.63998,40.39475],[-3.63964,40.39566],[-3.63957,40.39588],[-3.63616,40.40094],[-3.63919,40.40216],[-3.63977,40.4024],[-3.64018,40.40252],[-3.6407,40.40256],[-3.64132,40.40255],[-3.64191,40.40261],[-3.64265,40.40277],[-3.6432,40.40298],[-3.64401,40.40329],[-3.64451,40.40356],[-3.64487,40.40355],[-3.64582,40.40357],[-3.64699,40.40364],[-3.64767,40.40388],[-3.64854,40.40429],[-3.65145,40.4056],[-3.65181,40.40549],[-3.65401,40.40584],[-3.65482,40.40606],[-3.65593,40.40643],[-3.65688,40.40666],[-3.65803,40.40687],[-3.65842,40.40699],[-3.65899,40.40716],[-3.66173,40.40784],[-3.66424,40.40848],[-3.66528,40.40639]]]]}},
{"type":"Feature","properties":{"location_id":"0-EU-ES-28-07-001-079-15-009","name":"Costillares","city":"Madrid"},"geometry":{"type":"MultiPolygon","coordinates":[[[[-3.66046,40.48306],[-3.66328,40.48347],[-3.66508,40.48374],[-3.66658,40.48393],[-3.66826,40.48413],[-3.67344,40.48406],[-3.67376,40.48172],[-3.67447,40.47856],[-3.67442,40.47689],[-3.67398,40.47459],[-3.67342,40.47348],[-3.67277,40.47216],[-3.67214,40.47144],[-3.67141,40.4705],[-3.6703,40.4691],[-3.6686,40.46668],[-3.66756,40.46683],[-3.66396,40.46742],[-3.66344,40.46753],[-3.6635,40.46776],[-3.66433,40.47071],[-3.66527,40.47436],[-3.6657,40.47609],[-3.66572,40.47669],[-3.66565,40.47731],[-3.66504,40.47809],[-3.66415,40.47911],[-3.66243,40.48078],[-3.66192,40.48127],[-3.66131,40.48192],[-3.66046,40.48306]]]]}},
{"type":"Feature","properties":{"location_id":"0-EU-ES-28-07-001-079-11-002","name":"Opa\u00f1el","city":"Madrid"},"geometry":{"type":"MultiPolygon","coordinates":[[[[-3.71574,40.39751],[-3.71575,40.39774],[-3.717,40.39719],[-3.71794,40.39666],[-3.72731,40.39145],[-3.7283,40.39077],[-3.72972,40.38981],[-3.73168,40.38848],[-3.73175,40.38848],[-3.7321,40.38825],[-3.73191,40.38807],[-3.73156,40.38794],[-3.73122,40.38778],[-3.73056,40.38741],[-3.72854,40.38654],[-3.72771,40.38618],[-3.72672,40.38582],[-3.72541,40.38562],[-3.72361,40.38534],[-3.72271,40.3852],[-3.72185,40.38514],[-3.72108,40.38519],[-3.71743,40.38523],[-3.71727,40.38545],[-3.71739,40.38559],[-3.71637,40.38866],[-3.71607,40.38954],[-3.71595,40.38993],[-3.71528,40.39201],[-3.7152,40.39233],[-3.7153,40.3932],[-3.71566,40.39435],[-3.71513,40.39584],[-3.71552,40.39698],[-3.71574,40.39751]]]]}},
{"type":"Feature","properties":{"location_id":"0-EU-ES-28-07-001-079-15-002","name":"Pueblo Nuevo","city":"Madrid"},"geometry":{"type":"MultiPolygon","coordinates":[[[[-3.62673,40.41585],[-3.62758,40.4143],[-3.62543,40.41355],[-3.62271,40.41316],[-3.62037,40.41306],[-3.62033,40.4132],[-3.6212,40.41446],[-3.62333,40.41763],[-3.62563,40.42086],[-3.62651,40.42208],[-3.62832,40.42453],[-3.62879,40.42521],[-3.62925,40.42582],[-3.63232,40.43007],[-3.63268,40.43056],[-3.6364,40.4357],[-3.63794,40.43786],[-3.6386,40.43771],[-3.63949,40.43728],[-3.6413,40.4364],[-3.64432,40.43494],[-3.64657,40.43384],[-3.64798,40.43318],[-3.64823,40.43311],[-3.64619,40.43049],[-3.64609,40.4301],[-3.64601,40.42964],[-3.64564,40.42795],[-3.64553,40.42737],[-3.6456,40.42656],[-3.63958,40.42328],[-3.6333,40.41982],[-3.62978,40.4179],[-3.62673,40.41585]]]]}},
{"type":"Feature","properties":{"location_id":"0-EU-ES-28-07-001-079-19-001","name":"Casco Hist\u00f3rico de Vic\u00e1lvaro","city":"Madrid"},"geometry":{"type":"MultiPolygon","coordinates":[[[[-3.61711,40.40564],[-3.6172,40.40564],[-3.61721,40.40521],[-3.61714,40.40449],[-3.617,40.40407],[-3.6166,40.40297],[-3.61515,40.40283],[-3.61497,40.40279],[-3.61331,40.4023],[-3.61182,40.40186],[-3.61103,40.40279],[-3.60901,40.40174],[-3.60852,40.40152],[-3.60819,40.40138],[-3.6077,40.40117],[-3.60745,40.40096],[-3.60685,40.40082],[-3.60632,40.40067],[-3.60537,40.40037],[-3.60473,40.40033],[-3.60312,40.40035],[-3.60183,40.40017],[-3.60092,40.40148],[-3.60078,40.40168],[-3.59987,40.40241],[-3.59886,40.40318],[-3.5985,40.40353],[-3.60084,40.40456],[-3.60194,40.40505],[-3.60366,40.40573],[-3.60515,40.40581],[-3.60506,40.40609],[-3.60692,40.40613],[-3.60801,40.40614],[-3.60922,40.40603],[-3.60902,40.40415],[-3.60898,40.40371],[-3.60916,40.40357],[-3.60998,40.40413],[-3.61389,40.40465],[-3.61496,40.40478],[-3.61564,40.405],[-3.61671,40.40547],[-3.61711,40.40564]]]]}},
{"type":"Feature","properties":{"location_id":"0-EU-ES-28-07-001-079-20-007","name":"Canillejas","city":"Madrid"},"geometry":{"type":"MultiPolygon","coordinates":[[[[-3.61991,40.44967],[-3.61959,40.44783],[-3.6192,40.44693],[-3.61847,40.44618],[-3.61802,40.44503],[-3.61767,40.44488],[-3.61651,40.44435],[-3.61617,40.44406],[-3.61686,40.44366],[-3.61495,40.4402],[-3.61246,40.43571],[-3.61218,40.4345],[-3.61138,40.43466],[-3.61052,40.43477],[-3.60862,40.43507],[-3.60794,40.43518],[-3.60645,40.43575],[-3.60542,40.43615],[-3.60402,40.43738],[-3.6026,40.43914],[-3.60222,40.44011],[-3.60228,40.44105],[-3.60265,40.44187],[-3.60575,40.44694],[-3.605,40.448],[-3.60557,40.44936],[-3.60583,40.44975],[-3.61831,40.44968],[-3.61991,40.44967]]]]}},
{"type":"Feature","properties":{"location_id":"0-EU-ES-28-07-001-079-12-002","name":"12 de Octubre-Orcasur","city":"Madrid"},"geometry":{"type":"MultiPolygon","coordinates":[[[[-3.69069,40.38288],[-3.69213,40.38412],[-3.69401,40.38218],[-3.69527,40.38088],[-3.6958,40.38032],[-3.69989,40.37859],[-3.70036,40.37827],[-3.70098,40.37782],[-3.70133,40.37738],[-3.70162,40.37692],[-3.70237,40.37566],[-3.70256,40.37518],[-3.70264,40.37471],[-3.70269,40.37408],[-3.70279,40.3728],[-3.70327,40.37158],[-3.70343,40.37112],[-3.70359,40.36977],[-3.70378,40.36836],[-3.70411,40.36718],[-3.70513,40.36366],[-3.70365,40.36356],[-3.70195,40.36361],[-3.69855,40.36426],[-3.69667,40.36445],[-3.69398,40.3645],[-3.69424,40.36874],[-3.69486,40.3737],[-3.69494,40.37499],[-3.69475,40.37588],[-3.69417,40.37684],[-3.69192,40.38027],[-3.69057,40.38187],[-3.6899,40.3823],[-3.69069,40.38288]]]]}},
{"type":"Feature","properties":{"location_id":"0-EU-ES-28-07-001-079-01-004","name":"Chueca-Justicia","city":"Madrid"},"geometry":{"type":"MultiPolygon","coordinates":[[[[-3.70026,40.41988],[-3.69969,40.41976],[-3.69966,40.41975],[-3.69903,40.41956],[-3.69649,40.41881],[-3.6957,40.41898],[-3.69557,40.419],[-3.69367,40.41936],[-3.69311,40.4195],[-3.6927,40.41999],[-3.69244,40.42045],[-3.69216,40.42122],[-3.69121,40.42318],[-3.69064,40.42462],[-3.69045,40.42502],[-3.69117,40.42537],[-3.69229,40.42593],[-3.69317,40.42636],[-3.69488,40.42723],[-3.69534,40.42747],[-3.69592,40.42775],[-3.69714,40.42793],[-3.69775,40.42806],[-3.69957,40.42846],[-3.70113,40.4288],[-3.70151,40.42888],[-3.70193,40.42897],[-3.70242,40.42906],[-3.70221,40.42854],[-3.70131,40.42634],[-3.70092,40.42536],[-3.70076,40.42498],[-3.70066,40.424],[-3.70069,40.4231],[-3.70092,40.42202],[-3.70111,40.42154],[-3.70124,40.42118],[-3.70143,40.42063],[-3.70151,40.42035],[-3.70165,40.42003],[-3.70118,40.41999],[-3.70069,40.41993],[-3.70026,40.41988]]]]}},
{"type":"Feature","properties":{"location_id":"0-EU-ES-28-07-001-079-13-004","name":"Palomeras sureste","city":"Madrid"},"geometry":{"type":"MultiPolygon","coordinates":[[[[-3.64043,40.39378],[-3.64176,40.39197],[-3.64281,40.39055],[-3.64388,40.38909],[-3.64554,40.38694],[-3.64706,40.38496],[-3.64783,40.38398],[-3.6483,40.38351],[-3.64844,40.38335],[-3.64892,40.38293],[-3.64995,40.38228],[-3.6505,40.38203],[-3.65099,40.38185],[-3.65193,40.38157],[-3.65286,40.3814],[-3.65279,40.37777],[-3.65262,40.37605],[-3.64981,40.37624],[-3.64782,40.37669],[-3.64542,40.37725],[-3.63905,40.3787],[-3.63606,40.3794],[-3.62487,40.38203],[-3.62533,40.38346],[-3.62451,40.38448],[-3.62344,40.38705],[-3.62245,40.38943],[-3.62188,40.39081],[-3.62646,40.39183],[-3.6311,40.39283],[-3.63638,40.39397],[-3.63998,40.39475],[-3.64043,40.39378]]]]}},
{"type":"Feature","properties":{"location_id":"0-EU-ES-28-07-001-079-18-001","name":"Casco Hist\u00f3rico de Vallecas","city":"Madrid"},"geometry":{"type":"MultiPolygon","coordinates":[[[[-3.63292,40.38013],[-3.63266,40.3798],[-3.62996,40.37958],[-3.62878,40.37948],[-3.62765,40.37925],[-3.62885,40.37829],[-3.63015,40.37724],[-3.62967,40.3772],[-3.62797,40.37727],[-3.62665,40.37737],[-3.62555,40.37644],[-3.62515,40.37611],[-3.62469,40.37594],[-3.62585,40.37486],[-3.62418,40.37347],[-3.62479,40.37303],[-3.62574,40.37226],[-3.62531,40.37185],[-3.62504,40.37141],[-3.62457,40.37038],[-3.6244,40.37003],[-3.62377,40.36869],[-3.62097,40.36915],[-3.61977,40.36923],[-3.6189,40.36946],[-3.61746,40.36963],[-3.61661,40.37006],[-3.61488,40.37087],[-3.61441,40.37108],[-3.61532,40.37202],[-3.61559,40.37257],[-3.61576,40.37338],[-3.61572,40.37406],[-3.6153,40.37505],[-3.61363,40.37928],[-3.61504,40.3794],[-3.61727,40.37949],[-3.6173,40.38011],[-3.61751,40.38087],[-3.61841,40.38081],[-3.61732,40.38139],[-3.61885,40.38264],[-3.61903,40.38289],[-3.6192,40.38337],[-3.63079,40.38062],[-3.63292,40.38013]]]]}},
{"type":"Feature","properties":{"location_id":"0-EU-ES-28-07-001-079-13-006","name":"Numancia","city":"Madrid"},"geometry":{"type":"MultiPolygon","coordinates":[[[[-3.66817,40.3999],[-3.66837,40.39955],[-3.66927,40.39833],[-3.66919,40.39828],[-3.66717,40.39725],[-3.66607,40.39668],[-3.66529,40.39625],[-3.66474,40.39595],[-3.66408,40.39561],[-3.66239,40.39472],[-3.66182,40.39443],[-3.65993,40.39343],[-3.65705,40.39192],[-3.65648,40.39179],[-3.65418,40.39159],[-3.65379,40.39335],[-3.65356,40.39374],[-3.65283,40.3945],[-3.6517,40.39543],[-3.64815,40.39779],[-3.64715,40.39848],[-3.64807,40.39928],[-3.64962,40.40074],[-3.65057,40.40164],[-3.65167,40.40267],[-3.65241,40.4033],[-3.65419,40.40479],[-3.65511,40.4052],[-3.65577,40.40539],[-3.65722,40.40582],[-3.65879,40.40593],[-3.66202,40.40616],[-3.66528,40.40638],[-3.66594,40.40506],[-3.66629,40.40424],[-3.66671,40.40319],[-3.66783,40.40058],[-3.66817,40.3999]]]]}},
{"type":"Feature","properties":{"location_id":"0-EU-ES-28-07-001-079-02-002","name":"Acacias","city":"Madrid"},"geometry":{"type":"MultiPolygon","coordinates":[[[[-3.71052,40.40644],[-3.71168,40.4067],[-3.71183,40.40632],[-3.71203,40.40584],[-3.71229,40.40525],[-3.71263,40.40451],[-3.71297,40.40378],[-3.71395,40.40172],[-3.71414,40.40132],[-3.71425,40.40109],[-3.71435,40.40088],[-3.71464,40.40029],[-3.71479,40.39998],[-3.71482,40.39992],[-3.71491,40.39973],[-3.71498,40.39959],[-3.71438,40.39943],[-3.71348,40.39902],[-3.71106,40.3972],[-3.71032,40.39681],[-3.70935,40.39646],[-3.70564,40.39538],[-3.7047,40.395],[-3.70214,40.39786],[-3.70091,40.39923],[-3.69934,40.40092],[-3.69943,40.40105],[-3.69959,40.40127],[-3.70053,40.40243],[-3.70117,40.40324],[-3.70207,40.40439],[-3.70248,40.40493],[-3.70254,40.40498],[-3.70258,40.40501],[-3.70273,40.40497],[-3.70324,40.40509],[-3.70582,40.40557],[-3.70712,40.40581],[-3.71052,40.40644]]]]}},
{"type":"Feature","properties":{"location_id":"0-EU-ES-28-07-001-079-07-001","name":"Gaztambide","city":"Madrid"},"geometry":{"type":"MultiPolygon","coordinates":[[[[-3.71828,40.43552],[-3.71842,40.43474],[-3.71783,40.43392],[-3.71735,40.43324],[-3.718,40.433],[-3.71767,40.43255],[-3.71696,40.43158],[-3.71671,40.43123],[-3.71641,40.43081],[-3.71628,40.43063],[-3.7132,40.43034],[-3.7119,40.43021],[-3.71183,40.43032],[-3.71172,40.43172],[-3.7116,40.43307],[-3.71151,40.43415],[-3.71143,40.43528],[-3.71139,40.43572],[-3.71134,40.43632],[-3.71112,40.43891],[-3.71544,40.43908],[-3.71623,40.43913],[-3.71698,40.43918],[-3.71761,40.43923],[-3.71767,40.43902],[-3.71772,40.43874],[-3.71786,40.43791],[-3.718,40.43714],[-3.7181,40.4365],[-3.71828,40.43552]]]]}},
{"type":"Feature","properties":{"location_id":"0-EU-ES-28-07-001-079-13-002","name":"San Diego","city":"Madrid"},"geometry":{"type":"MultiPolygon","coordinates":[[[[-3.66798,40.38156],[-3.6669,40.38058],[-3.6661,40.38117],[-3.66475,40.38222],[-3.6642,40.38267],[-3.66394,40.38248],[-3.66343,40.38311],[-3.66349,40.38342],[-3.66377,40.38458],[-3.66392,40.38532],[-3.66434,40.38778],[-3.66454,40.38858],[-3.66489,40.38972],[-3.6651,40.39032],[-3.66442,40.39141],[-3.66418,40.39203],[-3.66398,40.3926],[-3.6638,40.39309],[-3.66242,40.39471],[-3.66329,40.39518],[-3.66409,40.39561],[-3.66474,40.39595],[-3.66496,40.39607],[-3.66536,40.39628],[-3.66605,40.39666],[-3.66713,40.39722],[-3.66846,40.3979],[-3.66891,40.39813],[-3.66929,40.39831],[-3.67162,40.39559],[-3.67343,40.39439],[-3.67234,40.3906],[-3.67226,40.39036],[-3.67124,40.38715],[-3.67033,40.38486],[-3.66973,40.38384],[-3.66912,40.38295],[-3.66798,40.38156]]]]}},
{"type":"Feature","properties":{"location_id":"0-EU-ES-28-07-001-079-05-003","name":"Ciudad Jard\u00edn","city":"Madrid"},"geometry":{"type":"MultiPolygon","coordinates":[[[[-3.6653,40.45123],[-3.66542,40.45164],[-3.66548,40.45185],[-3.66551,40.45235],[-3.66553,40.45248],[-3.66683,40.4523],[-3.66746,40.45235],[-3.66814,40.4524],[-3.66872,40.45245],[-3.66965,40.45247],[-3.67027,40.45244],[-3.6717,40.45211],[-3.67288,40.45183],[-3.67339,40.45173],[-3.67376,40.45165],[-3.67414,40.45164],[-3.67441,40.45163],[-3.67482,40.45164],[-3.67536,40.45163],[-3.67593,40.45163],[-3.6776,40.45163],[-3.67786,40.44905],[-3.67794,40.4485],[-3.67798,40.44815],[-3.67836,40.44461],[-3.67873,40.44136],[-3.67828,40.44156],[-3.67764,40.44185],[-3.67708,40.44211],[-3.67678,40.44228],[-3.67593,40.44277],[-3.67545,40.44316],[-3.67488,40.44361],[-3.67459,40.44385],[-3.67419,40.4442],[-3.67388,40.44442],[-3.67343,40.44472],[-3.67078,40.44635],[-3.66959,40.44718],[-3.66939,40.44732],[-3.66922,40.44746],[-3.66899,40.44765],[-3.66854,40.44799],[-3.66806,40.44825],[-3.66756,40.44852],[-3.66709,40.44877],[-3.66656,40.44908],[-3.66567,40.4498],[-3.66494,40.4504],[-3.6653,40.45123]]]]}},
{"type":"Feature","properties":{"location_id":"0-EU-ES-28-07-001-079-02-004","name":"Legazpi","city":"Madrid"},"geometry":{"type":"MultiPolygon","coordinates":[[[[-3.69808,40.38913],[-3.69768,40.38871],[-3.69282,40.3847],[-3.69072,40.3829],[-3.69023,40.38257],[-3.68995,40.38235],[-3.6881,40.38308],[-3.68731,40.38325],[-3.68676,40.38336],[-3.68626,40.38346],[-3.68541,40.38363],[-3.68484,40.38379],[-3.68392,40.38402],[-3.68368,40.38411],[-3.68326,40.38428],[-3.68283,40.38472],[-3.68229,40.38522],[-3.68111,40.38693],[-3.68048,40.38783],[-3.67994,40.38859],[-3.67897,40.38998],[-3.67789,40.391],[-3.67671,40.39213],[-3.67642,40.39229],[-3.67855,40.39405],[-3.67972,40.39514],[-3.68107,40.3946],[-3.68256,40.39379],[-3.68393,40.39312],[-3.68476,40.39404],[-3.68724,40.39278],[-3.68851,40.3924],[-3.6889,40.3931],[-3.69022,40.39267],[-3.69446,40.39126],[-3.69504,40.39136],[-3.69506,40.39119],[-3.69523,40.39098],[-3.69697,40.38985],[-3.69808,40.38913]]]]}},
{"type":"Feature","properties":{"location_id":"0-EU-ES-28-07-001-079-07-004","name":"Almagro","city":"Madrid"},"geometry":{"type":"MultiPolygon","coordinates":[[[[-3.70013,40.43815],[-3.69988,40.43756],[-3.69949,40.43671],[-3.69902,40.43557],[-3.69877,40.43498],[-3.69861,40.43463],[-3.69849,40.43438],[-3.69762,40.43234],[-3.69714,40.43126],[-3.69662,40.43],[-3.69649,40.42972],[-3.69605,40.42863],[-3.6959,40.42828],[-3.6958,40.42808],[-3.69578,40.42796],[-3.69559,40.42759],[-3.69538,40.42749],[-3.6949,40.42724],[-3.69383,40.42669],[-3.69368,40.42662],[-3.69315,40.42635],[-3.69277,40.42616],[-3.6923,40.42594],[-3.69142,40.4255],[-3.69132,40.42545],[-3.69045,40.42502],[-3.69038,40.42526],[-3.69027,40.42562],[-3.6901,40.42633],[-3.69,40.42672],[-3.68984,40.42738],[-3.68965,40.42817],[-3.68947,40.42889],[-3.68936,40.42942],[-3.68876,40.43176],[-3.68843,40.43304],[-3.68851,40.4336],[-3.68856,40.43384],[-3.68882,40.43521],[-3.6894,40.4361],[-3.68999,40.43696],[-3.69048,40.43765],[-3.6907,40.438],[-3.69161,40.43807],[-3.69253,40.43812],[-3.69294,40.43813],[-3.69457,40.43821],[-3.69564,40.43826],[-3.69677,40.43831],[-3.69785,40.43837],[-3.69861,40.43841],[-3.69993,40.43847],[-3.70029,40.43848],[-3.70013,40.43815]]]]}},
{"type":"Feature","properties":{"location_id":"0-EU-ES-28-07-001-079-10-005","name":"Campamento","city":"Madrid"},"geometry":{"type":"MultiPolygon","coordinates":[[[[-3.76619,40.39917],[-3.77432,40.40019],[-3.77604,40.40002],[-3.778,40.39947],[-3.77822,40.39796],[-3.77808,40.39751],[-3.77839,40.39745],[-3.77906,40.39715],[-3.77959,40.3968],[-3.77975,40.39631],[-3.7801,40.39577],[-3.78095,40.39514],[-3.78184,40.39404],[-3.78928,40.39211],[-3.78905,40.39389],[-3.7931,40.39292],[-3.79614,40.39227],[-3.80563,40.39212],[-3.81008,40.39224],[-3.81936,40.3964],[-3.82416,40.39625],[-3.83298,40.39571],[-3.83276,40.39455],[-3.83045,40.39115],[-3.82905,40.38918],[-3.82508,40.38391],[-3.82318,40.38085],[-3.82117,40.3791],[-3.81989,40.37764],[-3.81296,40.36974],[-3.8107,40.36397],[-3.80702,40.36665],[-3.80457,40.36855],[-3.79841,40.37326],[-3.79285,40.37758],[-3.78985,40.37996],[-3.78572,40.38309],[-3.78102,40.3866],[-3.77692,40.38974],[-3.77145,40.39397],[-3.7668,40.39761],[-3.76506,40.39903],[-3.76619,40.39917]]]]}},
{"type":"Feature","properties":{"location_id":"0-EU-ES-28-07-001-079-10-006","name":"Cuatro Vientos","city":"Madrid"},"geometry":{"type":"MultiPolygon","coordinates":[[[[-3.77075,40.37396],[-3.77513,40.37461],[-3.77719,40.37493],[-3.78077,40.3755],[-3.78152,40.37562],[-3.78227,40.37599],[-3.78273,40.37644],[-3.78303,40.37683],[-3.78362,40.3776],[-3.78383,40.37805],[-3.78422,40.37892],[-3.7846,40.37976],[-3.78486,40.38006],[-3.78519,40.38036],[-3.78615,40.38089],[-3.78763,40.38165],[-3.78977,40.38002],[-3.79402,40.37665],[-3.7988,40.37291],[-3.80702,40.36664],[-3.80468,40.36482],[-3.80293,40.36336],[-3.79777,40.3619],[-3.79445,40.36147],[-3.79108,40.36002],[-3.78762,40.35866],[-3.78478,40.35995],[-3.78205,40.36144],[-3.78024,40.36192],[-3.7774,40.36435],[-3.7747,40.36128],[-3.77163,40.36278],[-3.77154,40.36548],[-3.76764,40.36606],[-3.76704,40.36614],[-3.76694,40.36662],[-3.76627,40.37],[-3.77157,40.37099],[-3.77103,40.373],[-3.77075,40.37396]]]]}},
{"type":"Feature","properties":{"location_id":"0-EU-ES-28-07-001-079-07-006","name":"Vallehermoso","city":"Madrid"},"geometry":{"type":"MultiPolygon","coordinates":[[[[-3.70673,40.44708],[-3.70804,40.44715],[-3.70847,40.44717],[-3.709,40.44712],[-3.70933,40.44707],[-3.71035,40.44679],[-3.71232,40.4463],[-3.71445,40.44578],[-3.71481,40.44579],[-3.71593,40.44615],[-3.71699,40.44657],[-3.71746,40.44669],[-3.71804,40.44671],[-3.71824,40.4467],[-3.71933,40.44563],[-3.71965,40.4453],[-3.71984,40.44515],[-3.71993,40.44498],[-3.71997,40.44493],[-3.71979,40.44373],[-3.71957,40.44347],[-3.71906,40.44258],[-3.71834,40.44123],[-3.71802,40.44063],[-3.71771,40.44003],[-3.71759,40.43944],[-3.71761,40.43923],[-3.71625,40.43913],[-3.71583,40.4391],[-3.71263,40.43897],[-3.71117,40.43892],[-3.70991,40.43888],[-3.70835,40.43881],[-3.70735,40.43878],[-3.7071,40.43877],[-3.70672,40.43876],[-3.70519,40.4387],[-3.70425,40.43867],[-3.7042,40.43996],[-3.70417,40.44082],[-3.70415,40.44174],[-3.70414,40.44227],[-3.7041,40.44325],[-3.70408,40.4439],[-3.70407,40.4441],[-3.70406,40.44432],[-3.70404,40.44514],[-3.704,40.4459],[-3.70396,40.44662],[-3.70398,40.44691],[-3.70461,40.44696],[-3.70548,40.44703],[-3.70673,40.44708]]]]}},
{"type":"Feature","properties":{"location_id":"0-EU-ES-28-07-001-079-15-008","name":"Atalaya","city":"Madrid"},"geometry":{"type":"MultiPolygon","coordinates":[[[[-3.66561,40.46123],[-3.66527,40.46057],[-3.665,40.46002],[-3.66432,40.46032],[-3.66384,40.46058],[-3.6635,40.46079],[-3.66335,40.46092],[-3.66299,40.46121],[-3.66382,40.46187],[-3.6627,40.46284],[-3.66207,40.4634],[-3.66246,40.46407],[-3.66264,40.46475],[-3.66305,40.46619],[-3.66343,40.46753],[-3.66395,40.46741],[-3.66606,40.46707],[-3.66753,40.46683],[-3.6686,40.46667],[-3.66847,40.4665],[-3.66787,40.46565],[-3.66613,40.46228],[-3.66583,40.46169],[-3.66561,40.46123]]]]}},
{"type":"Feature","properties":{"location_id":"0-EU-ES-28-07-001-079-13-003","name":"Palomeras Bajas","city":"Madrid"},"geometry":{"type":"MultiPolygon","coordinates":[[[[-3.65398,40.39157],[-3.65487,40.39165],[-3.65649,40.39179],[-3.65706,40.39191],[-3.65987,40.39338],[-3.66239,40.39471],[-3.66379,40.39309],[-3.66397,40.3926],[-3.66409,40.39226],[-3.66441,40.39141],[-3.66509,40.39032],[-3.66498,40.38999],[-3.66488,40.3897],[-3.66464,40.3889],[-3.66454,40.38857],[-3.66438,40.38797],[-3.66432,40.3877],[-3.66397,40.38569],[-3.66391,40.38533],[-3.66378,40.38464],[-3.66374,40.38445],[-3.66366,40.38416],[-3.66353,40.38359],[-3.66349,40.38342],[-3.66343,40.38311],[-3.66394,40.38247],[-3.6642,40.38266],[-3.66477,40.38221],[-3.66531,40.38178],[-3.66609,40.38118],[-3.6669,40.38057],[-3.66558,40.37965],[-3.66538,40.3795],[-3.66442,40.37883],[-3.66232,40.37788],[-3.65961,40.37681],[-3.6572,40.37626],[-3.65527,40.37602],[-3.65409,40.37601],[-3.65263,40.37604],[-3.6528,40.37774],[-3.65286,40.38142],[-3.65308,40.38401],[-3.65308,40.38669],[-3.65303,40.38736],[-3.65293,40.38923],[-3.65373,40.39134],[-3.65398,40.39157]]]]}},
{"type":"Feature","properties":{"location_id":"0-EU-ES-28-07-001-079-17-003","name":"Butarque","city":"Madrid"},"geometry":{"type":"MultiPolygon","coordinates":[[[[-3.6809,40.35979],[-3.68131,40.35937],[-3.68181,40.35882],[-3.68292,40.35763],[-3.68338,40.3569],[-3.68372,40.35492],[-3.68356,40.35116],[-3.68349,40.34738],[-3.68352,40.34374],[-3.68377,40.33935],[-3.68391,40.33861],[-3.68427,40.33787],[-3.68472,40.33696],[-3.68576,40.33563],[-3.68729,40.33443],[-3.68854,40.33372],[-3.69014,40.33317],[-3.69252,40.33265],[-3.69227,40.32163],[-3.69225,40.32052],[-3.68777,40.32193],[-3.68471,40.32225],[-3.68365,40.32329],[-3.682,40.32363],[-3.68064,40.32468],[-3.68052,40.3257],[-3.67902,40.32647],[-3.67024,40.32522],[-3.66345,40.32946],[-3.66156,40.3278],[-3.6582,40.32787],[-3.65751,40.32925],[-3.65799,40.33105],[-3.6587,40.33264],[-3.65888,40.33376],[-3.66093,40.33569],[-3.6618,40.33795],[-3.66323,40.33951],[-3.66352,40.34177],[-3.66445,40.34335],[-3.66477,40.34393],[-3.66959,40.34514],[-3.66919,40.34693],[-3.66911,40.34787],[-3.66989,40.34945],[-3.67244,40.3501],[-3.67326,40.35084],[-3.67368,40.35188],[-3.67397,40.35305],[-3.6757,40.3538],[-3.67643,40.35406],[-3.67746,40.3572],[-3.68008,40.35878],[-3.6809,40.35979]]]]}},
{"type":"Feature","properties":{"location_id":"0-EU-ES-28-07-001-079-21-003","name":"Casco Hist\u00f3rico de Barajas","city":"Madrid"},"geometry":{"type":"MultiPolygon","coordinates":[[[[-3.58209,40.46785],[-3.58134,40.4674],[-3.5808,40.46763],[-3.58043,40.46796],[-3.57931,40.46982],[-3.57818,40.47069],[-3.57695,40.47164],[-3.57647,40.47145],[-3.57599,40.47129],[-3.57513,40.47142],[-3.57457,40.47285],[-3.57438,40.47378],[-3.57438,40.47428],[-3.57465,40.47494],[-3.57504,40.47563],[-3.57569,40.47633],[-3.57662,40.47712],[-3.57713,40.47758],[-3.57811,40.4784],[-3.57883,40.47893],[-3.57986,40.47934],[-3.58054,40.47954],[-3.5811,40.47963],[-3.5814,40.47851],[-3.58229,40.47603],[-3.58244,40.47541],[-3.5824,40.47489],[-3.58175,40.47198],[-3.58153,40.47083],[-3.58144,40.46921],[-3.58189,40.46822],[-3.58209,40.46785]]]]}},
{"type":"Feature","properties":{"location_id":"0-EU-ES-28-07-001-079-21-005","name":"Campo de las Naciones-Corralejos","city":"Madrid"},"geometry":{"type":"MultiPolygon","coordinates":[[[[-3.60551,40.45297],[-3.60535,40.45281],[-3.60529,40.45277],[-3.60109,40.45667],[-3.60045,40.45727],[-3.59986,40.45768],[-3.59572,40.45953],[-3.59314,40.46059],[-3.59008,40.46192],[-3.58896,40.46239],[-3.58446,40.46532],[-3.58335,40.46611],[-3.58254,40.46709],[-3.58224,40.4676],[-3.58276,40.46795],[-3.58369,40.46832],[-3.5844,40.46848],[-3.58542,40.46857],[-3.5878,40.46864],[-3.59341,40.46876],[-3.59517,40.46881],[-3.59968,40.46942],[-3.6014,40.46986],[-3.60281,40.47035],[-3.60321,40.47048],[-3.60663,40.47163],[-3.60882,40.47187],[-3.61589,40.47198],[-3.62354,40.47234],[-3.62424,40.47143],[-3.62463,40.47023],[-3.62427,40.46875],[-3.62784,40.4684],[-3.6269,40.46718],[-3.62586,40.46582],[-3.62478,40.46439],[-3.6235,40.46284],[-3.62171,40.46078],[-3.621,40.4602],[-3.61906,40.45901],[-3.61774,40.45831],[-3.61228,40.45543],[-3.61115,40.45503],[-3.60882,40.45434],[-3.60763,40.45401],[-3.60655,40.45358],[-3.60551,40.45297]]]]}},
{"type":"Feature","properties":{"location_id":"0-EU-ES-28-07-001-079-11-007","name":"Abrantes","city":"Madrid"},"geometry":{"type":"MultiPolygon","coordinates":[[[[-3.71966,40.37429],[-3.71902,40.37956],[-3.71885,40.38099],[-3.71871,40.38148],[-3.71845,40.38234],[-3.71772,40.38485],[-3.71741,40.38522],[-3.71802,40.38522],[-3.72109,40.38519],[-3.72184,40.38514],[-3.7227,40.3852],[-3.72539,40.38561],[-3.72634,40.38576],[-3.72671,40.38582],[-3.72769,40.38616],[-3.72791,40.38559],[-3.72796,40.38552],[-3.72896,40.38404],[-3.72913,40.3838],[-3.72983,40.38278],[-3.73066,40.38183],[-3.73159,40.38063],[-3.73224,40.37979],[-3.73258,40.37934],[-3.73284,40.37925],[-3.73721,40.37776],[-3.73631,40.37714],[-3.73506,40.37629],[-3.73444,40.37586],[-3.7357,40.3747],[-3.73606,40.37431],[-3.73642,40.37384],[-3.73616,40.37384],[-3.73544,40.3738],[-3.73394,40.37366],[-3.72861,40.37316],[-3.72657,40.37329],[-3.72274,40.37352],[-3.7209,40.37365],[-3.71972,40.37372],[-3.71966,40.37429]]]]}},
{"type":"Feature","properties":{"location_id":"0-EU-ES-28-07-001-079-05-006","name":"Castilla","city":"Madrid"},"geometry":{"type":"MultiPolygon","coordinates":[[[[-3.68539,40.48201],[-3.68554,40.48087],[-3.68574,40.48003],[-3.68709,40.47472],[-3.68724,40.47411],[-3.68759,40.47278],[-3.68826,40.47019],[-3.68891,40.46771],[-3.68919,40.46659],[-3.68935,40.46603],[-3.68788,40.4663],[-3.68678,40.46652],[-3.68604,40.46669],[-3.68298,40.46733],[-3.68196,40.4674],[-3.68066,40.46751],[-3.68003,40.46755],[-3.67923,40.46761],[-3.67897,40.46749],[-3.67817,40.4675],[-3.67707,40.46777],[-3.67638,40.46767],[-3.67606,40.46762],[-3.67498,40.4673],[-3.67437,40.46712],[-3.67381,40.46695],[-3.67188,40.46622],[-3.67126,40.46619],[-3.66864,40.46665],[-3.66973,40.46824],[-3.67009,40.46878],[-3.67106,40.47004],[-3.67198,40.47122],[-3.67279,40.47217],[-3.67364,40.47389],[-3.674,40.4746],[-3.67443,40.47693],[-3.67447,40.47856],[-3.67408,40.48041],[-3.67382,40.48157],[-3.67348,40.48401],[-3.67424,40.484],[-3.67815,40.48393],[-3.67992,40.48354],[-3.68244,40.48295],[-3.68312,40.48282],[-3.68405,40.48273],[-3.68505,40.48254],[-3.68539,40.48201]]]]}},
{"type":"Feature","properties":{"location_id":"0-EU-ES-28-07-001-079-17-004","name":"Los Rosales","city":"Madrid"},"geometry":{"type":"MultiPolygon","coordinates":[[[[-3.69399,40.36448],[-3.69354,40.36086],[-3.69339,40.35962],[-3.69332,40.35866],[-3.69323,40.35557],[-3.69307,40.35045],[-3.69298,40.34584],[-3.68799,40.34709],[-3.68705,40.34745],[-3.68596,40.348],[-3.68531,40.34842],[-3.68478,40.349],[-3.68414,40.34993],[-3.68402,40.35053],[-3.68359,40.35143],[-3.68373,40.35443],[-3.68373,40.35493],[-3.68342,40.3569],[-3.68295,40.35762],[-3.68088,40.35986],[-3.68184,40.36119],[-3.68284,40.3615],[-3.68538,40.3624],[-3.68896,40.36368],[-3.69124,40.36422],[-3.69399,40.36448]]]]}},
{"type":"Feature","properties":{"location_id":"0-EU-ES-28-07-001-079-17-001","name":"San Andr\u00e9s","city":"Madrid"},"geometry":{"type":"MultiPolygon","coordinates":[[[[-3.72071,40.36477],[-3.72138,40.3596],[-3.72181,40.35654],[-3.7227,40.35015],[-3.72377,40.34223],[-3.72411,40.34013],[-3.72457,40.33618],[-3.72482,40.33381],[-3.72276,40.33295],[-3.72004,40.3309],[-3.7129,40.32745],[-3.7123,40.32372],[-3.70806,40.32304],[-3.7033,40.322],[-3.69644,40.32217],[-3.69328,40.32018],[-3.69228,40.3205],[-3.69252,40.33261],[-3.69265,40.33744],[-3.69279,40.3412],[-3.69299,40.34582],[-3.69391,40.34581],[-3.69439,40.34578],[-3.69509,40.34581],[-3.69576,40.34585],[-3.69712,40.34617],[-3.69827,40.3467],[-3.69891,40.34713],[-3.69954,40.34769],[-3.70052,40.34856],[-3.70174,40.34944],[-3.70346,40.35069],[-3.70545,40.35227],[-3.70626,40.35308],[-3.70671,40.35374],[-3.70698,40.35439],[-3.70721,40.35581],[-3.70554,40.36268],[-3.70517,40.36365],[-3.71364,40.36421],[-3.71671,40.36451],[-3.71848,40.36465],[-3.72071,40.36477]]]]}},
{"type":"Feature","properties":{"location_id":"0-EU-ES-28-07-001-079-06-002","name":"Cuatro Caminos","city":"Madrid"},"geometry":{"type":"MultiPolygon","coordinates":[[[[-3.70228,40.45607],[-3.70245,40.45562],[-3.7027,40.45494],[-3.7028,40.45437],[-3.70284,40.45403],[-3.70316,40.45255],[-3.70321,40.4523],[-3.70328,40.45182],[-3.70353,40.44998],[-3.7038,40.44825],[-3.70393,40.4474],[-3.70399,40.44691],[-3.70212,40.4468],[-3.70092,40.44672],[-3.69866,40.44658],[-3.69649,40.44646],[-3.69575,40.44643],[-3.69365,40.44633],[-3.69118,40.44621],[-3.69063,40.45205],[-3.69043,40.45412],[-3.69032,40.4552],[-3.69024,40.45611],[-3.69075,40.45617],[-3.69139,40.45621],[-3.69319,40.4563],[-3.69518,40.45639],[-3.69598,40.45644],[-3.69691,40.4565],[-3.69888,40.45695],[-3.6997,40.45712],[-3.70104,40.4574],[-3.7015,40.4575],[-3.70184,40.45695],[-3.70228,40.45607]]]]}},
{"type":"Feature","properties":{"location_id":"0-EU-ES-28-07-001-079-12-006","name":"Zof\u00edo","city":"Madrid"},"geometry":{"type":"MultiPolygon","coordinates":[[[[-3.71176,40.38503],[-3.71188,40.38516],[-3.71216,40.38516],[-3.71312,40.38517],[-3.71692,40.38521],[-3.71742,40.38522],[-3.71774,40.38484],[-3.71884,40.38099],[-3.71924,40.37759],[-3.71938,40.37667],[-3.7197,40.37382],[-3.71609,40.37381],[-3.71428,40.37375],[-3.71376,40.37364],[-3.71221,40.37329],[-3.71221,40.37611],[-3.71223,40.37739],[-3.71151,40.37966],[-3.71128,40.38083],[-3.71127,40.38269],[-3.71135,40.38406],[-3.71148,40.38456],[-3.71164,40.38484],[-3.71176,40.38503]]]]}},
{"type":"Feature","properties":{"location_id":"0-EU-ES-28-07-001-079-01-002","name":"Lavapi\u00e9s-Embajadores","city":"Madrid"},"geometry":{"type":"MultiPolygon","coordinates":[[[[-3.71041,40.40881],[-3.71104,40.40803],[-3.71138,40.4073],[-3.71161,40.40683],[-3.71168,40.4067],[-3.71054,40.40644],[-3.70711,40.40581],[-3.70549,40.40552],[-3.70324,40.40508],[-3.70294,40.40502],[-3.70273,40.40497],[-3.70027,40.40563],[-3.69935,40.40589],[-3.69401,40.40735],[-3.69346,40.40754],[-3.69238,40.40826],[-3.69207,40.40899],[-3.69213,40.40919],[-3.694,40.40989],[-3.69456,40.41014],[-3.69558,40.41059],[-3.69684,40.41121],[-3.69955,40.4126],[-3.70016,40.41292],[-3.70084,40.4132],[-3.70166,40.41352],[-3.70222,40.41371],[-3.70348,40.41414],[-3.70392,40.41431],[-3.70414,40.41421],[-3.70461,40.41398],[-3.70477,40.41392],[-3.70525,40.41395],[-3.70563,40.41401],[-3.70637,40.41399],[-3.70638,40.41386],[-3.70741,40.41356],[-3.70743,40.41343],[-3.70754,40.41295],[-3.70755,40.41272],[-3.70779,40.41241],[-3.70801,40.41199],[-3.70809,40.41184],[-3.7084,40.4113],[-3.70909,40.41045],[-3.70926,40.41024],[-3.7095,40.40993],[-3.70972,40.40965],[-3.71008,40.4092],[-3.71041,40.40881]]]]}},
{"type":"Feature","properties":{"location_id":"0-EU-ES-28-07-001-079-21-001","name":"Alameda de Osuna","city":"Madrid"},"geometry":{"type":"MultiPolygon","coordinates":[[[[-3.60419,40.45129],[-3.60387,40.44983],[-3.60189,40.45007],[-3.59768,40.45022],[-3.59225,40.45016],[-3.59144,40.45038],[-3.59061,40.45069],[-3.58957,40.45127],[-3.58857,40.45202],[-3.58712,40.45318],[-3.58579,40.45434],[-3.58362,40.45609],[-3.58282,40.45667],[-3.57797,40.46069],[-3.5805,40.46246],[-3.58086,40.46222],[-3.5834,40.46466],[-3.58447,40.46529],[-3.58668,40.46385],[-3.589,40.46236],[-3.59261,40.46079],[-3.59559,40.45957],[-3.59985,40.45765],[-3.60043,40.45725],[-3.60416,40.4538],[-3.60527,40.45277],[-3.60479,40.45224],[-3.60419,40.45129]]]]}},
{"type":"Feature","properties":{"location_id":"0-EU-ES-28-07-001-079-12-007","name":"Pradolongo","city":"Madrid"},"geometry":{"type":"MultiPolygon","coordinates":[[[[-3.70575,40.38583],[-3.70834,40.38555],[-3.71161,40.38518],[-3.71188,40.38517],[-3.71176,40.38503],[-3.71163,40.38484],[-3.71147,40.38455],[-3.71135,40.38407],[-3.71127,40.3828],[-3.71126,40.38259],[-3.71128,40.38083],[-3.71151,40.37964],[-3.71159,40.3794],[-3.71222,40.37739],[-3.7122,40.37579],[-3.7122,40.37329],[-3.70989,40.3727],[-3.70441,40.37121],[-3.70343,40.37112],[-3.70328,40.37156],[-3.70323,40.37168],[-3.7028,40.3728],[-3.70265,40.37471],[-3.70257,40.37519],[-3.70238,40.37567],[-3.70199,40.37633],[-3.70134,40.37739],[-3.70098,40.37783],[-3.70033,40.37829],[-3.70307,40.38109],[-3.70475,40.38015],[-3.70509,40.38203],[-3.70523,40.38286],[-3.7053,40.38329],[-3.70575,40.38583]]]]}},
{"type":"Feature","properties":{"location_id":"0-EU-ES-28-07-001-079-06-004","name":"Ventilla-Almenara","city":"Madrid"},"geometry":{"type":"MultiPolygon","coordinates":[[[[-3.70211,40.47379],[-3.70231,40.47362],[-3.70219,40.473],[-3.70225,40.47191],[-3.70234,40.47125],[-3.70077,40.47038],[-3.69957,40.46972],[-3.69857,40.46845],[-3.69767,40.46777],[-3.69719,40.46727],[-3.69627,40.46632],[-3.69558,40.46548],[-3.69541,40.4654],[-3.69446,40.46475],[-3.69392,40.46495],[-3.69273,40.46535],[-3.69251,40.46536],[-3.69156,40.4654],[-3.69107,40.46552],[-3.68996,40.46579],[-3.68936,40.46603],[-3.68724,40.47416],[-3.68873,40.47441],[-3.68914,40.47458],[-3.68939,40.47475],[-3.69021,40.47458],[-3.69088,40.47447],[-3.69133,40.47451],[-3.69164,40.47459],[-3.69198,40.47467],[-3.69251,40.47476],[-3.69304,40.4747],[-3.69385,40.47458],[-3.69419,40.47456],[-3.69482,40.47461],[-3.69508,40.47466],[-3.69571,40.47479],[-3.6964,40.47477],[-3.69714,40.47456],[-3.69787,40.47456],[-3.69839,40.47469],[-3.69874,40.47485],[-3.69936,40.47499],[-3.70016,40.47497],[-3.70062,40.47487],[-3.70119,40.47462],[-3.70211,40.47379]]]]}},
{"type":"Feature","properties":{"location_id":"0-EU-ES-28-07-001-079-12-003","name":"San Ferm\u00edn","city":"Madrid"},"geometry":{"type":"MultiPolygon","coordinates":[[[[-3.69398,40.36451],[-3.69124,40.36424],[-3.68895,40.36368],[-3.68282,40.36151],[-3.6819,40.36125],[-3.68269,40.36303],[-3.68312,40.36451],[-3.68308,40.36509],[-3.6826,40.36574],[-3.68165,40.36634],[-3.68169,40.36722],[-3.68203,40.36811],[-3.68232,40.369],[-3.68233,40.37003],[-3.68279,40.37067],[-3.68524,40.37158],[-3.68617,40.37193],[-3.68763,40.37462],[-3.68725,40.37602],[-3.68727,40.37696],[-3.68792,40.37866],[-3.6888,40.37998],[-3.68897,40.38088],[-3.68987,40.38231],[-3.69057,40.38185],[-3.6919,40.38027],[-3.69414,40.37688],[-3.69474,40.37588],[-3.69494,40.37499],[-3.69484,40.37369],[-3.69423,40.36874],[-3.69405,40.36568],[-3.69398,40.36451]]]]}},
{"type":"Feature","properties":{"location_id":"0-EU-ES-28-07-001-079-01-005","name":"Malasa\u00f1a-Universidad","city":"Madrid"},"geometry":{"type":"MultiPolygon","coordinates":[[[[-3.71312,40.43034],[-3.71628,40.43063],[-3.7162,40.43052],[-3.71518,40.42911],[-3.71403,40.42752],[-3.71251,40.42542],[-3.71161,40.4242],[-3.71088,40.42339],[-3.70748,40.42121],[-3.70596,40.42022],[-3.70578,40.42021],[-3.70526,40.4202],[-3.7031,40.42014],[-3.70283,40.42012],[-3.70233,40.42008],[-3.70177,40.42004],[-3.70165,40.42003],[-3.70151,40.42035],[-3.70143,40.42061],[-3.70124,40.42118],[-3.70092,40.42202],[-3.70081,40.42252],[-3.70075,40.42282],[-3.70069,40.4231],[-3.70066,40.42395],[-3.70066,40.42399],[-3.70076,40.42498],[-3.70094,40.4254],[-3.70111,40.42582],[-3.70126,40.42619],[-3.70151,40.42681],[-3.70226,40.42864],[-3.70243,40.42907],[-3.70267,40.42911],[-3.70305,40.42917],[-3.70368,40.42927],[-3.70478,40.42945],[-3.70516,40.42952],[-3.7056,40.42957],[-3.70583,40.4296],[-3.70592,40.42961],[-3.70612,40.42964],[-3.70654,40.42968],[-3.70934,40.42995],[-3.71023,40.43004],[-3.71164,40.43018],[-3.71312,40.43034]]]]}},
{"type":"Feature","properties":{"location_id":"0-EU-ES-28-07-001-079-12-005","name":"Moscard\u00f3","city":"Madrid"},"geometry":{"type":"MultiPolygon","coordinates":[[[[-3.7047,40.395],[-3.70571,40.39388],[-3.70639,40.39313],[-3.70809,40.39154],[-3.7111,40.39026],[-3.713,40.38943],[-3.71369,40.38878],[-3.71687,40.38577],[-3.71724,40.38541],[-3.7174,40.38523],[-3.7168,40.38521],[-3.71595,40.38519],[-3.71198,40.38516],[-3.71163,40.38518],[-3.71099,40.38525],[-3.70858,40.38553],[-3.70575,40.38583],[-3.7024,40.38624],[-3.70094,40.38717],[-3.6997,40.388],[-3.69944,40.38813],[-3.69903,40.38847],[-3.69866,40.38875],[-3.6981,40.38912],[-3.69908,40.39014],[-3.70175,40.39303],[-3.7026,40.39386],[-3.70321,40.39442],[-3.7047,40.395]]]]}},
{"type":"Feature","properties":{"location_id":"0-EU-ES-28-07-001-079-07-003","name":"Trafalgar","city":"Madrid"},"geometry":{"type":"MultiPolygon","coordinates":[[[[-3.70426,40.43865],[-3.70428,40.43761],[-3.70429,40.43711],[-3.7043,40.43682],[-3.70433,40.43542],[-3.70435,40.43478],[-3.70435,40.43418],[-3.70434,40.43378],[-3.70438,40.43363],[-3.70446,40.43334],[-3.70471,40.43263],[-3.70488,40.43215],[-3.705,40.4318],[-3.70514,40.43142],[-3.70566,40.43004],[-3.70583,40.4296],[-3.70561,40.42957],[-3.70517,40.42952],[-3.70478,40.42945],[-3.70308,40.42917],[-3.70283,40.42914],[-3.70243,40.42907],[-3.70193,40.42898],[-3.69718,40.42794],[-3.69592,40.42775],[-3.69559,40.42759],[-3.69578,40.42796],[-3.6958,40.42808],[-3.69591,40.42828],[-3.69649,40.42971],[-3.69664,40.43002],[-3.69668,40.43014],[-3.69733,40.4317],[-3.69749,40.43203],[-3.69765,40.43239],[-3.69784,40.43284],[-3.69852,40.43443],[-3.69873,40.43488],[-3.69894,40.43537],[-3.69949,40.4367],[-3.69982,40.43743],[-3.70014,40.43815],[-3.7003,40.43848],[-3.70262,40.43859],[-3.70426,40.43865]]]]}},
{"type":"Feature","properties":{"location_id":"0-EU-ES-28-07-001-079-07-002","name":"Arapiles","city":"Madrid"},"geometry":{"type":"MultiPolygon","coordinates":[[[[-3.71111,40.43892],[-3.71115,40.43853],[-3.71133,40.43639],[-3.71143,40.43532],[-3.71151,40.43415],[-3.71161,40.43296],[-3.71172,40.43171],[-3.71183,40.43033],[-3.7119,40.43021],[-3.71101,40.43012],[-3.70994,40.43001],[-3.70839,40.42986],[-3.70804,40.42983],[-3.707,40.42972],[-3.70612,40.42964],[-3.70583,40.4296],[-3.70566,40.43004],[-3.70527,40.4311],[-3.70501,40.43179],[-3.70472,40.43261],[-3.70446,40.43335],[-3.70438,40.43363],[-3.70435,40.43379],[-3.70436,40.43461],[-3.7043,40.43704],[-3.7043,40.43721],[-3.70427,40.43867],[-3.70643,40.43874],[-3.70732,40.43877],[-3.7083,40.4388],[-3.70992,40.43888],[-3.71111,40.43892]]]]}},
{"type":"Feature","properties":{"location_id":"0-EU-ES-28-07-001-079-19-003","name":"Valdebernardo - Valderribas","city":"Madrid"},"geometry":{"type":"MultiPolygon","coordinates":[[[[-3.62389,40.40619],[-3.62523,40.40363],[-3.62602,40.40201],[-3.627,40.39868],[-3.62751,40.39693],[-3.62859,40.3945],[-3.62972,40.39253],[-3.6251,40.39154],[-3.62187,40.39082],[-3.61591,40.38955],[-3.61243,40.38881],[-3.61072,40.38842],[-3.60898,40.38779],[-3.60861,40.3876],[-3.60704,40.38963],[-3.60493,40.39361],[-3.60416,40.39484],[-3.60366,40.39564],[-3.60274,40.39655],[-3.6018,40.39728],[-3.6004,40.39816],[-3.59621,40.40076],[-3.59363,40.40233],[-3.59475,40.40333],[-3.59505,40.40352],[-3.59554,40.40371],[-3.59765,40.40461],[-3.59854,40.40348],[-3.59885,40.40319],[-3.5999,40.40239],[-3.60077,40.40168],[-3.60182,40.40017],[-3.60311,40.40034],[-3.60476,40.40033],[-3.60538,40.40037],[-3.60581,40.4005],[-3.60653,40.40072],[-3.60702,40.40085],[-3.60744,40.40096],[-3.60771,40.40118],[-3.60818,40.40137],[-3.60851,40.40152],[-3.60908,40.40178],[-3.61102,40.40279],[-3.61181,40.40184],[-3.6151,40.40281],[-3.6157,40.40288],[-3.61661,40.40296],[-3.61714,40.40447],[-3.61721,40.4052],[-3.61721,40.40564],[-3.61885,40.40569],[-3.6227,40.40607],[-3.62389,40.40619]]]]}},
{"type":"Feature","properties":{"location_id":"0-EU-ES-28-07-001-079-20-001","name":"Simancas","city":"Madrid"},"geometry":{"type":"MultiPolygon","coordinates":[[[[-3.62919,40.42574],[-3.62878,40.4252],[-3.62831,40.42451],[-3.62765,40.42498],[-3.62321,40.42839],[-3.62285,40.42885],[-3.62266,40.42926],[-3.62174,40.43277],[-3.6216,40.43308],[-3.62118,40.4333],[-3.62021,40.43366],[-3.61963,40.43373],[-3.61875,40.4338],[-3.6159,40.43377],[-3.61298,40.43431],[-3.61218,40.43449],[-3.61248,40.43571],[-3.61687,40.44364],[-3.62081,40.44256],[-3.62334,40.44194],[-3.62642,40.44103],[-3.63219,40.43947],[-3.63548,40.43859],[-3.63795,40.43786],[-3.63558,40.43456],[-3.63398,40.43236],[-3.62919,40.42574]]]]}},
{"type":"Feature","properties":{"location_id":"0-EU-ES-28-07-001-079-20-002","name":"Hell\u00edn","city":"Madrid"},"geometry":{"type":"MultiPolygon","coordinates":[[[[-3.6156,40.42955],[-3.61508,40.428],[-3.61493,40.42802],[-3.6133,40.42796],[-3.61256,40.42753],[-3.61229,40.42758],[-3.61124,40.42853],[-3.61088,40.42899],[-3.61217,40.43449],[-3.613,40.4343],[-3.61591,40.43377],[-3.61874,40.4338],[-3.61963,40.43373],[-3.6202,40.43366],[-3.62118,40.4333],[-3.6216,40.43308],[-3.62173,40.43277],[-3.6218,40.43235],[-3.62266,40.42926],[-3.62284,40.42886],[-3.62321,40.42839],[-3.62575,40.42644],[-3.62525,40.42576],[-3.62467,40.42598],[-3.62434,40.42624],[-3.62268,40.42802],[-3.62035,40.42908],[-3.61825,40.42927],[-3.6156,40.42955]]]]}},
{"type":"Feature","properties":{"location_id":"0-EU-ES-28-07-001-079-20-006","name":"Rejas","city":"Madrid"},"geometry":{"type":"MultiPolygon","coordinates":[[[[-3.60388,40.44982],[-3.60353,40.44842],[-3.60323,40.44785],[-3.6026,40.44697],[-3.60196,40.44639],[-3.60061,40.44542],[-3.59621,40.44285],[-3.59433,40.44262],[-3.58456,40.44176],[-3.5819,40.44156],[-3.58025,40.4413],[-3.57993,40.44128],[-3.57875,40.44087],[-3.57803,40.44051],[-3.57558,40.43908],[-3.57453,40.43872],[-3.57334,40.43863],[-3.56292,40.43805],[-3.56138,40.43811],[-3.56033,40.43816],[-3.55949,40.43839],[-3.55576,40.44024],[-3.5531,40.44144],[-3.55069,40.44217],[-3.54791,40.44248],[-3.54605,40.44257],[-3.54113,40.44369],[-3.54096,40.4446],[-3.53807,40.44427],[-3.53844,40.44502],[-3.53566,40.44471],[-3.53514,40.44498],[-3.53554,40.44646],[-3.53572,40.44673],[-3.53737,40.44737],[-3.54047,40.44768],[-3.54806,40.44847],[-3.55772,40.44945],[-3.56191,40.44954],[-3.57328,40.44979],[-3.58314,40.44999],[-3.58804,40.45009],[-3.59228,40.45016],[-3.59763,40.4502],[-3.59988,40.45014],[-3.60189,40.45006],[-3.60388,40.44982]]]]}},
{"type":"Feature","properties":{"location_id":"0-EU-ES-28-07-001-079-20-003","name":"Amposta","city":"Madrid"},"geometry":{"type":"MultiPolygon","coordinates":[[[[-3.6156,40.42954],[-3.61764,40.42933],[-3.62035,40.42908],[-3.62246,40.42812],[-3.62269,40.42802],[-3.62434,40.42625],[-3.62468,40.42598],[-3.62526,40.42576],[-3.62575,40.42645],[-3.62783,40.42485],[-3.6283,40.42451],[-3.62788,40.42394],[-3.62654,40.42215],[-3.62553,40.42256],[-3.62384,40.42329],[-3.62357,40.42342],[-3.6207,40.42462],[-3.62039,40.42474],[-3.62081,40.42533],[-3.618,40.42694],[-3.61596,40.42769],[-3.61508,40.428],[-3.6156,40.42954]]]]}},
{"type":"Feature","properties":{"location_id":"0-EU-ES-28-07-001-079-20-008","name":"Salvador","city":"Madrid"},"geometry":{"type":"MultiPolygon","coordinates":[[[[-3.64809,40.44949],[-3.64764,40.44902],[-3.64643,40.44773],[-3.64617,40.44755],[-3.64489,40.44691],[-3.64435,40.44666],[-3.64206,40.44556],[-3.64158,40.44532],[-3.64036,40.44473],[-3.63951,40.44407],[-3.63914,40.44362],[-3.63902,40.44349],[-3.63877,40.44317],[-3.63837,40.4426],[-3.63761,40.44155],[-3.63708,40.44083],[-3.63622,40.43963],[-3.63548,40.43858],[-3.62975,40.44012],[-3.62678,40.44093],[-3.62328,40.44197],[-3.62059,40.44263],[-3.6175,40.44348],[-3.61688,40.44365],[-3.61618,40.44407],[-3.61631,40.44418],[-3.61654,40.44435],[-3.61802,40.44503],[-3.61847,40.44617],[-3.6192,40.44692],[-3.61961,40.44782],[-3.61992,40.44966],[-3.62684,40.44952],[-3.62707,40.4495],[-3.63015,40.44938],[-3.63226,40.44918],[-3.63359,40.44897],[-3.63493,40.44876],[-3.6365,40.44852],[-3.63809,40.44855],[-3.64007,40.44879],[-3.6447,40.44958],[-3.64552,40.44973],[-3.6468,40.44973],[-3.64809,40.44949]]]]}},
{"type":"Feature","properties":{"location_id":"0-EU-ES-28-07-001-079-08-010","name":"Arroyo del Fresno","city":"Madrid"},"geometry":{"type":"MultiPolygon","coordinates":[[[[-3.73523,40.49301],[-3.73309,40.49069],[-3.73386,40.4894],[-3.73501,40.48845],[-3.73564,40.48784],[-3.73574,40.48699],[-3.73555,40.48655],[-3.73475,40.4858],[-3.73448,40.48589],[-3.73422,40.48586],[-3.73388,40.48571],[-3.73226,40.48602],[-3.73063,40.48651],[-3.72844,40.48576],[-3.72768,40.48553],[-3.72719,40.48549],[-3.72126,40.48557],[-3.71682,40.4857],[-3.71661,40.48569],[-3.7166,40.48598],[-3.71649,40.48725],[-3.71612,40.49133],[-3.71628,40.49214],[-3.71659,40.49289],[-3.71718,40.49372],[-3.7177,40.49427],[-3.71948,40.49587],[-3.71971,40.49609],[-3.71982,40.49643],[-3.71957,40.49743],[-3.71968,40.49813],[-3.7199,40.49867],[-3.72066,40.49961],[-3.72103,40.49984],[-3.7217,40.50024],[-3.72335,40.49801],[-3.72591,40.49585],[-3.72793,40.49415],[-3.72904,40.49336],[-3.72947,40.49313],[-3.73026,40.4929],[-3.73141,40.49274],[-3.73416,40.49271],[-3.73523,40.49301]]]]}},
{"type":"Feature","properties":{"location_id":"0-EU-ES-28-07-001-079-13-001","name":"Entrev\u00edas","city":"Madrid"},"geometry":{"type":"MultiPolygon","coordinates":[[[[-3.67344,40.39439],[-3.67376,40.39415],[-3.67671,40.39211],[-3.67853,40.39038],[-3.67895,40.38998],[-3.67949,40.38921],[-3.6823,40.3852],[-3.68327,40.38426],[-3.68394,40.384],[-3.68552,40.3836],[-3.68692,40.38332],[-3.68809,40.38308],[-3.68988,40.38236],[-3.68896,40.38089],[-3.68879,40.37999],[-3.68791,40.37866],[-3.68726,40.37696],[-3.68724,40.37602],[-3.68757,40.37477],[-3.68762,40.37463],[-3.68616,40.37193],[-3.68278,40.37067],[-3.68232,40.37003],[-3.6823,40.36899],[-3.68167,40.36721],[-3.68164,40.36633],[-3.68258,40.36573],[-3.68307,40.36508],[-3.6831,40.36451],[-3.68267,40.36303],[-3.68189,40.36125],[-3.68013,40.36074],[-3.67887,40.36062],[-3.67707,40.36064],[-3.67429,40.3609],[-3.67312,40.36111],[-3.66941,40.36172],[-3.66528,40.36373],[-3.66269,40.36502],[-3.65711,40.36885],[-3.65533,40.36982],[-3.65457,40.37055],[-3.65413,40.37158],[-3.65396,40.37206],[-3.65262,40.37603],[-3.65409,40.376],[-3.65527,40.37601],[-3.6572,40.37626],[-3.65961,40.37681],[-3.66232,40.37788],[-3.66442,40.37883],[-3.6669,40.38057],[-3.66799,40.38156],[-3.66913,40.38295],[-3.66974,40.38383],[-3.67033,40.38485],[-3.67124,40.38713],[-3.67235,40.39063],[-3.67344,40.39439]]]]}},
{"type":"Feature","properties":{"location_id":"0-EU-ES-28-07-001-079-11-005","name":"Puerta Bonita","city":"Madrid"},"geometry":{"type":"MultiPolygon","coordinates":[[[[-3.7277,40.38616],[-3.72866,40.38659],[-3.72926,40.38685],[-3.73056,40.38741],[-3.7307,40.38749],[-3.73123,40.38778],[-3.73154,40.38793],[-3.73192,40.38807],[-3.73211,40.38825],[-3.7329,40.38773],[-3.73306,40.38764],[-3.73377,40.38719],[-3.73478,40.3865],[-3.73655,40.38541],[-3.73796,40.38502],[-3.73948,40.38464],[-3.73975,40.38452],[-3.74187,40.38294],[-3.74138,40.38235],[-3.7422,40.38216],[-3.74291,40.38194],[-3.74346,40.38163],[-3.74445,40.3809],[-3.74492,40.38066],[-3.74525,40.38056],[-3.7454,40.38044],[-3.74584,40.38024],[-3.74779,40.37848],[-3.74945,40.37703],[-3.75008,40.37641],[-3.75077,40.37577],[-3.75082,40.37556],[-3.75036,40.37494],[-3.75021,40.37476],[-3.75034,40.37414],[-3.74977,40.37414],[-3.74956,40.37393],[-3.74937,40.37381],[-3.74912,40.37367],[-3.74769,40.37324],[-3.74715,40.37298],[-3.74689,40.37291],[-3.74643,40.37287],[-3.74544,40.37294],[-3.74407,40.37287],[-3.74349,40.37295],[-3.74322,40.37298],[-3.74316,40.37324],[-3.74207,40.37324],[-3.74086,40.37353],[-3.73989,40.37369],[-3.73642,40.37384],[-3.73606,40.37432],[-3.73573,40.37468],[-3.73485,40.3755],[-3.73444,40.37586],[-3.73722,40.37776],[-3.73283,40.37925],[-3.73258,40.37934],[-3.73065,40.38184],[-3.72983,40.38278],[-3.72914,40.38379],[-3.72896,40.38404],[-3.72845,40.3848],[-3.72791,40.38559],[-3.7277,40.38616]]]]}},
{"type":"Feature","properties":{"location_id":"0-EU-ES-28-07-001-079-16-003","name":"Canillas","city":"Madrid"},"geometry":{"type":"MultiPolygon","coordinates":[[[[-3.65418,40.45694],[-3.65394,40.45702],[-3.65353,40.45706],[-3.6529,40.45711],[-3.65202,40.45716],[-3.65157,40.45717],[-3.65121,40.45717],[-3.64941,40.45713],[-3.64812,40.45711],[-3.64775,40.45712],[-3.64618,40.45718],[-3.64488,40.45723],[-3.64435,40.45725],[-3.64349,40.45837],[-3.64332,40.45859],[-3.64245,40.45959],[-3.64211,40.45995],[-3.64183,40.46025],[-3.64156,40.46053],[-3.64061,40.46116],[-3.63998,40.46157],[-3.63928,40.46204],[-3.63883,40.46233],[-3.63824,40.46254],[-3.63771,40.46265],[-3.63723,40.4627],[-3.63547,40.46269],[-3.63225,40.46266],[-3.63072,40.46264],[-3.62977,40.46264],[-3.62502,40.46261],[-3.62389,40.4626],[-3.6235,40.46279],[-3.62424,40.46366],[-3.62542,40.46518],[-3.62667,40.46682],[-3.62788,40.4684],[-3.6285,40.46836],[-3.62907,40.46847],[-3.63023,40.46867],[-3.63286,40.4689],[-3.63366,40.46866],[-3.63421,40.4686],[-3.63876,40.46901],[-3.64208,40.46905],[-3.64245,40.4691],[-3.64258,40.46948],[-3.64564,40.46867],[-3.64869,40.46784],[-3.64953,40.46762],[-3.65063,40.46734],[-3.65137,40.46725],[-3.6551,40.4668],[-3.65579,40.46665],[-3.65651,40.4664],[-3.65703,40.46618],[-3.65747,40.46594],[-3.65795,40.46563],[-3.65939,40.4644],[-3.6593,40.46416],[-3.65931,40.46406],[-3.6593,40.46395],[-3.65928,40.46388],[-3.65925,40.4638],[-3.65921,40.46366],[-3.65918,40.46341],[-3.65921,40.46323],[-3.65935,40.46301],[-3.65956,40.46285],[-3.66031,40.46218],[-3.65956,40.46167],[-3.65628,40.45941],[-3.65418,40.45694]]]]}},
{"type":"Feature","properties":{"location_id":"0-EU-ES-28-07-001-079-11-008","name":"Pau de Carabanchel","city":"Madrid"},"geometry":{"type":"MultiPolygon","coordinates":[[[[-3.78023,40.36192],[-3.7773,40.36129],[-3.77069,40.35993],[-3.75764,40.35733],[-3.74471,40.36027],[-3.73591,40.36222],[-3.7346,40.36227],[-3.73181,40.36301],[-3.72683,40.36434],[-3.72565,40.36442],[-3.72073,40.36478],[-3.72055,40.36653],[-3.7201,40.37058],[-3.71972,40.37371],[-3.72273,40.37351],[-3.72861,40.37316],[-3.73148,40.37345],[-3.73394,40.37365],[-3.73547,40.3738],[-3.73617,40.37383],[-3.73947,40.37371],[-3.73988,40.37369],[-3.74083,40.37353],[-3.74206,40.37324],[-3.742,40.373],[-3.74195,40.37256],[-3.74202,40.3722],[-3.74209,40.37198],[-3.74236,40.37157],[-3.74317,40.37083],[-3.74368,40.37044],[-3.74445,40.36969],[-3.74341,40.36921],[-3.74216,40.36838],[-3.74188,40.3682],[-3.74131,40.36783],[-3.7424,40.36783],[-3.74288,40.36759],[-3.74318,40.36744],[-3.74358,40.36737],[-3.74494,40.36749],[-3.74534,40.36745],[-3.74569,40.36726],[-3.74607,40.36697],[-3.7462,40.36682],[-3.74625,40.36675],[-3.74626,40.36661],[-3.74637,40.36549],[-3.74646,40.36533],[-3.74664,40.36522],[-3.74683,40.36514],[-3.74708,40.36512],[-3.74769,40.36516],[-3.74876,40.36525],[-3.74999,40.36532],[-3.75047,40.36507],[-3.75052,40.36472],[-3.75276,40.36492],[-3.75368,40.36465],[-3.7536,40.36432],[-3.75366,40.3636],[-3.75519,40.36363],[-3.75498,40.36565],[-3.75572,40.36568],[-3.75746,40.36577],[-3.75748,40.36591],[-3.76179,40.36682],[-3.76282,40.36869],[-3.76287,40.36893],[-3.76285,40.36942],[-3.76229,40.37265],[-3.76554,40.37313],[-3.76744,40.37342],[-3.77075,40.37396],[-3.77157,40.37099],[-3.76626,40.37],[-3.76703,40.36613],[-3.76781,40.36603],[-3.77153,40.36547],[-3.77163,40.36277],[-3.77471,40.36127],[-3.77573,40.36242],[-3.7774,40.36433],[-3.78023,40.36192]]]]}},
{"type":"Feature","properties":{"location_id":"0-EU-ES-28-07-001-079-16-006","name":"Valdebebas - Valdefuentes","city":"Madrid"},"geometry":{"type":"MultiPolygon","coordinates":[[[[-3.64378,40.49761],[-3.64494,40.49779],[-3.64742,40.49821],[-3.64673,40.49603],[-3.6445,40.49074],[-3.64412,40.4892],[-3.64403,40.48825],[-3.64409,40.4871],[-3.64435,40.48532],[-3.64439,40.48385],[-3.64414,40.48278],[-3.64349,40.48152],[-3.64276,40.48051],[-3.64189,40.47971],[-3.63925,40.4778],[-3.63649,40.47579],[-3.63339,40.47348],[-3.63173,40.47221],[-3.63006,40.47073],[-3.62921,40.46988],[-3.62785,40.46843],[-3.6243,40.46875],[-3.62466,40.47023],[-3.62427,40.47143],[-3.62354,40.47239],[-3.61842,40.47212],[-3.61602,40.47199],[-3.61307,40.47194],[-3.60883,40.47192],[-3.60667,40.47164],[-3.6028,40.47035],[-3.60145,40.4736],[-3.60158,40.47985],[-3.60187,40.48816],[-3.60203,40.49631],[-3.60196,40.5017],[-3.60298,40.5016],[-3.60521,40.50411],[-3.60633,40.50363],[-3.60902,40.50242],[-3.61231,40.50105],[-3.61365,40.5005],[-3.61497,40.50003],[-3.61746,40.49928],[-3.61939,40.4991],[-3.62191,40.49887],[-3.62569,40.49885],[-3.62715,40.49854],[-3.62879,40.49833],[-3.63036,40.49818],[-3.63209,40.49833],[-3.63353,40.49859],[-3.63502,40.49904],[-3.63641,40.49933],[-3.63785,40.49939],[-3.63964,40.49897],[-3.64214,40.49807],[-3.64378,40.49761]]]]}},
{"type":"Feature","properties":{"location_id":"0-EU-ES-28-07-001-079-16-008","name":"Sanchinarro","city":"Madrid"},"geometry":{"type":"MultiPolygon","coordinates":[[[[-3.67214,40.49058],[-3.6715,40.49069],[-3.67114,40.49055],[-3.67023,40.49075],[-3.66927,40.49127],[-3.66884,40.49147],[-3.66832,40.49189],[-3.6679,40.49167],[-3.66721,40.49162],[-3.66707,40.49134],[-3.66629,40.49001],[-3.6662,40.48969],[-3.66602,40.48931],[-3.66406,40.48956],[-3.66335,40.48965],[-3.66295,40.48971],[-3.66189,40.48963],[-3.66089,40.48978],[-3.66059,40.48975],[-3.66024,40.48962],[-3.65973,40.4893],[-3.65821,40.48741],[-3.65988,40.48644],[-3.66038,40.4861],[-3.66047,40.48599],[-3.66129,40.48474],[-3.66143,40.4845],[-3.66162,40.48432],[-3.66185,40.48421],[-3.66203,40.48416],[-3.66266,40.4841],[-3.66327,40.48348],[-3.65578,40.48238],[-3.65013,40.48129],[-3.64199,40.47975],[-3.64278,40.48049],[-3.64353,40.48148],[-3.64421,40.48276],[-3.64444,40.48385],[-3.64444,40.48448],[-3.6444,40.48535],[-3.64419,40.487],[-3.64418,40.48919],[-3.64458,40.4907],[-3.64676,40.49594],[-3.64767,40.49897],[-3.6486,40.50393],[-3.64959,40.50583],[-3.65044,40.50677],[-3.65166,40.50767],[-3.65242,40.5081],[-3.65331,40.50847],[-3.65474,40.50894],[-3.65647,40.50923],[-3.65812,40.50939],[-3.65819,40.50861],[-3.65799,40.50538],[-3.6585,40.50362],[-3.65893,40.50313],[-3.66155,40.50023],[-3.66554,40.49658],[-3.66611,40.49612],[-3.67007,40.4929],[-3.67085,40.49209],[-3.67144,40.49165],[-3.67214,40.49058]]]]}},
{"type":"Feature","properties":{"location_id":"0-EU-ES-28-07-001-079-21-002","name":"Aeropuerto","city":"Madrid"},"geometry":{"type":"MultiPolygon","coordinates":[[[[-3.59221,40.45017],[-3.58288,40.45],[-3.57502,40.44984],[-3.55765,40.44947],[-3.54393,40.44807],[-3.53737,40.44739],[-3.53572,40.44674],[-3.53413,40.44653],[-3.53331,40.44658],[-3.53206,40.44678],[-3.53357,40.44955],[-3.53432,40.45304],[-3.5322,40.4546],[-3.52698,40.45449],[-3.52645,40.45651],[-3.52853,40.45804],[-3.52975,40.45968],[-3.52902,40.46252],[-3.52848,40.46392],[-3.52523,40.46757],[-3.52645,40.47006],[-3.53042,40.47167],[-3.53227,40.47477],[-3.53561,40.47669],[-3.53698,40.47832],[-3.53669,40.48009],[-3.53621,40.48253],[-3.53676,40.48663],[-3.54219,40.48924],[-3.5415,40.49417],[-3.55307,40.50019],[-3.55534,40.508],[-3.55431,40.51163],[-3.57144,40.51338],[-3.59318,40.50175],[-3.60193,40.50169],[-3.60198,40.4929],[-3.60157,40.47986],[-3.59354,40.47981],[-3.5892,40.47978],[-3.58381,40.47974],[-3.58176,40.47973],[-3.58055,40.47955],[-3.57984,40.47935],[-3.57882,40.47894],[-3.57811,40.47842],[-3.57567,40.47634],[-3.57502,40.47564],[-3.57459,40.47485],[-3.57438,40.47427],[-3.57436,40.47378],[-3.57456,40.47286],[-3.57513,40.4714],[-3.576,40.47129],[-3.57629,40.47137],[-3.57695,40.47163],[-3.57804,40.47078],[-3.57872,40.47026],[-3.57929,40.46982],[-3.57986,40.46886],[-3.58042,40.46795],[-3.58075,40.46767],[-3.58135,40.46741],[-3.58211,40.46782],[-3.58221,40.46762],[-3.5825,40.46711],[-3.58287,40.46661],[-3.58337,40.46608],[-3.58387,40.46572],[-3.58443,40.46532],[-3.58337,40.46467],[-3.58084,40.46224],[-3.58049,40.46248],[-3.57794,40.46069],[-3.57991,40.45903],[-3.58272,40.45673],[-3.58392,40.45581],[-3.58517,40.4548],[-3.58729,40.45301],[-3.58854,40.45203],[-3.58956,40.45124],[-3.59058,40.45069],[-3.59145,40.45037],[-3.59221,40.45017]]]]}},
{"type":"Feature","properties":{"location_id":"0-EU-ES-28-07-001-079-01-006","name":"Sol","city":"Madrid"},"geometry":{"type":"MultiPolygon","coordinates":[[[[-3.70445,40.42018],[-3.70578,40.42021],[-3.70596,40.42022],[-3.70625,40.42018],[-3.70689,40.42021],[-3.70723,40.42023],[-3.70742,40.42025],[-3.70822,40.4203],[-3.70789,40.4198],[-3.70799,40.41969],[-3.70816,40.41907],[-3.70822,40.41885],[-3.70851,40.41831],[-3.70875,40.41785],[-3.70857,40.41774],[-3.70864,40.41732],[-3.7087,40.41701],[-3.70861,40.41638],[-3.70873,40.41614],[-3.70875,40.4155],[-3.70868,40.4154],[-3.70847,40.41528],[-3.70832,40.41505],[-3.70814,40.41469],[-3.70804,40.41448],[-3.70809,40.41425],[-3.70815,40.41401],[-3.70824,40.41373],[-3.7078,40.41355],[-3.70751,40.41346],[-3.70743,40.41343],[-3.70743,40.41344],[-3.70741,40.41356],[-3.70639,40.41386],[-3.70637,40.41399],[-3.70563,40.41401],[-3.70525,40.41395],[-3.70477,40.41392],[-3.70461,40.41398],[-3.70416,40.4142],[-3.70405,40.41425],[-3.70392,40.41431],[-3.70375,40.41424],[-3.70348,40.41414],[-3.70305,40.41458],[-3.70178,40.41553],[-3.70161,40.41566],[-3.70062,40.41641],[-3.70039,40.4166],[-3.70034,40.41668],[-3.69964,40.41774],[-3.69937,40.41794],[-3.69953,40.41841],[-3.69969,40.41895],[-3.69974,40.4193],[-3.69969,40.41976],[-3.70026,40.41988],[-3.70119,40.41999],[-3.70165,40.42003],[-3.70308,40.42014],[-3.70445,40.42018]]]]}},
{"type":"Feature","properties":{"location_id":"0-EU-ES-28-07-001-079-08-007","name":"Mirasierra","city":"Madrid"},"geometry":{"type":"MultiPolygon","coordinates":[[[[-3.71658,40.49287],[-3.71627,40.49213],[-3.71612,40.49133],[-3.7164,40.4883],[-3.71662,40.48571],[-3.71632,40.48477],[-3.71547,40.4838],[-3.71457,40.48301],[-3.71419,40.4831],[-3.71281,40.48348],[-3.71199,40.4839],[-3.70955,40.48547],[-3.70869,40.48611],[-3.70832,40.48638],[-3.70751,40.48673],[-3.70498,40.48745],[-3.704,40.48767],[-3.70332,40.48792],[-3.70246,40.48841],[-3.70173,40.48888],[-3.70107,40.48923],[-3.69822,40.49012],[-3.69848,40.49124],[-3.69873,40.49236],[-3.69919,40.49311],[-3.69958,40.49354],[-3.70063,40.49477],[-3.70094,40.49553],[-3.70094,40.49644],[-3.7008,40.49705],[-3.70067,40.49748],[-3.70331,40.4993],[-3.70428,40.49988],[-3.70538,40.50028],[-3.70623,40.50039],[-3.70711,40.50041],[-3.70711,40.50127],[-3.70804,40.50097],[-3.71047,40.50008],[-3.71265,40.49992],[-3.71465,40.50066],[-3.7132,40.5032],[-3.7138,40.5033],[-3.71584,40.50404],[-3.71917,40.50242],[-3.72104,40.50111],[-3.72171,40.50027],[-3.72069,40.49961],[-3.71991,40.49868],[-3.71968,40.49813],[-3.71957,40.49742],[-3.71982,40.49643],[-3.7197,40.49607],[-3.71948,40.49587],[-3.71773,40.4943],[-3.71718,40.49372],[-3.71658,40.49287]]]]}},
{"type":"Feature","properties":{"location_id":"0-EU-ES-28-07-001-079-06-005","name":"Valdeacederas","city":"Madrid"},"geometry":{"type":"MultiPolygon","coordinates":[[[[-3.70231,40.47362],[-3.70314,40.47291],[-3.70366,40.4723],[-3.70446,40.47193],[-3.70499,40.47188],[-3.70576,40.4718],[-3.70688,40.47169],[-3.71076,40.47135],[-3.71156,40.47115],[-3.7122,40.47071],[-3.71259,40.47017],[-3.7128,40.4694],[-3.71323,40.46858],[-3.71251,40.46782],[-3.71184,40.46706],[-3.71138,40.46655],[-3.71047,40.46571],[-3.71011,40.46519],[-3.70997,40.46504],[-3.70939,40.46439],[-3.70927,40.46424],[-3.70921,40.46412],[-3.70923,40.46403],[-3.70924,40.46395],[-3.70921,40.46379],[-3.70916,40.46355],[-3.70865,40.46276],[-3.70837,40.46228],[-3.70811,40.46247],[-3.70733,40.46339],[-3.70722,40.46344],[-3.70656,40.46381],[-3.7063,40.46365],[-3.7057,40.46359],[-3.70554,40.46371],[-3.70533,40.464],[-3.70473,40.46384],[-3.70366,40.46344],[-3.70275,40.46296],[-3.70039,40.46176],[-3.69948,40.46128],[-3.69841,40.46072],[-3.69832,40.46085],[-3.69821,40.46108],[-3.69814,40.46124],[-3.6979,40.46174],[-3.69785,40.46183],[-3.69774,40.46205],[-3.69749,40.4624],[-3.69706,40.46285],[-3.69654,40.46346],[-3.6963,40.46373],[-3.69608,40.46398],[-3.69575,40.46429],[-3.69534,40.46444],[-3.69447,40.46475],[-3.69541,40.4654],[-3.69558,40.46547],[-3.696,40.46599],[-3.69626,40.46632],[-3.69767,40.46776],[-3.69857,40.46845],[-3.69957,40.46972],[-3.70031,40.47013],[-3.70175,40.47091],[-3.70235,40.47125],[-3.70226,40.47191],[-3.70219,40.47299],[-3.70231,40.47362]]]]}},
{"type":"Feature","properties":{"location_id":"0-EU-ES-28-07-001-079-08-002","name":"Fuentelarreina","city":"Madrid"},"geometry":{"type":"MultiPolygon","coordinates":[[[[-3.73389,40.4894],[-3.73313,40.49069],[-3.73465,40.49243],[-3.73522,40.49297],[-3.73722,40.49302],[-3.73833,40.49321],[-3.73931,40.49111],[-3.74166,40.48898],[-3.74225,40.48846],[-3.74286,40.4874],[-3.74331,40.48664],[-3.7444,40.48549],[-3.74557,40.48361],[-3.74508,40.48281],[-3.74465,40.48234],[-3.7422,40.48077],[-3.74637,40.47812],[-3.7467,40.47793],[-3.74771,40.47836],[-3.74863,40.47847],[-3.75088,40.47858],[-3.75152,40.47889],[-3.75108,40.47583],[-3.74971,40.47486],[-3.74945,40.47475],[-3.74866,40.47449],[-3.7484,40.47447],[-3.74768,40.47448],[-3.74516,40.47444],[-3.74176,40.47439],[-3.74059,40.47426],[-3.73777,40.47361],[-3.73545,40.47308],[-3.73579,40.47344],[-3.73618,40.47412],[-3.7366,40.47433],[-3.73767,40.47445],[-3.73882,40.47724],[-3.73933,40.47853],[-3.73844,40.47953],[-3.73798,40.47968],[-3.73774,40.47974],[-3.73758,40.47997],[-3.73693,40.48097],[-3.73661,40.48164],[-3.73645,40.48206],[-3.7363,40.48285],[-3.73606,40.48364],[-3.73599,40.48446],[-3.73594,40.48485],[-3.73575,40.48514],[-3.73549,40.48534],[-3.73511,40.4855],[-3.7348,40.48562],[-3.7348,40.48584],[-3.73532,40.48633],[-3.73557,40.4866],[-3.73576,40.48699],[-3.73564,40.48784],[-3.73482,40.48863],[-3.73389,40.4894]]]]}},
{"type":"Feature","properties":{"location_id":"0-EU-ES-28-07-001-079-08-003","name":"Pe\u00f1agrande","city":"Madrid"},"geometry":{"type":"MultiPolygon","coordinates":[[[[-3.72614,40.4855],[-3.72717,40.48549],[-3.72769,40.48553],[-3.72818,40.48568],[-3.73063,40.48651],[-3.73228,40.48601],[-3.73389,40.48572],[-3.73422,40.48585],[-3.73449,40.48589],[-3.73477,40.4858],[-3.73479,40.48561],[-3.73548,40.48533],[-3.73573,40.48513],[-3.73593,40.48484],[-3.73596,40.48454],[-3.73601,40.48408],[-3.73604,40.48364],[-3.73626,40.48288],[-3.73644,40.48206],[-3.7366,40.48165],[-3.73691,40.48098],[-3.73774,40.47973],[-3.73843,40.47952],[-3.73932,40.47853],[-3.73892,40.4775],[-3.73849,40.47648],[-3.73767,40.47445],[-3.7366,40.47434],[-3.73618,40.47412],[-3.73579,40.47345],[-3.73544,40.47307],[-3.73377,40.47275],[-3.73225,40.47268],[-3.73048,40.47267],[-3.72852,40.4728],[-3.72783,40.47252],[-3.72736,40.4725],[-3.72615,40.47268],[-3.72537,40.47258],[-3.72277,40.47187],[-3.72234,40.47175],[-3.71989,40.47109],[-3.71443,40.46968],[-3.71446,40.47022],[-3.71476,40.47184],[-3.71501,40.47323],[-3.71624,40.47689],[-3.71638,40.47855],[-3.71651,40.47889],[-3.71489,40.47959],[-3.71289,40.48036],[-3.71419,40.48309],[-3.71457,40.48301],[-3.71546,40.48379],[-3.71633,40.48476],[-3.71661,40.48569],[-3.71682,40.4857],[-3.7227,40.48555],[-3.72515,40.48552],[-3.72614,40.4855]]]]}},
{"type":"Feature","properties":{"location_id":"0-EU-ES-28-07-001-079-10-001","name":"Los C\u00e1rmenes","city":"Madrid"},"geometry":{"type":"MultiPolygon","coordinates":[[[[-3.72262,40.40457],[-3.72259,40.40597],[-3.72172,40.40828],[-3.72172,40.40844],[-3.72317,40.40866],[-3.72394,40.40876],[-3.72478,40.40876],[-3.72504,40.40869],[-3.72527,40.4086],[-3.72543,40.40844],[-3.72556,40.40826],[-3.7258,40.40791],[-3.72603,40.40769],[-3.72637,40.40745],[-3.72685,40.40722],[-3.7271,40.40713],[-3.73006,40.40655],[-3.73056,40.40634],[-3.73385,40.40452],[-3.73472,40.40412],[-3.73542,40.40393],[-3.73623,40.40383],[-3.73692,40.40385],[-3.73853,40.40414],[-3.73926,40.40431],[-3.74063,40.40446],[-3.74231,40.40456],[-3.74404,40.40454],[-3.74417,40.40418],[-3.74428,40.40398],[-3.74444,40.4037],[-3.74468,40.4033],[-3.74483,40.40304],[-3.74487,40.40243],[-3.74479,40.40201],[-3.74472,40.4011],[-3.74448,40.39929],[-3.74366,40.3958],[-3.74357,40.39555],[-3.74336,40.39496],[-3.74281,40.39448],[-3.74087,40.39301],[-3.73878,40.39463],[-3.73858,40.3949],[-3.738,40.39582],[-3.73756,40.39634],[-3.7371,40.39676],[-3.73491,40.39845],[-3.73442,40.39885],[-3.73334,40.3996],[-3.72985,40.40232],[-3.72914,40.40258],[-3.72844,40.40302],[-3.72781,40.40376],[-3.72676,40.40441],[-3.72641,40.40475],[-3.72594,40.40515],[-3.72541,40.40545],[-3.7248,40.40552],[-3.72487,40.40454],[-3.72421,40.40456],[-3.72262,40.40457]]]]}},
{"type":"Feature","properties":{"location_id":"0-EU-ES-28-07-001-079-09-001","name":"Casa de Campo","city":"Madrid"},"geometry":{"type":"MultiPolygon","coordinates":[[[[-3.77076,40.44412],[-3.77071,40.44044],[-3.77062,40.43431],[-3.77059,40.42941],[-3.77375,40.42755],[-3.77545,40.42619],[-3.77711,40.42542],[-3.77903,40.42404],[-3.78021,40.42162],[-3.78062,40.41959],[-3.78107,40.41716],[-3.78074,40.41496],[-3.77926,40.41276],[-3.77925,40.41147],[-3.77872,40.40925],[-3.77795,40.4074],[-3.77663,40.40583],[-3.77638,40.4051],[-3.77605,40.40401],[-3.77419,40.4021],[-3.77432,40.40019],[-3.76952,40.39959],[-3.76509,40.39903],[-3.762,40.40136],[-3.76081,40.40291],[-3.75996,40.40398],[-3.75698,40.40561],[-3.75598,40.40573],[-3.75199,40.40767],[-3.75044,40.40841],[-3.74786,40.40877],[-3.74286,40.40946],[-3.74181,40.40926],[-3.73794,40.41141],[-3.73354,40.41302],[-3.72753,40.41527],[-3.72432,40.41649],[-3.7219,40.4174],[-3.72145,40.4187],[-3.72098,40.42003],[-3.72044,40.42029],[-3.71941,40.42024],[-3.71811,40.42027],[-3.71818,40.42132],[-3.71957,40.42272],[-3.71853,40.42282],[-3.71757,40.4223],[-3.71706,40.42192],[-3.71644,40.42189],[-3.71528,40.42289],[-3.71521,40.42318],[-3.71517,40.42384],[-3.71617,40.42479],[-3.71659,40.42506],[-3.71719,40.42522],[-3.71856,40.42531],[-3.71996,40.42669],[-3.72291,40.42979],[-3.72571,40.43259],[-3.71966,40.43514],[-3.71944,40.43519],[-3.7195,40.43536],[-3.71933,40.43554],[-3.7216,40.43659],[-3.72313,40.43748],[-3.72644,40.43604],[-3.73317,40.43437],[-3.73446,40.43419],[-3.73801,40.43444],[-3.73911,40.43488],[-3.73989,40.43547],[-3.74197,40.43795],[-3.74874,40.44299],[-3.75001,40.44368],[-3.75212,40.44468],[-3.75913,40.44767],[-3.76283,40.44948],[-3.7663,40.44815],[-3.76724,40.4476],[-3.77076,40.44412]]]]}},
{"type":"Feature","properties":{"location_id":"0-EU-ES-28-07-001-079-09-007","name":"Aravaca","city":"Madrid"},"geometry":{"type":"MultiPolygon","coordinates":[[[[-3.77078,40.4441],[-3.77078,40.44414],[-3.76724,40.44763],[-3.76634,40.44817],[-3.76283,40.4495],[-3.76227,40.44972],[-3.762,40.44978],[-3.76158,40.44977],[-3.76097,40.44961],[-3.76059,40.44971],[-3.7603,40.44998],[-3.75728,40.45121],[-3.75735,40.45325],[-3.75836,40.45412],[-3.7592,40.45559],[-3.76031,40.45728],[-3.76163,40.45899],[-3.76252,40.46014],[-3.76223,40.46114],[-3.76581,40.46156],[-3.77017,40.46205],[-3.77126,40.46217],[-3.7794,40.46308],[-3.78415,40.46363],[-3.78686,40.46394],[-3.78962,40.46426],[-3.79354,40.46472],[-3.80028,40.46552],[-3.80111,40.4656],[-3.80117,40.46513],[-3.80142,40.46396],[-3.80039,40.46302],[-3.79998,40.46258],[-3.7998,40.46227],[-3.80216,40.46182],[-3.80122,40.46099],[-3.79934,40.45935],[-3.79903,40.45905],[-3.79898,40.45928],[-3.79578,40.45786],[-3.79537,40.45716],[-3.79538,40.45686],[-3.79563,40.45642],[-3.79487,40.45608],[-3.79433,40.45553],[-3.79384,40.45472],[-3.79309,40.45391],[-3.79299,40.4537],[-3.7935,40.4533],[-3.79242,40.45202],[-3.79208,40.45083],[-3.7914,40.44958],[-3.79109,40.44808],[-3.79105,40.44759],[-3.79093,40.44753],[-3.79042,40.44766],[-3.79003,40.44566],[-3.78891,40.44579],[-3.7891,40.44517],[-3.78944,40.44418],[-3.79018,40.44235],[-3.78633,40.44352],[-3.78468,40.44441],[-3.78317,40.44448],[-3.77978,40.44402],[-3.77253,40.44409],[-3.77078,40.4441]]]]}},
{"type":"Feature","properties":{"location_id":"0-EU-ES-08-13-001-019-08-008","name":"Porta","city":"Barcelona"},"geometry":{"type":"MultiPolygon","coordinates":[[[[2.17459,41.43835],[2.17377,41.43734],[2.1728,41.43639],[2.1723,41.43565],[2.17206,41.43532],[2.17228,41.43497],[2.17286,41.43393],[2.17329,41.43314],[2.17365,41.43249],[2.17382,41.4322],[2.17423,41.43144],[2.17452,41.43092],[2.17481,41.4303],[2.17638,41.43027],[2.17947,41.43025],[2.18082,41.43025],[2.18104,41.43025],[2.18219,41.43025],[2.18295,41.43025],[2.18284,41.43041],[2.18254,41.43103],[2.18265,41.43173],[2.18318,41.43311],[2.18346,41.43417],[2.18437,41.43684],[2.18475,41.43797],[2.18532,41.43967],[2.1839,41.43952],[2.17891,41.43892],[2.17617,41.43859],[2.17459,41.43835]]]]}},
{"type":"Feature","properties":{"location_id":"0-EU-ES-08-13-001-019-09-001","name":"La Trinitat Vella","city":"Barcelona"},"geometry":{"type":"MultiPolygon","coordinates":[[[[2.19041,41.45519],[2.18905,41.4536],[2.18887,41.45339],[2.18903,41.45168],[2.18872,41.4499],[2.18768,41.44694],[2.18817,41.44695],[2.18883,41.44695],[2.19063,41.44693],[2.19254,41.44688],[2.19312,41.44711],[2.19343,41.44724],[2.19412,41.44752],[2.19494,41.4476],[2.19602,41.4474],[2.19741,41.44768],[2.20145,41.44904],[2.2008,41.44976],[2.19766,41.45233],[2.19474,41.45463],[2.19245,41.45639],[2.19204,41.4559],[2.19119,41.45551],[2.19046,41.45521],[2.19041,41.45519]]]]}},
{"type":"Feature","properties":{"location_id":"0-EU-ES-08-13-001-019-09-003","name":"Bar\u00f3 de Viver","city":"Barcelona"},"geometry":{"type":"MultiPolygon","coordinates":[[[[2.20145,41.44904],[2.19884,41.44816],[2.19741,41.44768],[2.19712,41.44675],[2.19681,41.44573],[2.19583,41.44258],[2.19761,41.4427],[2.19972,41.44284],[2.19968,41.44309],[2.19942,41.44476],[2.19937,41.44507],[2.20013,41.44545],[2.20129,41.44602],[2.20328,41.44699],[2.20145,41.44904]]]]}},
{"type":"Feature","properties":{"location_id":"0-EU-ES-08-13-001-019-10-010","name":"Sant Mart\u00ed de Proven\u00e7als","city":"Barcelona"},"geometry":{"type":"MultiPolygon","coordinates":[[[[2.19243,41.41452],[2.1931,41.41401],[2.19377,41.41351],[2.19447,41.41299],[2.19544,41.41227],[2.19634,41.41159],[2.19712,41.41101],[2.19844,41.41198],[2.2016,41.41432],[2.20507,41.41693],[2.20235,41.41903],[2.20157,41.41961],[2.19958,41.42108],[2.19862,41.42182],[2.19797,41.4219],[2.19671,41.42216],[2.1952,41.42248],[2.19374,41.41792],[2.19327,41.41672],[2.1933,41.41619],[2.1936,41.41537],[2.19243,41.41452]]]]}},
{"type":"Feature","properties":{"location_id":"0-EU-ES-08-13-001-019-03-005","name":"La Marina del Port","city":"Barcelona"},"geometry":{"type":"MultiPolygon","coordinates":[[[[2.13384,41.35309],[2.13554,41.35371],[2.13682,41.35428],[2.14182,41.35633],[2.14335,41.35421],[2.14361,41.35431],[2.14509,41.35475],[2.14644,41.35535],[2.14602,41.3565],[2.14582,41.35685],[2.14529,41.35735],[2.14507,41.35758],[2.14493,41.35781],[2.14484,41.35797],[2.14482,41.35859],[2.14484,41.35889],[2.1447,41.35918],[2.1454,41.35954],[2.14614,41.3599],[2.14648,41.36002],[2.14692,41.36004],[2.14733,41.35996],[2.14804,41.35982],[2.14849,41.35973],[2.14879,41.35969],[2.14911,41.35982],[2.14927,41.36001],[2.14938,41.36052],[2.14915,41.36098],[2.14888,41.36152],[2.14791,41.36224],[2.14744,41.36259],[2.14638,41.36299],[2.14604,41.36321],[2.14528,41.36327],[2.14414,41.36378],[2.14395,41.36391],[2.14375,41.36411],[2.14332,41.36447],[2.14288,41.36468],[2.14311,41.36491],[2.14234,41.36537],[2.14205,41.36548],[2.14166,41.36565],[2.14147,41.36588],[2.14127,41.36596],[2.14112,41.36592],[2.14033,41.36587],[2.13973,41.36583],[2.13957,41.36592],[2.14015,41.36732],[2.13946,41.36776],[2.13393,41.36339],[2.13537,41.36214],[2.1345,41.36095],[2.13318,41.35999],[2.13288,41.35897],[2.13226,41.35542],[2.13347,41.35359],[2.13384,41.35309]]]]}},
{"type":"Feature","properties":{"location_id":"0-EU-ES-08-13-001-019-03-008","name":"La Marina del Prat Vermell","city":"Barcelona"},"geometry":{"type":"MultiPolygon","coordinates":[[[[2.13384,41.35309],[2.13573,41.35081],[2.13743,41.34889],[2.13894,41.34676],[2.14182,41.34745],[2.15091,41.35101],[2.15319,41.35163],[2.15086,41.35283],[2.14895,41.35377],[2.14679,41.35482],[2.14644,41.35535],[2.14509,41.35475],[2.14368,41.35433],[2.14335,41.35421],[2.14182,41.35633],[2.13681,41.35428],[2.13552,41.3537],[2.13384,41.35309]]]]}},
{"type":"Feature","properties":{"location_id":"0-EU-ES-08-13-001-019-04-003","name":"Pedralbes","city":"Barcelona"},"geometry":{"type":"MultiPolygon","coordinates":[[[[2.12739,41.38841],[2.12798,41.39023],[2.12849,41.3912],[2.1294,41.39238],[2.12716,41.39184],[2.12558,41.39146],[2.12473,41.39127],[2.12429,41.39116],[2.12324,41.39087],[2.12229,41.39064],[2.12083,41.39009],[2.12069,41.39057],[2.1204,41.39097],[2.1199,41.39137],[2.11945,41.39158],[2.11854,41.39177],[2.11843,41.3918],[2.11807,41.3919],[2.11783,41.39207],[2.11761,41.39222],[2.11814,41.39275],[2.11843,41.3933],[2.11846,41.39394],[2.1183,41.39448],[2.11807,41.39487],[2.11793,41.39509],[2.11737,41.39537],[2.11679,41.39553],[2.11574,41.39581],[2.11543,41.39598],[2.11477,41.39641],[2.11394,41.39687],[2.11343,41.39715],[2.11316,41.3973],[2.11289,41.39718],[2.11242,41.39691],[2.11184,41.39656],[2.11089,41.39587],[2.11034,41.39578],[2.10999,41.39608],[2.10977,41.39627],[2.10953,41.3966],[2.10933,41.39688],[2.10911,41.39727],[2.10856,41.39854],[2.10824,41.39883],[2.10789,41.39914],[2.10577,41.40102],[2.10559,41.40118],[2.10545,41.40131],[2.10527,41.40144],[2.10496,41.40173],[2.1043,41.40231],[2.10318,41.40337],[2.10029,41.39817],[2.09786,41.39381],[2.09976,41.39109],[2.10212,41.38761],[2.10201,41.38238],[2.102,41.38172],[2.10648,41.3829],[2.11113,41.38414],[2.11311,41.38467],[2.12128,41.38683],[2.12739,41.38841]]]]}},
{"type":"Feature","properties":{"location_id":"0-EU-ES-08-13-001-019-05-001","name":"Vallvidrera - El Tibidabo i les Planes","city":"Barcelona"},"geometry":{"type":"MultiPolygon","coordinates":[[[[2.10506,41.40223],[2.10551,41.4023],[2.10577,41.40258],[2.10595,41.40323],[2.10622,41.40324],[2.10662,41.40323],[2.10701,41.40329],[2.10737,41.40355],[2.10747,41.40413],[2.10729,41.4045],[2.10736,41.40463],[2.10764,41.40479],[2.10773,41.40493],[2.10787,41.40529],[2.10798,41.40546],[2.10871,41.40577],[2.10891,41.40605],[2.10909,41.4067],[2.10901,41.40683],[2.10885,41.40697],[2.1086,41.40704],[2.10844,41.40696],[2.10813,41.4067],[2.10755,41.40651],[2.10741,41.40659],[2.10712,41.40687],[2.10691,41.40696],[2.10683,41.40695],[2.10673,41.40693],[2.10656,41.40683],[2.10635,41.40652],[2.10606,41.40646],[2.10563,41.40651],[2.1054,41.4064],[2.10492,41.40605],[2.1046,41.40606],[2.10439,41.40613],[2.1043,41.40625],[2.1043,41.40644],[2.10445,41.40711],[2.10432,41.40727],[2.10376,41.40734],[2.10354,41.40739],[2.10336,41.40759],[2.1032,41.40795],[2.1035,41.4083],[2.10355,41.40853],[2.10341,41.40915],[2.1039,41.40938],[2.10415,41.40975],[2.10452,41.40984],[2.10544,41.40979],[2.10578,41.40982],[2.10682,41.40987],[2.10698,41.41],[2.107,41.41012],[2.10673,41.41044],[2.10589,41.41099],[2.10577,41.41118],[2.10577,41.41126],[2.10623,41.41143],[2.10627,41.41162],[2.10636,41.41176],[2.10646,41.41177],[2.10669,41.41168],[2.10702,41.4115],[2.10745,41.41142],[2.108,41.41138],[2.10825,41.41149],[2.10823,41.41194],[2.10827,41.4124],[2.10818,41.41276],[2.10837,41.4129],[2.10861,41.41292],[2.10881,41.41303],[2.10913,41.41303],[2.10947,41.41262],[2.1097,41.41245],[2.10996,41.41244],[2.11016,41.41255],[2.11026,41.41295],[2.11048,41.41329],[2.1109,41.41361],[2.11107,41.41364],[2.11116,41.41355],[2.11123,41.41313],[2.11144,41.41276],[2.1119,41.41242],[2.11226,41.41234],[2.11257,41.4126],[2.11271,41.4127],[2.11288,41.41277],[2.113,41.41276],[2.11374,41.41224],[2.11418,41.41223],[2.11429,41.41237],[2.11443,41.41289],[2.11462,41.41305],[2.11523,41.41314],[2.11556,41.41405],[2.11582,41.41423],[2.11604,41.41416],[2.11636,41.41375],[2.11679,41.41358],[2.11769,41.41372],[2.11836,41.41365],[2.11857,41.41352],[2.11861,41.41293],[2.11868,41.41273],[2.11933,41.4125],[2.11942,41.41302],[2.11938,41.41334],[2.11908,41.41377],[2.11869,41.41462],[2.11857,41.41491],[2.11877,41.41506],[2.11946,41.41514],[2.12001,41.41512],[2.12007,41.41515],[2.12005,41.41524],[2.11983,41.41568],[2.11984,41.41626],[2.12003,41.41625],[2.12071,41.41599],[2.12087,41.41605],[2.12109,41.41646],[2.12148,41.41701],[2.1217,41.41689],[2.1217,41.41641],[2.12186,41.41621],[2.12192,41.4159],[2.1221,41.41564],[2.12209,41.41529],[2.12223,41.41518],[2.12235,41.41522],[2.12256,41.4154],[2.12278,41.4155],[2.12315,41.41537],[2.12343,41.41491],[2.12331,41.41453],[2.12317,41.41401],[2.12336,41.41377],[2.12373,41.41364],[2.12417,41.41358],[2.12464,41.41385],[2.12499,41.41393],[2.12547,41.41397],[2.12561,41.41405],[2.12524,41.41449],[2.12517,41.415],[2.12554,41.41561],[2.12621,41.41589],[2.12634,41.41603],[2.1266,41.41666],[2.1267,41.41673],[2.12689,41.41676],[2.12698,41.41674],[2.12751,41.41665],[2.12798,41.41663],[2.12844,41.41667],[2.12861,41.41688],[2.12885,41.41724],[2.12891,41.4175],[2.12851,41.41792],[2.12791,41.41827],[2.12796,41.41843],[2.12822,41.41864],[2.1282,41.41876],[2.12805,41.41891],[2.12779,41.41912],[2.1275,41.41927],[2.12745,41.41945],[2.12811,41.4197],[2.12844,41.41971],[2.12861,41.41982],[2.12875,41.41985],[2.12883,41.41991],[2.12908,41.41963],[2.12942,41.4195],[2.12969,41.41963],[2.12982,41.41981],[2.12992,41.42001],[2.13003,41.4201],[2.1304,41.42002],[2.13049,41.42023],[2.13082,41.41999],[2.13137,41.42022],[2.132,41.42042],[2.13101,41.42193],[2.12828,41.4222],[2.12667,41.42173],[2.12632,41.42142],[2.12527,41.4212],[2.12486,41.42125],[2.12477,41.4217],[2.12399,41.42153],[2.12127,41.42149],[2.12086,41.42184],[2.12046,41.42279],[2.12052,41.42405],[2.12142,41.42571],[2.12097,41.42593],[2.11955,41.42566],[2.11309,41.42872],[2.10321,41.42826],[2.09637,41.43372],[2.09424,41.43221],[2.09273,41.43051],[2.09121,41.42974],[2.09053,41.42912],[2.08854,41.42943],[2.0871,41.42917],[2.08595,41.42958],[2.08467,41.43095],[2.08372,41.43189],[2.08039,41.43075],[2.07498,41.43326],[2.07327,41.4364],[2.07177,41.43607],[2.07109,41.43606],[2.07242,41.43117],[2.07651,41.42869],[2.0733,41.42762],[2.07291,41.42502],[2.08019,41.42419],[2.08006,41.42306],[2.07525,41.42225],[2.07738,41.41871],[2.07881,41.41908],[2.07814,41.41246],[2.07218,41.41109],[2.07207,41.40894],[2.07213,41.40764],[2.06993,41.40719],[2.07035,41.40664],[2.07245,41.40356],[2.07787,41.40308],[2.08396,41.4095],[2.09457,41.40805],[2.09909,41.40808],[2.10364,41.40422],[2.10317,41.40337],[2.10401,41.4027],[2.10495,41.40176],[2.10506,41.40223]]]]}},
{"type":"Feature","properties":{"location_id":"0-EU-ES-08-13-001-019-06-003","name":"La Salut","city":"Barcelona"},"geometry":{"type":"MultiPolygon","coordinates":[[[[2.14976,41.41342],[2.14966,41.41303],[2.14905,41.41293],[2.1492,41.41276],[2.14984,41.41207],[2.14995,41.41195],[2.15022,41.41166],[2.14921,41.41116],[2.14828,41.41067],[2.14802,41.41053],[2.1486,41.40995],[2.14877,41.4098],[2.15001,41.40858],[2.15062,41.40799],[2.15076,41.40785],[2.15106,41.40805],[2.15382,41.40907],[2.15422,41.40856],[2.15598,41.40948],[2.15819,41.41057],[2.1605,41.41181],[2.16209,41.41264],[2.16185,41.41293],[2.16144,41.41343],[2.16129,41.41362],[2.16105,41.41368],[2.16088,41.41373],[2.16071,41.41377],[2.16021,41.41391],[2.15912,41.41449],[2.15863,41.415],[2.15806,41.4156],[2.15782,41.41612],[2.15763,41.41651],[2.15747,41.41658],[2.15724,41.41652],[2.157,41.41626],[2.15666,41.41567],[2.15591,41.41512],[2.15511,41.41495],[2.15463,41.41523],[2.15359,41.41611],[2.15331,41.41634],[2.15289,41.41669],[2.15269,41.41687],[2.15194,41.41692],[2.15158,41.4165],[2.1512,41.41633],[2.15034,41.41633],[2.15019,41.41626],[2.15079,41.41578],[2.15084,41.4156],[2.15026,41.41544],[2.1494,41.41533],[2.14954,41.41488],[2.14978,41.41449],[2.14987,41.41389],[2.14976,41.41342]]]]}},
{"type":"Feature","properties":{"location_id":"0-EU-ES-08-13-001-019-06-005","name":"Vallcarca i els Penitents","city":"Barcelona"},"geometry":{"type":"MultiPolygon","coordinates":[[[[2.1361,41.42443],[2.13508,41.4249],[2.13532,41.42443],[2.13521,41.42415],[2.13483,41.42384],[2.13472,41.42357],[2.1345,41.42336],[2.13431,41.42308],[2.13419,41.42276],[2.1343,41.42259],[2.1351,41.42211],[2.13537,41.4213],[2.13464,41.42144],[2.1338,41.42152],[2.13243,41.42142],[2.13103,41.42191],[2.13202,41.42041],[2.13083,41.41998],[2.13052,41.42023],[2.13059,41.41984],[2.13055,41.41956],[2.13047,41.41945],[2.13047,41.4193],[2.13038,41.41887],[2.13059,41.41835],[2.13118,41.41821],[2.13159,41.41832],[2.13219,41.4186],[2.13274,41.41835],[2.13425,41.41781],[2.13473,41.41737],[2.13514,41.41701],[2.13584,41.41637],[2.13613,41.41611],[2.13615,41.41594],[2.13617,41.41574],[2.13624,41.41524],[2.1365,41.41504],[2.13654,41.41501],[2.13735,41.41439],[2.1378,41.41407],[2.13876,41.41334],[2.13995,41.41242],[2.14096,41.41171],[2.14139,41.41168],[2.1437,41.41143],[2.14459,41.41137],[2.14508,41.41125],[2.14526,41.41116],[2.14555,41.41089],[2.14574,41.41057],[2.14589,41.41021],[2.14648,41.4094],[2.14747,41.40819],[2.14775,41.40794],[2.14821,41.40754],[2.14895,41.40697],[2.14934,41.40667],[2.14996,41.40722],[2.15049,41.40769],[2.15076,41.40785],[2.15038,41.40821],[2.14861,41.40995],[2.14803,41.41053],[2.14829,41.41067],[2.1492,41.41116],[2.15021,41.41167],[2.14905,41.41293],[2.14966,41.41303],[2.14987,41.41387],[2.14978,41.4145],[2.14954,41.41488],[2.1494,41.41533],[2.14824,41.41558],[2.14715,41.41473],[2.14497,41.41344],[2.14475,41.41335],[2.14473,41.41414],[2.14472,41.41451],[2.1449,41.41469],[2.14514,41.41488],[2.14673,41.41569],[2.14687,41.41589],[2.14698,41.41637],[2.14602,41.41688],[2.14571,41.41674],[2.14547,41.41663],[2.14518,41.41659],[2.14493,41.4167],[2.14458,41.41697],[2.14412,41.41736],[2.14401,41.41763],[2.144,41.41812],[2.14423,41.41909],[2.14451,41.41969],[2.1444,41.41992],[2.14409,41.42024],[2.14389,41.42016],[2.14367,41.42029],[2.14348,41.42047],[2.1421,41.42153],[2.14186,41.42158],[2.14099,41.42131],[2.14068,41.42129],[2.14007,41.42023],[2.13986,41.42029],[2.13967,41.42037],[2.13776,41.42089],[2.13758,41.42115],[2.13767,41.42135],[2.13809,41.42148],[2.13834,41.4216],[2.13844,41.42186],[2.13809,41.42279],[2.1379,41.42307],[2.13717,41.42348],[2.13632,41.42359],[2.13611,41.42383],[2.1361,41.42443]]]]}},
{"type":"Feature","properties":{"location_id":"0-EU-ES-08-13-001-019-07-006","name":"El Baix Guinard\u00f3","city":"Barcelona"},"geometry":{"type":"MultiPolygon","coordinates":[[[[2.16932,41.41524],[2.1694,41.41558],[2.16799,41.41576],[2.1673,41.41544],[2.16682,41.4152],[2.16623,41.41492],[2.16565,41.41488],[2.16427,41.41463],[2.16293,41.41431],[2.16156,41.41376],[2.16129,41.41362],[2.16156,41.41329],[2.16207,41.41266],[2.16216,41.41256],[2.16224,41.41246],[2.16326,41.41123],[2.16373,41.41076],[2.16389,41.41061],[2.16418,41.41033],[2.16864,41.40693],[2.16963,41.40764],[2.17056,41.40836],[2.17295,41.41015],[2.17434,41.41119],[2.17303,41.41218],[2.17132,41.41349],[2.17002,41.41448],[2.16951,41.41486],[2.16932,41.41524]]]]}},
{"type":"Feature","properties":{"location_id":"0-EU-ES-08-13-001-019-07-007","name":"El Carmel","city":"Barcelona"},"geometry":{"type":"MultiPolygon","coordinates":[[[[2.15856,41.42468],[2.15836,41.4253],[2.15832,41.42553],[2.15818,41.42629],[2.15785,41.42814],[2.15776,41.42854],[2.15742,41.42919],[2.157,41.42906],[2.15666,41.42896],[2.156,41.42872],[2.15489,41.42818],[2.15432,41.4278],[2.15298,41.42717],[2.15228,41.42687],[2.15189,41.42651],[2.15143,41.42632],[2.15104,41.4262],[2.15059,41.42607],[2.15105,41.42609],[2.1518,41.42599],[2.15172,41.42521],[2.15261,41.42513],[2.15243,41.42503],[2.15186,41.42475],[2.15155,41.42446],[2.15117,41.42402],[2.15106,41.42358],[2.15102,41.4233],[2.15099,41.42245],[2.15081,41.42215],[2.15067,41.42196],[2.15043,41.42164],[2.14951,41.42073],[2.14924,41.42036],[2.15088,41.42024],[2.15174,41.42018],[2.15172,41.41989],[2.1517,41.41968],[2.15167,41.41937],[2.15157,41.41911],[2.15145,41.41884],[2.15118,41.41844],[2.15109,41.41827],[2.15097,41.41806],[2.15097,41.41794],[2.15099,41.41783],[2.15126,41.41752],[2.15148,41.4173],[2.15176,41.41716],[2.15191,41.41693],[2.15194,41.41693],[2.15269,41.41688],[2.15289,41.41669],[2.15343,41.41625],[2.15393,41.41583],[2.15463,41.41523],[2.15483,41.41513],[2.1552,41.41566],[2.1557,41.41586],[2.15607,41.416],[2.15615,41.41611],[2.15634,41.41638],[2.15654,41.41672],[2.15656,41.4169],[2.15636,41.41726],[2.15637,41.41742],[2.15652,41.41764],[2.15698,41.41783],[2.15733,41.4178],[2.15854,41.41694],[2.15865,41.41681],[2.15887,41.41653],[2.15897,41.4165],[2.15905,41.41652],[2.15913,41.41657],[2.15917,41.41667],[2.15913,41.41676],[2.15899,41.41683],[2.15887,41.41687],[2.15878,41.41694],[2.15883,41.41703],[2.15949,41.41764],[2.15975,41.41781],[2.16015,41.4178],[2.16067,41.41756],[2.16091,41.41744],[2.16108,41.41743],[2.16134,41.41748],[2.16108,41.41818],[2.16129,41.41824],[2.16172,41.41869],[2.16249,41.42008],[2.16305,41.41992],[2.16332,41.41991],[2.16367,41.41996],[2.16439,41.42001],[2.16508,41.42003],[2.1653,41.42064],[2.16483,41.42084],[2.16414,41.42092],[2.16387,41.42096],[2.16363,41.42118],[2.16334,41.42105],[2.16323,41.42117],[2.16305,41.42163],[2.16262,41.42157],[2.16226,41.42243],[2.15963,41.42195],[2.15924,41.42144],[2.15918,41.42137],[2.15903,41.42136],[2.15846,41.4217],[2.15817,41.42304],[2.15904,41.42325],[2.15877,41.42381],[2.15853,41.4243],[2.15856,41.42468]]]]}},
{"type":"Feature","properties":{"location_id":"0-EU-ES-08-13-001-019-08-002","name":"Les Roquetes","city":"Barcelona"},"geometry":{"type":"MultiPolygon","coordinates":[[[[2.16798,41.44759],[2.16878,41.44709],[2.16906,41.44656],[2.16951,41.44578],[2.17014,41.44465],[2.17084,41.44488],[2.17112,41.44439],[2.17166,41.44348],[2.17667,41.44537],[2.17757,41.44561],[2.17975,41.44612],[2.18017,41.44684],[2.18028,41.4472],[2.17957,41.44795],[2.18007,41.44957],[2.18035,41.45027],[2.1812,41.45092],[2.18316,41.45247],[2.18317,41.45302],[2.18411,41.45369],[2.18447,41.45448],[2.18331,41.45373],[2.18255,41.45347],[2.18181,41.45288],[2.18131,41.45273],[2.18075,41.45302],[2.17996,41.45365],[2.17942,41.45324],[2.17909,41.45195],[2.17833,41.45132],[2.17691,41.45139],[2.1766,41.45115],[2.17618,41.45058],[2.17582,41.45043],[2.17463,41.4505],[2.17359,41.44991],[2.17254,41.44927],[2.17232,41.44927],[2.17168,41.44954],[2.17145,41.44952],[2.17103,41.44924],[2.17019,41.44872],[2.16969,41.44865],[2.16932,41.4488],[2.16857,41.44958],[2.16758,41.44922],[2.16798,41.44799],[2.16798,41.44759]]]]}},
{"type":"Feature","properties":{"location_id":"0-EU-ES-08-13-001-019-08-003","name":"La Trinitat Nova","city":"Barcelona"},"geometry":{"type":"MultiPolygon","coordinates":[[[[2.19041,41.45519],[2.18871,41.4561],[2.18704,41.45547],[2.18535,41.45481],[2.18447,41.45448],[2.18412,41.45369],[2.18318,41.45301],[2.18317,41.45246],[2.18162,41.45124],[2.18036,41.45026],[2.18007,41.44956],[2.17957,41.44795],[2.18028,41.4472],[2.18017,41.44684],[2.17975,41.44612],[2.18197,41.44648],[2.18499,41.44668],[2.18768,41.44694],[2.18846,41.44918],[2.18872,41.4499],[2.18904,41.45169],[2.18887,41.45339],[2.19041,41.45519]]]]}},
{"type":"Feature","properties":{"location_id":"0-EU-ES-08-13-001-019-10-001","name":"El Camp de l'Arpa del Clot","city":"Barcelona"},"geometry":{"type":"MultiPolygon","coordinates":[[[[2.1869,41.41175],[2.18695,41.41524],[2.18339,41.41795],[2.17918,41.41486],[2.17546,41.41205],[2.17633,41.41138],[2.17772,41.41032],[2.17987,41.40869],[2.1811,41.40774],[2.18332,41.40604],[2.18573,41.4078],[2.18688,41.40867],[2.1869,41.41175]]]]}},
{"type":"Feature","properties":{"location_id":"0-EU-ES-08-13-001-019-10-004","name":"El Bes\u00f2s","city":"Barcelona"},"geometry":{"type":"MultiPolygon","coordinates":[[[[2.21217,41.42225],[2.2107,41.42119],[2.20963,41.42037],[2.20816,41.41923],[2.20969,41.41833],[2.2073,41.41529],[2.21405,41.41011],[2.21576,41.41048],[2.21906,41.41133],[2.22858,41.40418],[2.23853,41.41225],[2.22789,41.41264],[2.22133,41.4134],[2.22044,41.41417],[2.21934,41.41566],[2.21818,41.41723],[2.21773,41.41703],[2.21525,41.41933],[2.21311,41.42118],[2.21217,41.42225]]]]}},
{"type":"Feature","properties":{"location_id":"0-EU-ES-08-13-001-019-10-007","name":"Proven\u00e7als del Poblenou","city":"Barcelona"},"geometry":{"type":"MultiPolygon","coordinates":[[[[2.20816,41.41923],[2.20507,41.41693],[2.20253,41.41501],[2.19713,41.41101],[2.19485,41.40931],[2.1915,41.40678],[2.19262,41.40592],[2.19378,41.40504],[2.20399,41.40761],[2.20757,41.40852],[2.20988,41.41027],[2.21103,41.41114],[2.21188,41.41178],[2.21168,41.41194],[2.20729,41.41529],[2.20969,41.41833],[2.20816,41.41923]]]]}},
{"type":"Feature","properties":{"location_id":"0-EU-ES-08-13-001-019-10-009","name":"Diagonal Mar i el Front Mar\u00edtim del Poblenou","city":"Barcelona"},"geometry":{"type":"MultiPolygon","coordinates":[[[[2.22602,41.40609],[2.21905,41.41132],[2.21578,41.41048],[2.21405,41.41011],[2.21188,41.41178],[2.20757,41.40852],[2.20398,41.40761],[2.21023,41.40272],[2.20706,41.4003],[2.20737,41.40006],[2.20866,41.39912],[2.21079,41.39756],[2.21359,41.39611],[2.22602,41.40609]]]]}},
{"type":"Feature","properties":{"location_id":"0-EU-ES-08-13-001-019-01-004","name":"El Raval","city":"Barcelona"},"geometry":{"type":"MultiPolygon","coordinates":[[[[2.16982,41.38554],[2.16868,41.38561],[2.16752,41.38569],[2.16473,41.38595],[2.16398,41.3853],[2.16362,41.38288],[2.16337,41.38097],[2.16328,41.38035],[2.16307,41.37877],[2.1652,41.37709],[2.16755,41.37522],[2.16753,41.37496],[2.17481,41.37468],[2.17544,41.37457],[2.1754,41.37384],[2.17612,41.37332],[2.17669,41.37231],[2.182,41.36975],[2.18332,41.3718],[2.1817,41.37242],[2.17956,41.37327],[2.17815,41.37385],[2.17737,41.37367],[2.17635,41.37418],[2.17658,41.37445],[2.17702,41.37496],[2.17716,41.37512],[2.17724,41.3752],[2.1778,41.3758],[2.17717,41.37637],[2.17637,41.37729],[2.17549,41.37862],[2.17505,41.37911],[2.17257,41.38193],[2.17177,41.38292],[2.16982,41.38554]]]]}},
{"type":"Feature","properties":{"location_id":"0-EU-ES-08-13-001-019-02-005","name":"La Sagrada Fam\u00edlia","city":"Barcelona"},"geometry":{"type":"MultiPolygon","coordinates":[[[[2.17546,41.41205],[2.17433,41.41119],[2.17298,41.41017],[2.17213,41.40953],[2.17083,41.40856],[2.16965,41.40766],[2.16864,41.40693],[2.16988,41.406],[2.17077,41.40533],[2.17203,41.40439],[2.16975,41.40269],[2.17325,41.39999],[2.17956,41.40156],[2.18646,41.40336],[2.18624,41.40389],[2.18332,41.40604],[2.18298,41.40631],[2.17621,41.41147],[2.17546,41.41205]]]]}},
{"type":"Feature","properties":{"location_id":"0-EU-ES-08-13-001-019-03-003","name":"La Bordeta","city":"Barcelona"},"geometry":{"type":"MultiPolygon","coordinates":[[[[2.13073,41.36944],[2.13149,41.36823],[2.13196,41.36701],[2.13223,41.36642],[2.13291,41.36556],[2.13171,41.36511],[2.13393,41.36339],[2.13946,41.36776],[2.14233,41.36997],[2.1424,41.37121],[2.14248,41.37269],[2.14194,41.37246],[2.14146,41.37283],[2.14146,41.37381],[2.1411,41.37382],[2.14026,41.37377],[2.14043,41.37319],[2.1395,41.3729],[2.1379,41.37237],[2.13809,41.37199],[2.13691,41.37159],[2.13524,41.37108],[2.1347,41.37106],[2.13453,41.37111],[2.1336,41.37119],[2.13225,41.37089],[2.1319,41.37161],[2.13013,41.36996],[2.13073,41.36944]]]]}},
{"type":"Feature","properties":{"location_id":"0-EU-ES-08-13-001-019-05-003","name":"Sant Gervasi - La Bonanova","city":"Barcelona"},"geometry":{"type":"MultiPolygon","coordinates":[[[[2.12892,41.4175],[2.12887,41.41723],[2.1286,41.41686],[2.12844,41.41667],[2.12797,41.41662],[2.1275,41.41664],[2.127,41.41674],[2.12689,41.41675],[2.1267,41.41673],[2.1266,41.41665],[2.12646,41.41628],[2.12636,41.41602],[2.12622,41.41588],[2.12554,41.41561],[2.12518,41.415],[2.12519,41.41485],[2.12525,41.4145],[2.12563,41.41403],[2.12547,41.41396],[2.12498,41.41392],[2.12464,41.41382],[2.12418,41.41357],[2.12372,41.41361],[2.12334,41.41377],[2.12316,41.41401],[2.12318,41.4142],[2.12339,41.41491],[2.12335,41.41507],[2.12314,41.41537],[2.12288,41.41545],[2.12279,41.41547],[2.1226,41.41539],[2.12236,41.41521],[2.12223,41.41516],[2.12205,41.41529],[2.12208,41.41565],[2.12191,41.41591],[2.12188,41.41605],[2.12184,41.41621],[2.12169,41.41638],[2.12168,41.41642],[2.12168,41.41689],[2.12148,41.417],[2.12108,41.41643],[2.12087,41.41603],[2.1207,41.41597],[2.12005,41.41622],[2.11987,41.41625],[2.11986,41.41568],[2.12008,41.41526],[2.12011,41.41515],[2.12002,41.4151],[2.11949,41.41512],[2.1188,41.41505],[2.1186,41.41491],[2.11869,41.41474],[2.11909,41.41378],[2.11942,41.41334],[2.11948,41.41301],[2.1194,41.41276],[2.11936,41.41248],[2.11956,41.41239],[2.1204,41.41133],[2.12112,41.41038],[2.12153,41.40958],[2.12236,41.4075],[2.1218,41.40704],[2.12237,41.40642],[2.12275,41.40589],[2.1228,41.4054],[2.1229,41.40502],[2.12328,41.40437],[2.12415,41.40348],[2.1244,41.40323],[2.12471,41.40279],[2.12476,41.40242],[2.12468,41.40211],[2.12451,41.40171],[2.1259,41.40247],[2.1266,41.40285],[2.12806,41.40365],[2.12998,41.40468],[2.1303,41.40435],[2.13143,41.40288],[2.1316,41.40265],[2.13185,41.40232],[2.13218,41.40189],[2.13319,41.40057],[2.13384,41.39973],[2.13412,41.39935],[2.13506,41.4002],[2.13554,41.40065],[2.1368,41.40171],[2.13792,41.40286],[2.13862,41.40329],[2.13953,41.40387],[2.1408,41.40443],[2.14075,41.40445],[2.13982,41.40503],[2.13938,41.40537],[2.13799,41.40807],[2.13692,41.4101],[2.13774,41.41043],[2.13812,41.4108],[2.13828,41.41129],[2.13823,41.41165],[2.13803,41.41257],[2.13764,41.41416],[2.13725,41.41447],[2.13624,41.41524],[2.13617,41.41569],[2.13613,41.41611],[2.13424,41.41781],[2.13274,41.41834],[2.13219,41.41859],[2.13157,41.41831],[2.13117,41.41821],[2.13058,41.41835],[2.13037,41.41887],[2.13046,41.41945],[2.13055,41.41956],[2.13058,41.41984],[2.13051,41.42023],[2.13041,41.42001],[2.13004,41.4201],[2.12991,41.42],[2.12984,41.41981],[2.1297,41.41962],[2.12942,41.41949],[2.12908,41.41963],[2.12883,41.41991],[2.12876,41.41985],[2.12861,41.41982],[2.12844,41.4197],[2.12811,41.41969],[2.12746,41.41945],[2.12751,41.41927],[2.12779,41.41912],[2.12806,41.41892],[2.1282,41.41877],[2.12822,41.41864],[2.12797,41.41843],[2.12791,41.41828],[2.12853,41.41792],[2.12892,41.4175]]]]}},
{"type":"Feature","properties":{"location_id":"0-EU-ES-08-13-001-019-05-002","name":"Sarri\u00e0","city":"Barcelona"},"geometry":{"type":"MultiPolygon","coordinates":[[[[2.12291,41.40073],[2.12316,41.40093],[2.1245,41.4017],[2.12467,41.40211],[2.12476,41.40242],[2.1247,41.40279],[2.1244,41.40323],[2.12422,41.40339],[2.12328,41.40436],[2.12289,41.40501],[2.12279,41.40539],[2.12275,41.40589],[2.12235,41.40644],[2.12179,41.40704],[2.12236,41.40751],[2.12152,41.40958],[2.12112,41.41038],[2.11954,41.41236],[2.1193,41.41249],[2.11868,41.41272],[2.1186,41.41291],[2.11857,41.41323],[2.11854,41.4135],[2.11836,41.41363],[2.11768,41.4137],[2.11722,41.41362],[2.11674,41.41356],[2.11636,41.41373],[2.116,41.41417],[2.11582,41.41422],[2.11558,41.41405],[2.11536,41.41342],[2.11529,41.41324],[2.11524,41.41313],[2.11464,41.41305],[2.11445,41.41289],[2.11433,41.4124],[2.11424,41.41227],[2.11418,41.4122],[2.11395,41.41221],[2.11372,41.41222],[2.11348,41.41239],[2.1132,41.41259],[2.11299,41.41275],[2.11287,41.41276],[2.11271,41.41269],[2.11254,41.41256],[2.11226,41.41234],[2.1119,41.4124],[2.11142,41.41278],[2.11134,41.41287],[2.11119,41.41319],[2.11115,41.41355],[2.11107,41.41364],[2.11094,41.41362],[2.1109,41.41361],[2.11058,41.41336],[2.11047,41.41325],[2.11027,41.41295],[2.11018,41.41256],[2.10994,41.41242],[2.10968,41.41244],[2.10947,41.4126],[2.10913,41.41302],[2.10883,41.41302],[2.10858,41.41289],[2.10837,41.41288],[2.1082,41.41276],[2.1083,41.4124],[2.10825,41.41208],[2.10827,41.41148],[2.108,41.41136],[2.10744,41.4114],[2.107,41.41149],[2.10666,41.41168],[2.10648,41.41176],[2.10637,41.41175],[2.10627,41.41161],[2.10625,41.41141],[2.10577,41.41125],[2.10578,41.41118],[2.10593,41.41097],[2.10674,41.41047],[2.10701,41.41011],[2.10701,41.41],[2.10683,41.40987],[2.10547,41.40978],[2.10453,41.40982],[2.10417,41.40973],[2.1039,41.40936],[2.10342,41.40914],[2.10358,41.40854],[2.1035,41.40829],[2.10321,41.40794],[2.10337,41.4076],[2.10354,41.40741],[2.10375,41.40736],[2.10432,41.40728],[2.10445,41.40712],[2.10432,41.40644],[2.10432,41.40626],[2.1044,41.40615],[2.10462,41.40607],[2.10487,41.40605],[2.10509,41.40619],[2.10537,41.4064],[2.10563,41.40652],[2.10608,41.40647],[2.10632,41.40652],[2.10641,41.40663],[2.10654,41.40684],[2.10674,41.40693],[2.10681,41.40696],[2.10692,41.40696],[2.10712,41.40688],[2.1074,41.40662],[2.10756,41.40652],[2.10809,41.40669],[2.10839,41.40695],[2.1086,41.40706],[2.10887,41.40697],[2.10912,41.40671],[2.10892,41.40604],[2.10872,41.40577],[2.10801,41.40545],[2.10789,41.40533],[2.10767,41.40477],[2.10736,41.40463],[2.1073,41.40451],[2.10745,41.40414],[2.10739,41.40354],[2.10701,41.40328],[2.10661,41.4032],[2.10617,41.40323],[2.10596,41.40322],[2.1058,41.4026],[2.10552,41.40228],[2.10507,41.40222],[2.10495,41.40175],[2.10653,41.40037],[2.10793,41.39912],[2.10856,41.39855],[2.10879,41.39804],[2.10912,41.39727],[2.10933,41.39688],[2.10977,41.39628],[2.11034,41.39578],[2.11088,41.39588],[2.11184,41.39656],[2.11243,41.39692],[2.11289,41.39718],[2.11316,41.39731],[2.11477,41.39641],[2.11543,41.39599],[2.11575,41.39581],[2.11737,41.39538],[2.11793,41.3951],[2.11831,41.39448],[2.11847,41.39394],[2.11843,41.3933],[2.11815,41.39274],[2.11761,41.39222],[2.11783,41.39207],[2.11807,41.39191],[2.11945,41.3916],[2.1199,41.39138],[2.12043,41.39096],[2.12071,41.39054],[2.12084,41.3901],[2.12221,41.39063],[2.12338,41.39091],[2.12431,41.39117],[2.12942,41.3924],[2.12996,41.39261],[2.12604,41.3956],[2.12567,41.39592],[2.12587,41.39621],[2.12615,41.39651],[2.12818,41.3978],[2.12688,41.39785],[2.12609,41.39813],[2.1244,41.39939],[2.12342,41.40027],[2.12291,41.40073]]]]}},
{"type":"Feature","properties":{"location_id":"0-EU-ES-08-13-001-019-05-004","name":"Les Tres Torres","city":"Barcelona"},"geometry":{"type":"MultiPolygon","coordinates":[[[[2.12836,41.4038],[2.12451,41.4017],[2.12317,41.40093],[2.12291,41.40073],[2.12379,41.39994],[2.12441,41.39939],[2.12608,41.39814],[2.12689,41.39785],[2.12819,41.39781],[2.12777,41.39752],[2.12615,41.3965],[2.12587,41.3962],[2.12568,41.39593],[2.12604,41.3956],[2.12776,41.39431],[2.12996,41.39261],[2.13133,41.39241],[2.13253,41.39221],[2.13561,41.39167],[2.13638,41.39156],[2.13602,41.39195],[2.13573,41.39237],[2.1351,41.39389],[2.13472,41.39485],[2.1342,41.3957],[2.13365,41.39628],[2.13285,41.39713],[2.13266,41.39753],[2.13279,41.39787],[2.13317,41.39829],[2.13411,41.39935],[2.13394,41.39959],[2.13352,41.40013],[2.1303,41.40435],[2.12999,41.40468],[2.12836,41.4038]]]]}},
{"type":"Feature","properties":{"location_id":"0-EU-ES-08-13-001-019-03-006","name":"La Font de la Guatlla","city":"Barcelona"},"geometry":{"type":"MultiPolygon","coordinates":[[[[2.14731,41.37366],[2.14233,41.36997],[2.13946,41.36776],[2.14015,41.36732],[2.13957,41.36592],[2.13973,41.36583],[2.14112,41.36592],[2.14127,41.36596],[2.14147,41.36588],[2.14166,41.36565],[2.1429,41.36676],[2.14333,41.36707],[2.14329,41.36732],[2.1434,41.36752],[2.14361,41.36767],[2.14426,41.36799],[2.14489,41.36829],[2.14526,41.36855],[2.14553,41.36897],[2.14603,41.3693],[2.14671,41.36952],[2.14739,41.36957],[2.14823,41.36947],[2.14858,41.36945],[2.14897,41.36961],[2.14925,41.36988],[2.14945,41.37047],[2.14951,41.37086],[2.14979,41.37101],[2.15043,41.37127],[2.14843,41.37281],[2.14731,41.37366]]]]}},
{"type":"Feature","properties":{"location_id":"0-EU-ES-08-13-001-019-06-001","name":"El Camp d'En Grassot i Gr\u00e0cia Nova","city":"Barcelona"},"geometry":{"type":"MultiPolygon","coordinates":[[[[2.16354,41.40495],[2.16165,41.40374],[2.16359,41.40225],[2.16521,41.40099],[2.16639,41.40188],[2.16753,41.40103],[2.17202,41.40439],[2.16862,41.40694],[2.1657,41.40917],[2.16418,41.41033],[2.16391,41.41058],[2.16326,41.41122],[2.16223,41.41248],[2.16209,41.41264],[2.16058,41.41185],[2.16005,41.41157],[2.15872,41.41085],[2.15824,41.4106],[2.1585,41.41032],[2.15929,41.40947],[2.15971,41.40903],[2.1614,41.40721],[2.16354,41.40495]]]]}},
{"type":"Feature","properties":{"location_id":"0-EU-ES-08-13-001-019-06-002","name":"Vila de Gr\u00e0cia","city":"Barcelona"},"geometry":{"type":"MultiPolygon","coordinates":[[[[2.14934,41.40667],[2.1499,41.40621],[2.15001,41.40586],[2.15002,41.4056],[2.15,41.40544],[2.15039,41.40445],[2.15033,41.40414],[2.15011,41.4039],[2.14993,41.40316],[2.15071,41.40217],[2.15113,41.40165],[2.15132,41.40052],[2.15128,41.40049],[2.15154,41.40028],[2.15332,41.3985],[2.1541,41.39771],[2.15498,41.39682],[2.15564,41.39557],[2.15925,41.39651],[2.15956,41.39674],[2.1634,41.39963],[2.16521,41.40099],[2.16164,41.40374],[2.16354,41.40495],[2.16258,41.40597],[2.16158,41.40702],[2.16092,41.40772],[2.16001,41.40871],[2.15957,41.40917],[2.15911,41.40966],[2.15824,41.4106],[2.15597,41.40947],[2.15422,41.40856],[2.15382,41.40906],[2.15267,41.40864],[2.15107,41.40804],[2.1508,41.40787],[2.15049,41.40769],[2.14934,41.40667]]]]}},
{"type":"Feature","properties":{"location_id":"0-EU-ES-08-13-001-019-03-009","name":"Zona Franca - Port","city":"Barcelona"},"geometry":{"type":"MultiPolygon","coordinates":[[[[2.17528,41.36733],[2.17608,41.37271],[2.17348,41.36987],[2.17352,41.36896],[2.17362,41.36817],[2.1719,41.36604],[2.17135,41.36504],[2.16928,41.36235],[2.16843,41.36153],[2.16628,41.36003],[2.16426,41.3588],[2.16264,41.35759],[2.16158,41.3567],[2.15904,41.35427],[2.15849,41.35375],[2.15658,41.35254],[2.15495,41.3521],[2.15319,41.35162],[2.15092,41.351],[2.14185,41.34746],[2.13896,41.34676],[2.13759,41.34634],[2.13224,41.34474],[2.1158,41.33948],[2.1079,41.33686],[2.1026,41.3351],[2.11253,41.32573],[2.11873,41.32275],[2.14207,41.3207],[2.14886,41.3209],[2.15206,41.32188],[2.15346,41.321],[2.16147,41.33213],[2.16808,41.34784],[2.17083,41.35195],[2.18027,41.36571],[2.17528,41.36733]]]]}},
{"type":"Feature","properties":{"location_id":"0-EU-ES-08-13-001-019-08-005","name":"Verdun","city":"Barcelona"},"geometry":{"type":"MultiPolygon","coordinates":[[[[2.17166,41.44348],[2.17273,41.44201],[2.17284,41.44135],[2.17298,41.44107],[2.17326,41.44065],[2.17394,41.44017],[2.17515,41.439],[2.17619,41.44012],[2.17715,41.44115],[2.1779,41.44209],[2.17826,41.4429],[2.17844,41.44331],[2.17921,41.44511],[2.17945,41.44566],[2.17975,41.44612],[2.17757,41.44561],[2.17668,41.44537],[2.17166,41.44348]]]]}},
{"type":"Feature","properties":{"location_id":"0-EU-ES-08-13-001-019-08-006","name":"La Prosperitat","city":"Barcelona"},"geometry":{"type":"MultiPolygon","coordinates":[[[[2.18498,41.44667],[2.18197,41.44648],[2.17975,41.44612],[2.17945,41.44566],[2.17829,41.44295],[2.17791,41.4421],[2.17714,41.44114],[2.17515,41.43901],[2.1746,41.43836],[2.17611,41.43859],[2.17908,41.43893],[2.18125,41.4392],[2.18404,41.43954],[2.18531,41.43967],[2.18618,41.44245],[2.18629,41.44279],[2.18656,41.44367],[2.18702,41.44506],[2.18738,41.446],[2.18768,41.44694],[2.18498,41.44667]]]]}},
{"type":"Feature","properties":{"location_id":"0-EU-ES-08-13-001-019-03-004","name":"Hostafrancs","city":"Barcelona"},"geometry":{"type":"MultiPolygon","coordinates":[[[[2.14296,41.38027],[2.14236,41.37985],[2.14209,41.37963],[2.14183,41.37909],[2.14186,41.37838],[2.14181,41.37716],[2.14179,41.37655],[2.1405,41.37648],[2.14047,41.37531],[2.14085,41.37529],[2.14088,41.37504],[2.14108,41.37486],[2.14099,41.37435],[2.141,41.37417],[2.1411,41.37382],[2.14146,41.37381],[2.14146,41.37308],[2.14146,41.37283],[2.14194,41.37246],[2.14248,41.37269],[2.14233,41.36997],[2.14843,41.37449],[2.14948,41.37519],[2.14873,41.37578],[2.14472,41.37896],[2.14433,41.37925],[2.14296,41.38027]]]]}},
{"type":"Feature","properties":{"location_id":"0-EU-ES-08-13-001-019-07-004","name":"La Vall d'Hebron - La Clota","city":"Barcelona"},"geometry":{"type":"MultiPolygon","coordinates":[[[[2.1511,41.43733],[2.15075,41.43733],[2.14957,41.43677],[2.14872,41.43621],[2.14799,41.43569],[2.14772,41.43545],[2.14679,41.43417],[2.14582,41.43222],[2.14468,41.42996],[2.143,41.42642],[2.14221,41.4248],[2.14278,41.42466],[2.14349,41.4244],[2.14437,41.42443],[2.14496,41.42442],[2.14586,41.42426],[2.14654,41.42421],[2.14746,41.42444],[2.14815,41.42475],[2.14894,41.42532],[2.14954,41.42567],[2.1501,41.42589],[2.15058,41.42608],[2.15142,41.42632],[2.15188,41.42651],[2.15228,41.42688],[2.15299,41.42718],[2.15432,41.42781],[2.15488,41.42818],[2.156,41.42873],[2.15664,41.42895],[2.157,41.42907],[2.15637,41.42982],[2.15583,41.43008],[2.15522,41.43068],[2.1546,41.43122],[2.15396,41.43163],[2.15391,41.43174],[2.15355,41.43241],[2.15332,41.43268],[2.15266,41.43317],[2.1524,41.43344],[2.15235,41.43386],[2.1528,41.43417],[2.15322,41.4349],[2.15219,41.43514],[2.15124,41.43597],[2.15287,41.43665],[2.15226,41.4372],[2.15183,41.43735],[2.1511,41.43733]]]]}},
{"type":"Feature","properties":{"location_id":"0-EU-ES-08-13-001-019-09-002","name":"Sant Andreu","city":"Barcelona"},"geometry":{"type":"MultiPolygon","coordinates":[[[[2.18828,41.44695],[2.18768,41.44694],[2.18729,41.44575],[2.18702,41.44506],[2.1865,41.44346],[2.18521,41.43934],[2.18424,41.43645],[2.18347,41.43418],[2.18318,41.43311],[2.18282,41.43215],[2.18266,41.43173],[2.18254,41.43103],[2.18283,41.43042],[2.18406,41.42863],[2.18507,41.42862],[2.18766,41.42862],[2.18797,41.42849],[2.18883,41.42809],[2.18999,41.42779],[2.1904,41.42772],[2.1914,41.42773],[2.1923,41.42781],[2.19265,41.42787],[2.1934,41.42807],[2.19394,41.42788],[2.19423,41.42774],[2.19528,41.42721],[2.19604,41.42678],[2.19639,41.42882],[2.19637,41.42971],[2.19636,41.43032],[2.19605,41.43158],[2.19549,41.4327],[2.19408,41.43444],[2.19395,41.43478],[2.19382,41.43517],[2.19384,41.43646],[2.19412,41.43746],[2.1944,41.43844],[2.195,41.43989],[2.19561,41.4416],[2.19583,41.44258],[2.19643,41.44452],[2.19741,41.44768],[2.19602,41.4474],[2.19494,41.4476],[2.19412,41.44752],[2.19254,41.44688],[2.19048,41.44694],[2.18828,41.44695]]]]}},
{"type":"Feature","properties":{"location_id":"0-EU-ES-08-13-001-019-10-002","name":"El Clot","city":"Barcelona"},"geometry":{"type":"MultiPolygon","coordinates":[[[[2.18688,41.40867],[2.18545,41.40759],[2.18332,41.40603],[2.18624,41.40389],[2.18657,41.40308],[2.18846,41.40447],[2.1915,41.40678],[2.19711,41.41101],[2.19241,41.41453],[2.19111,41.41555],[2.19109,41.41547],[2.19108,41.41541],[2.19105,41.41523],[2.18902,41.41368],[2.18695,41.41524],[2.18688,41.40867]]]]}},
{"type":"Feature","properties":{"location_id":"0-EU-ES-08-13-001-019-08-001","name":"Ciutat Meridiana - Torre Bar\u00f3 - Vallbona","city":"Barcelona"},"geometry":{"type":"MultiPolygon","coordinates":[[[[2.18707,41.4675],[2.18518,41.46762],[2.18289,41.46773],[2.17874,41.468],[2.18044,41.46457],[2.17463,41.46353],[2.17446,41.46345],[2.17301,41.46264],[2.16843,41.46005],[2.16592,41.45854],[2.16539,41.45578],[2.16488,41.45314],[2.16426,41.44989],[2.16798,41.44759],[2.16798,41.44799],[2.16758,41.44922],[2.16857,41.44958],[2.16932,41.4488],[2.16969,41.44865],[2.17019,41.44872],[2.17091,41.44917],[2.17103,41.44924],[2.17145,41.44952],[2.17168,41.44954],[2.17232,41.44927],[2.17254,41.44927],[2.1733,41.44973],[2.17359,41.44991],[2.17463,41.4505],[2.17582,41.45043],[2.17618,41.45058],[2.1766,41.45115],[2.17691,41.45139],[2.17833,41.45132],[2.17909,41.45195],[2.17942,41.45324],[2.17996,41.45365],[2.18075,41.45302],[2.18131,41.45273],[2.18181,41.45288],[2.18255,41.45347],[2.18331,41.45373],[2.18447,41.45448],[2.18871,41.4561],[2.19041,41.45519],[2.19046,41.45521],[2.19119,41.45551],[2.19204,41.4559],[2.19245,41.45639],[2.1885,41.45967],[2.18707,41.4675]]]]}},
{"type":"Feature","properties":{"location_id":"0-EU-ES-08-13-001-019-05-005","name":"Sant Gervasi - Galvany","city":"Barcelona"},"geometry":{"type":"MultiPolygon","coordinates":[[[[2.14183,41.40405],[2.14138,41.40421],[2.1408,41.40443],[2.14039,41.40425],[2.13953,41.40387],[2.13863,41.4033],[2.13792,41.40286],[2.1368,41.40171],[2.13555,41.40065],[2.13411,41.39934],[2.13279,41.39787],[2.13265,41.39753],[2.13284,41.39714],[2.13367,41.39626],[2.13422,41.39569],[2.13471,41.39486],[2.13517,41.39374],[2.13573,41.39237],[2.13603,41.39194],[2.13638,41.39155],[2.13786,41.39136],[2.14388,41.39286],[2.14446,41.39285],[2.14477,41.39286],[2.14608,41.39321],[2.14734,41.39354],[2.15025,41.39426],[2.15329,41.395],[2.15564,41.39558],[2.15498,41.39682],[2.1533,41.39852],[2.152,41.39982],[2.15154,41.40028],[2.15126,41.4005],[2.15006,41.40091],[2.14887,41.40122],[2.14765,41.40114],[2.1473,41.40136],[2.14624,41.40194],[2.14498,41.40263],[2.14387,41.403],[2.14278,41.40341],[2.14224,41.4039],[2.14183,41.40405]]]]}},
{"type":"Feature","properties":{"location_id":"0-EU-ES-08-13-001-019-10-003","name":"La Verneda i la Pau","city":"Barcelona"},"geometry":{"type":"MultiPolygon","coordinates":[[[[2.20729,41.42773],[2.20363,41.42934],[2.20158,41.43002],[2.20088,41.43028],[2.19959,41.43027],[2.19852,41.42992],[2.19781,41.42954],[2.19728,41.42904],[2.19699,41.42823],[2.19677,41.42786],[2.19627,41.42666],[2.19604,41.4261],[2.19571,41.42482],[2.19548,41.42382],[2.19521,41.42247],[2.19601,41.42231],[2.19796,41.4219],[2.19863,41.42182],[2.19959,41.42108],[2.2016,41.41959],[2.20355,41.41811],[2.20508,41.41693],[2.20813,41.41922],[2.21094,41.42138],[2.21218,41.42226],[2.21155,41.42289],[2.20999,41.42468],[2.20616,41.42565],[2.20655,41.42637],[2.20729,41.42773]]]]}},
{"type":"Feature","properties":{"location_id":"0-EU-ES-08-13-001-019-01-001","name":"La Barceloneta","city":"Barcelona"},"geometry":{"type":"MultiPolygon","coordinates":[[[[2.20493,41.3788],[2.20201,41.38092],[2.19863,41.38307],[2.19963,41.38483],[2.19837,41.38578],[2.19589,41.3877],[2.19493,41.38705],[2.19378,41.38615],[2.19244,41.38527],[2.19157,41.38475],[2.19082,41.38439],[2.18853,41.38328],[2.18568,41.38198],[2.18448,41.3814],[2.18349,41.38096],[2.18434,41.37903],[2.18542,41.37647],[2.18466,41.37507],[2.18333,41.37179],[2.18145,41.36447],[2.17152,41.34988],[2.17136,41.33978],[2.17377,41.33951],[2.17567,41.35064],[2.18574,41.35735],[2.18827,41.36305],[2.19213,41.3697],[2.20305,41.37663],[2.20493,41.3788]]]]}},
{"type":"Feature","properties":{"location_id":"0-EU-ES-08-13-001-019-01-002","name":"Sant Pere - Santa Caterina i la Ribera","city":"Barcelona"},"geometry":{"type":"MultiPolygon","coordinates":[[[[2.18563,41.38196],[2.18854,41.38329],[2.19154,41.38475],[2.19241,41.38527],[2.19381,41.3862],[2.19146,41.38797],[2.19028,41.38884],[2.18912,41.3896],[2.18872,41.38987],[2.18655,41.39121],[2.18456,41.38978],[2.1824,41.39142],[2.18135,41.39221],[2.18027,41.39138],[2.17994,41.39107],[2.17967,41.39097],[2.178,41.39033],[2.17743,41.39009],[2.17591,41.38895],[2.17344,41.389],[2.17276,41.38851],[2.17318,41.38817],[2.17349,41.38793],[2.17394,41.3876],[2.175,41.38679],[2.17687,41.3854],[2.17805,41.38455],[2.18079,41.38243],[2.18222,41.38137],[2.18247,41.38118],[2.18275,41.38097],[2.1835,41.38096],[2.18458,41.38144],[2.18563,41.38196]]]]}},
{"type":"Feature","properties":{"location_id":"0-EU-ES-08-13-001-019-09-007","name":"La Sagrera","city":"Barcelona"},"geometry":{"type":"MultiPolygon","coordinates":[[[[2.18999,41.42779],[2.18882,41.42809],[2.18805,41.42845],[2.18766,41.42862],[2.18594,41.42862],[2.18407,41.42862],[2.1848,41.4276],[2.18428,41.42763],[2.18418,41.42567],[2.18418,41.42469],[2.184,41.42346],[2.18394,41.42268],[2.18822,41.41941],[2.19026,41.41787],[2.19146,41.41697],[2.19111,41.41555],[2.19243,41.41452],[2.1936,41.41537],[2.19329,41.41618],[2.19326,41.41672],[2.19374,41.41792],[2.19518,41.42246],[2.19546,41.42381],[2.19569,41.42476],[2.19603,41.42609],[2.19627,41.42666],[2.19603,41.42679],[2.19524,41.42723],[2.19428,41.42771],[2.19394,41.42788],[2.1934,41.42807],[2.19265,41.42787],[2.1923,41.42781],[2.1914,41.42773],[2.19041,41.42772],[2.18999,41.42779]]]]}},
{"type":"Feature","properties":{"location_id":"0-EU-ES-08-13-001-019-08-004","name":"La Guineueta","city":"Barcelona"},"geometry":{"type":"MultiPolygon","coordinates":[[[[2.16147,41.43999],[2.16179,41.43928],[2.16214,41.43886],[2.16288,41.43834],[2.16374,41.43779],[2.16331,41.43744],[2.16357,41.43718],[2.16338,41.43683],[2.16471,41.43645],[2.1656,41.43634],[2.1666,41.43611],[2.16784,41.43582],[2.16816,41.43566],[2.16888,41.43511],[2.1698,41.43481],[2.17007,41.43479],[2.17072,41.4348],[2.17139,41.43491],[2.17175,41.43511],[2.17206,41.43532],[2.17231,41.43566],[2.1728,41.43639],[2.17377,41.43734],[2.17459,41.43834],[2.17515,41.439],[2.17415,41.43997],[2.17393,41.44018],[2.17326,41.44065],[2.17298,41.44107],[2.17284,41.44135],[2.17273,41.44201],[2.17217,41.44278],[2.17166,41.44348],[2.17131,41.44333],[2.16813,41.44213],[2.16572,41.44126],[2.16414,41.44065],[2.16273,41.44024],[2.16147,41.43999]]]]}},
{"type":"Feature","properties":{"location_id":"0-EU-ES-08-13-001-019-01-003","name":"El G\u00f2tic","city":"Barcelona"},"geometry":{"type":"MultiPolygon","coordinates":[[[[2.18543,41.37647],[2.1835,41.38095],[2.18275,41.38096],[2.18218,41.38138],[2.17973,41.38324],[2.17854,41.38416],[2.17641,41.38573],[2.174,41.38755],[2.17277,41.3885],[2.17236,41.38801],[2.17179,41.38735],[2.1714,41.38699],[2.17117,41.38683],[2.17031,41.38596],[2.16982,41.38554],[2.17081,41.38421],[2.17177,41.38292],[2.17257,41.38193],[2.17334,41.38105],[2.17549,41.37862],[2.17581,41.37814],[2.17637,41.37729],[2.17717,41.37637],[2.1778,41.3758],[2.17723,41.37519],[2.17717,41.37514],[2.17653,41.37439],[2.17635,41.37418],[2.17737,41.37367],[2.17815,41.37385],[2.17992,41.37313],[2.18174,41.37241],[2.18331,41.3718],[2.18392,41.3731],[2.18465,41.37509],[2.18543,41.37647]]]]}},
{"type":"Feature","properties":{"location_id":"0-EU-ES-08-13-001-019-04-001","name":"Les Corts","city":"Barcelona"},"geometry":{"type":"MultiPolygon","coordinates":[[[[2.14387,41.39286],[2.13785,41.39136],[2.13636,41.39156],[2.13527,41.39172],[2.13223,41.39227],[2.13,41.39261],[2.12943,41.3924],[2.1285,41.39121],[2.12798,41.39022],[2.12739,41.38841],[2.12718,41.38746],[2.12714,41.38681],[2.1271,41.386],[2.12737,41.38508],[2.12761,41.38424],[2.12849,41.38122],[2.12909,41.37933],[2.13018,41.37994],[2.13137,41.38048],[2.13274,41.38092],[2.13427,41.38135],[2.13547,41.38177],[2.13755,41.38258],[2.13874,41.38312],[2.14041,41.38392],[2.14084,41.38427],[2.14153,41.38481],[2.14255,41.38553],[2.1426,41.38555],[2.14265,41.38595],[2.14336,41.38929],[2.14341,41.38948],[2.14371,41.39052],[2.14426,41.39256],[2.14446,41.39285],[2.14387,41.39286]]]]}},
{"type":"Feature","properties":{"location_id":"0-EU-ES-08-13-001-019-08-009","name":"Vilapicina i la Torre Llobeta","city":"Barcelona"},"geometry":{"type":"MultiPolygon","coordinates":[[[[2.16824,41.43044],[2.16792,41.43045],[2.16545,41.43058],[2.16484,41.43077],[2.16436,41.43085],[2.16424,41.43086],[2.16444,41.43068],[2.16488,41.43037],[2.16591,41.42979],[2.16619,41.42964],[2.16544,41.42921],[2.16427,41.42851],[2.16366,41.42811],[2.16392,41.42803],[2.16508,41.42781],[2.16596,41.42773],[2.16712,41.42759],[2.1698,41.42722],[2.17117,41.42686],[2.17237,41.42652],[2.17312,41.42631],[2.17605,41.42551],[2.17609,41.42548],[2.17653,41.42548],[2.17733,41.42548],[2.17731,41.42588],[2.17721,41.42781],[2.17728,41.4282],[2.17807,41.42806],[2.17917,41.42788],[2.17945,41.42784],[2.18071,41.42778],[2.18416,41.42762],[2.18429,41.42763],[2.1848,41.4276],[2.18407,41.42862],[2.18395,41.4288],[2.18358,41.42932],[2.18294,41.43025],[2.18208,41.43025],[2.18072,41.43025],[2.17901,41.43025],[2.17565,41.43028],[2.17481,41.4303],[2.17231,41.43036],[2.16981,41.43041],[2.16862,41.43043],[2.16824,41.43044]]]]}},
{"type":"Feature","properties":{"location_id":"0-EU-ES-08-13-001-019-07-003","name":"La Teixonera","city":"Barcelona"},"geometry":{"type":"MultiPolygon","coordinates":[[[[2.14746,41.42443],[2.14654,41.42421],[2.14586,41.42426],[2.14495,41.42442],[2.14442,41.42443],[2.1435,41.42438],[2.1428,41.42464],[2.14221,41.4248],[2.1419,41.42412],[2.14064,41.4213],[2.14098,41.42132],[2.14185,41.42158],[2.1421,41.42153],[2.14347,41.42048],[2.14368,41.42029],[2.14389,41.42016],[2.14406,41.42027],[2.14451,41.42055],[2.14459,41.42077],[2.14479,41.42085],[2.14488,41.42087],[2.14564,41.421],[2.14573,41.42109],[2.147,41.42126],[2.14792,41.42164],[2.14913,41.42162],[2.14945,41.42161],[2.1495,41.42111],[2.14952,41.42073],[2.15042,41.42164],[2.1508,41.42214],[2.15099,41.42244],[2.15099,41.42287],[2.15101,41.42331],[2.15105,41.42355],[2.15117,41.42403],[2.15158,41.42449],[2.15185,41.42475],[2.15243,41.42504],[2.15259,41.42513],[2.15172,41.42521],[2.1518,41.42599],[2.15105,41.42608],[2.15056,41.42606],[2.14956,41.42567],[2.14895,41.42531],[2.14877,41.42518],[2.14815,41.42474],[2.14746,41.42443]]]]}},
{"type":"Feature","properties":{"location_id":"0-EU-ES-08-13-001-019-04-002","name":"La Maternitat i Sant Ramon","city":"Barcelona"},"geometry":{"type":"MultiPolygon","coordinates":[[[[2.12738,41.38841],[2.1208,41.3867],[2.10492,41.38247],[2.102,41.38172],[2.10202,41.38034],[2.1031,41.38025],[2.1037,41.38007],[2.10437,41.37975],[2.10565,41.37908],[2.10717,41.37854],[2.10882,41.37735],[2.10889,41.37596],[2.11782,41.37579],[2.12145,41.37795],[2.12167,41.37745],[2.12165,41.37598],[2.12175,41.37566],[2.12272,41.37566],[2.12437,41.37663],[2.1253,41.37718],[2.12587,41.37758],[2.12908,41.37933],[2.12848,41.38123],[2.1271,41.386],[2.12717,41.38746],[2.12738,41.38841]]]]}},
{"type":"Feature","properties":{"location_id":"0-EU-ES-08-13-001-019-08-007","name":"Can Peguera - El Tur\u00f3 de la Peira","city":"Barcelona"},"geometry":{"type":"MultiPolygon","coordinates":[[[[2.17452,41.43092],[2.17399,41.43189],[2.17391,41.43204],[2.17372,41.43239],[2.17324,41.43322],[2.17228,41.43497],[2.17206,41.43532],[2.17176,41.43512],[2.17139,41.43491],[2.17072,41.43478],[2.17005,41.43478],[2.1698,41.4348],[2.16888,41.43509],[2.16816,41.43566],[2.16784,41.43581],[2.16646,41.43614],[2.16561,41.43633],[2.1647,41.43645],[2.16338,41.43683],[2.16327,41.43657],[2.16422,41.43627],[2.16395,41.43551],[2.16365,41.43478],[2.16335,41.43375],[2.1631,41.4329],[2.16313,41.43241],[2.16334,41.43185],[2.16366,41.43138],[2.16423,41.43087],[2.16484,41.43078],[2.16544,41.43058],[2.1669,41.43051],[2.16823,41.43044],[2.17046,41.4304],[2.17098,41.43039],[2.17189,41.43037],[2.17481,41.4303],[2.17452,41.43092]]]]}},
{"type":"Feature","properties":{"location_id":"0-EU-ES-08-13-001-019-05-006","name":"El Putxet i el Farr\u00f3","city":"Barcelona"},"geometry":{"type":"MultiPolygon","coordinates":[[[[2.13764,41.41417],[2.13799,41.41275],[2.13823,41.41164],[2.13828,41.41129],[2.13812,41.4108],[2.13773,41.41042],[2.13691,41.4101],[2.13721,41.40954],[2.13807,41.40792],[2.13906,41.40598],[2.13938,41.40536],[2.13983,41.40502],[2.14077,41.40444],[2.14223,41.4039],[2.14278,41.40342],[2.14388,41.403],[2.14499,41.40264],[2.14628,41.40192],[2.14671,41.40168],[2.1473,41.40136],[2.14765,41.40114],[2.14887,41.40122],[2.15006,41.40092],[2.15127,41.4005],[2.15131,41.40052],[2.15112,41.40165],[2.15058,41.40233],[2.15027,41.40272],[2.14993,41.40316],[2.15011,41.4039],[2.15033,41.40414],[2.15038,41.40446],[2.15028,41.40472],[2.15,41.40544],[2.15001,41.40561],[2.15,41.40586],[2.14989,41.40621],[2.14919,41.40679],[2.14825,41.40751],[2.14746,41.40819],[2.14647,41.40942],[2.14589,41.41022],[2.14574,41.41057],[2.14555,41.41089],[2.14526,41.41117],[2.14508,41.41124],[2.14459,41.41137],[2.14371,41.41143],[2.14097,41.41171],[2.13988,41.41247],[2.13909,41.41309],[2.13815,41.41379],[2.13764,41.41417]]]]}},
{"type":"Feature","properties":{"location_id":"0-EU-ES-08-13-001-019-09-006","name":"Navas","city":"Barcelona"},"geometry":{"type":"MultiPolygon","coordinates":[[[[2.1814,41.41988],[2.18071,41.41935],[2.18063,41.41906],[2.18052,41.41862],[2.18044,41.41768],[2.18038,41.41705],[2.1804,41.41678],[2.18043,41.41648],[2.18051,41.41584],[2.18133,41.41643],[2.18339,41.41795],[2.18526,41.41653],[2.18695,41.41524],[2.18787,41.41455],[2.18902,41.41368],[2.19105,41.41523],[2.19109,41.41547],[2.19146,41.41697],[2.18998,41.41807],[2.18866,41.41907],[2.18841,41.41926],[2.18765,41.41984],[2.18394,41.42268],[2.18392,41.4224],[2.18391,41.42159],[2.1839,41.42126],[2.18334,41.42132],[2.18231,41.42057],[2.1814,41.41988]]]]}},
{"type":"Feature","properties":{"location_id":"0-EU-ES-08-13-001-019-09-004","name":"El Bon Pastor","city":"Barcelona"},"geometry":{"type":"MultiPolygon","coordinates":[[[[2.20328,41.44699],[2.20011,41.44544],[2.19937,41.44507],[2.19972,41.44284],[2.19583,41.44258],[2.19561,41.4416],[2.19501,41.4399],[2.1944,41.43844],[2.19414,41.43754],[2.19384,41.43646],[2.19382,41.43517],[2.19395,41.43478],[2.19408,41.43444],[2.19549,41.4327],[2.19605,41.43158],[2.19636,41.43032],[2.19637,41.42968],[2.19639,41.42882],[2.19604,41.42678],[2.19628,41.42666],[2.19677,41.42786],[2.19699,41.42823],[2.19728,41.42904],[2.19781,41.42954],[2.19853,41.42992],[2.1996,41.43027],[2.20087,41.43027],[2.20217,41.42984],[2.20365,41.42933],[2.20729,41.42772],[2.20746,41.42808],[2.20588,41.433],[2.2106,41.4337],[2.20945,41.4366],[2.20779,41.44102],[2.20753,41.44196],[2.20328,41.44699]]]]}},
{"type":"Feature","properties":{"location_id":"0-EU-ES-08-13-001-019-10-008","name":"El Poblenou","city":"Barcelona"},"geometry":{"type":"MultiPolygon","coordinates":[[[[2.21395,41.39591],[2.21078,41.39756],[2.20741,41.40003],[2.20705,41.4003],[2.21024,41.40272],[2.20398,41.40761],[2.19378,41.40504],[2.19419,41.40474],[2.1956,41.40366],[2.19735,41.40233],[2.19608,41.40078],[2.19391,41.39812],[2.19603,41.39647],[2.19895,41.39428],[2.19989,41.39357],[2.20094,41.39447],[2.20141,41.39409],[2.20387,41.3922],[2.20621,41.39036],[2.21395,41.39591]]]]}},
{"type":"Feature","properties":{"location_id":"0-EU-ES-08-13-001-019-10-005","name":"El Parc i la Llacuna del Poblenou","city":"Barcelona"},"geometry":{"type":"MultiPolygon","coordinates":[[[[2.19735,41.40233],[2.19479,41.40428],[2.19402,41.40486],[2.19378,41.40503],[2.19265,41.40589],[2.1915,41.40678],[2.18977,41.40546],[2.18849,41.40449],[2.18712,41.40348],[2.18657,41.40308],[2.18685,41.40246],[2.18686,41.39999],[2.18688,41.39715],[2.18689,41.39476],[2.18656,41.39453],[2.18534,41.39362],[2.1824,41.39142],[2.18295,41.391],[2.18353,41.39056],[2.18388,41.39029],[2.18456,41.38978],[2.18564,41.39056],[2.18655,41.39121],[2.18776,41.39046],[2.18919,41.3915],[2.18945,41.39169],[2.18987,41.39199],[2.19252,41.39391],[2.19381,41.39484],[2.19498,41.39568],[2.19604,41.39646],[2.19391,41.39812],[2.19673,41.40157],[2.19735,41.40233]]]]}},
{"type":"Feature","properties":{"location_id":"0-EU-ES-08-13-001-019-09-005","name":"El Congr\u00e9s i els Indians","city":"Barcelona"},"geometry":{"type":"MultiPolygon","coordinates":[[[[2.18076,41.42778],[2.17945,41.42784],[2.17917,41.42788],[2.17865,41.42797],[2.17809,41.42806],[2.17728,41.4282],[2.17721,41.42781],[2.17731,41.42591],[2.17733,41.42548],[2.1766,41.42548],[2.17609,41.42548],[2.17639,41.42513],[2.17679,41.42473],[2.17701,41.4245],[2.17852,41.42287],[2.17967,41.42162],[2.18048,41.42075],[2.18078,41.42041],[2.18088,41.42005],[2.18071,41.41935],[2.18157,41.42001],[2.18256,41.42076],[2.18334,41.42132],[2.1839,41.42126],[2.18392,41.4224],[2.18394,41.42268],[2.184,41.42345],[2.18409,41.4241],[2.18418,41.42469],[2.18417,41.42566],[2.18425,41.42716],[2.18428,41.42763],[2.18415,41.42762],[2.18295,41.42767],[2.18076,41.42778]]]]}},
{"type":"Feature","properties":{"location_id":"0-EU-ES-08-13-001-019-10-006","name":"La Vila Ol\u00edmpica del Poblenou","city":"Barcelona"},"geometry":{"type":"MultiPolygon","coordinates":[[[[2.20621,41.39035],[2.20274,41.39308],[2.20133,41.39415],[2.20094,41.39446],[2.19989,41.39357],[2.19604,41.39646],[2.19499,41.39569],[2.19254,41.39392],[2.19139,41.39309],[2.19025,41.39226],[2.18948,41.39171],[2.18912,41.39144],[2.18776,41.39046],[2.18869,41.38989],[2.19028,41.38886],[2.19232,41.38734],[2.19302,41.3868],[2.19382,41.3862],[2.19483,41.38698],[2.19589,41.38771],[2.19801,41.38607],[2.19859,41.38562],[2.19964,41.38484],[2.19865,41.38307],[2.19892,41.3829],[2.19926,41.38269],[2.20078,41.38335],[2.20643,41.38795],[2.20621,41.39035]]]]}},
{"type":"Feature","properties":{"location_id":"0-EU-ES-08-13-001-019-02-001","name":"La Nova Esquerra de l'Eixample","city":"Barcelona"},"geometry":{"type":"MultiPolygon","coordinates":[[[[2.14371,41.39052],[2.14339,41.38943],[2.14322,41.38864],[2.14265,41.38597],[2.1426,41.38554],[2.14233,41.38272],[2.14214,41.38079],[2.14296,41.38028],[2.14432,41.37926],[2.14475,41.37894],[2.14948,41.37519],[2.15007,41.37574],[2.15295,41.37794],[2.15382,41.37863],[2.15858,41.38215],[2.15461,41.3852],[2.15352,41.38599],[2.14825,41.38986],[2.14765,41.38992],[2.14371,41.39052]]]]}},
{"type":"Feature","properties":{"location_id":"0-EU-ES-08-13-001-019-02-002","name":"L'Antiga Esquerra de l'Eixample","city":"Barcelona"},"geometry":{"type":"MultiPolygon","coordinates":[[[[2.16342,41.38579],[2.1641,41.3863],[2.16535,41.38723],[2.16422,41.38807],[2.15941,41.39174],[2.15467,41.39533],[2.14718,41.3935],[2.14476,41.39286],[2.14446,41.39285],[2.14427,41.39257],[2.14399,41.39156],[2.14371,41.39052],[2.14765,41.38992],[2.14825,41.38985],[2.15167,41.38735],[2.15463,41.38518],[2.15858,41.38215],[2.16201,41.38471],[2.16342,41.38579]]]]}},
{"type":"Feature","properties":{"location_id":"0-EU-ES-08-13-001-019-02-003","name":"Sant Antoni","city":"Barcelona"},"geometry":{"type":"MultiPolygon","coordinates":[[[[2.16398,41.3853],[2.16341,41.38578],[2.15981,41.38307],[2.15403,41.37877],[2.15126,41.37665],[2.15062,41.37616],[2.15006,41.37573],[2.14948,41.37519],[2.14965,41.37507],[2.15072,41.37505],[2.15266,41.37502],[2.15306,41.37501],[2.15935,41.37499],[2.16614,41.37496],[2.16753,41.37496],[2.16755,41.37522],[2.16307,41.37877],[2.16364,41.383],[2.16398,41.3853]]]]}},
{"type":"Feature","properties":{"location_id":"0-EU-ES-08-13-001-019-02-004","name":"La Dreta de l'Eixample","city":"Barcelona"},"geometry":{"type":"MultiPolygon","coordinates":[[[[2.17994,41.39107],[2.18026,41.39138],[2.17713,41.39375],[2.17563,41.39493],[2.1778,41.39658],[2.17685,41.3973],[2.17661,41.39748],[2.17485,41.39881],[2.17442,41.39913],[2.17353,41.39978],[2.17326,41.39998],[2.17142,41.40141],[2.16976,41.40268],[2.16818,41.40151],[2.16753,41.40102],[2.16639,41.40188],[2.16522,41.40099],[2.16309,41.39939],[2.16086,41.39772],[2.15928,41.39651],[2.15467,41.39533],[2.15582,41.39446],[2.15821,41.39265],[2.1587,41.39228],[2.16034,41.39103],[2.16076,41.39071],[2.16193,41.38982],[2.16211,41.38968],[2.16227,41.38956],[2.16304,41.38897],[2.16396,41.38826],[2.16484,41.38761],[2.16535,41.38723],[2.16414,41.38633],[2.16341,41.38578],[2.16398,41.3853],[2.16473,41.38595],[2.16685,41.38575],[2.16752,41.38569],[2.16858,41.38562],[2.16982,41.38554],[2.17033,41.38598],[2.17117,41.38683],[2.1714,41.387],[2.17179,41.38736],[2.17235,41.388],[2.17275,41.3885],[2.17343,41.389],[2.17486,41.38896],[2.1759,41.38895],[2.17743,41.39009],[2.17803,41.39034],[2.17963,41.39096],[2.17994,41.39107]]]]}},
{"type":"Feature","properties":{"location_id":"0-EU-ES-08-13-001-019-02-006","name":"El Fort Pienc","city":"Barcelona"},"geometry":{"type":"MultiPolygon","coordinates":[[[[2.17326,41.39999],[2.17421,41.3993],[2.17642,41.39763],[2.1778,41.39658],[2.17564,41.39493],[2.17623,41.39446],[2.17674,41.39406],[2.17731,41.39362],[2.18027,41.39138],[2.18111,41.39201],[2.18136,41.39221],[2.1824,41.39142],[2.18566,41.39386],[2.18659,41.39455],[2.18688,41.39476],[2.18687,41.39707],[2.18684,41.40246],[2.18646,41.40336],[2.17965,41.40158],[2.17326,41.39999]]]]}},
{"type":"Feature","properties":{"location_id":"0-EU-ES-08-13-001-019-03-001","name":"Sants - Badal","city":"Barcelona"},"geometry":{"type":"MultiPolygon","coordinates":[[[[2.12175,41.37566],[2.12199,41.37543],[2.12325,41.3749],[2.1239,41.37415],[2.12429,41.3736],[2.12565,41.37279],[2.12731,41.37168],[2.12819,41.37121],[2.12904,41.37077],[2.12934,41.37055],[2.13013,41.36996],[2.13072,41.37051],[2.13103,41.3708],[2.1319,41.37161],[2.13041,41.37556],[2.12908,41.37933],[2.12587,41.37758],[2.1253,41.37718],[2.12395,41.37638],[2.12272,41.37566],[2.12175,41.37566]]]]}},
{"type":"Feature","properties":{"location_id":"0-EU-ES-08-13-001-019-03-002","name":"Sants","city":"Barcelona"},"geometry":{"type":"MultiPolygon","coordinates":[[[[2.14179,41.37655],[2.1418,41.37711],[2.14185,41.37816],[2.14186,41.37838],[2.14183,41.37909],[2.14209,41.37963],[2.14236,41.37985],[2.14296,41.38027],[2.14296,41.38028],[2.14268,41.38045],[2.14214,41.38079],[2.1426,41.38555],[2.14255,41.38553],[2.14152,41.3848],[2.14086,41.38429],[2.14042,41.38392],[2.13899,41.38324],[2.13755,41.38258],[2.13549,41.38177],[2.13426,41.38135],[2.13271,41.38091],[2.13137,41.38048],[2.1302,41.37995],[2.12908,41.37933],[2.12991,41.37701],[2.13043,41.3755],[2.13189,41.37164],[2.13224,41.37089],[2.13361,41.37119],[2.13452,41.37111],[2.1347,41.37106],[2.13515,41.37108],[2.13525,41.37108],[2.13686,41.37158],[2.13809,41.37199],[2.1379,41.37237],[2.13934,41.37284],[2.14043,41.37319],[2.14026,41.37378],[2.1411,41.37382],[2.141,41.37417],[2.14099,41.37435],[2.14104,41.37465],[2.14108,41.37486],[2.14088,41.37504],[2.14085,41.37529],[2.14047,41.37531],[2.1405,41.37648],[2.14179,41.37655]]]]}},
{"type":"Feature","properties":{"location_id":"0-EU-ES-08-13-001-019-06-004","name":"El Coll","city":"Barcelona"},"geometry":{"type":"MultiPolygon","coordinates":[[[[2.1444,41.41993],[2.14452,41.41968],[2.14424,41.41909],[2.14401,41.41813],[2.14402,41.41764],[2.14412,41.41736],[2.1446,41.41697],[2.14494,41.41671],[2.14518,41.41659],[2.14548,41.41664],[2.14602,41.41688],[2.14698,41.41638],[2.14699,41.41637],[2.14687,41.41588],[2.14674,41.41569],[2.14643,41.41553],[2.14536,41.41499],[2.14515,41.41488],[2.1449,41.41469],[2.14472,41.41451],[2.14473,41.41415],[2.14475,41.41335],[2.14498,41.41345],[2.14715,41.41473],[2.14801,41.4154],[2.14823,41.41558],[2.14943,41.41532],[2.15025,41.41544],[2.15083,41.4156],[2.15079,41.41578],[2.15039,41.4161],[2.15018,41.41627],[2.15034,41.41633],[2.1512,41.41634],[2.15157,41.41651],[2.15193,41.41691],[2.15189,41.41696],[2.15176,41.41716],[2.15147,41.4173],[2.15123,41.41754],[2.15099,41.41783],[2.15097,41.41794],[2.15097,41.41806],[2.15118,41.41844],[2.15145,41.41883],[2.15157,41.41912],[2.15166,41.41937],[2.15174,41.42018],[2.14924,41.42035],[2.14951,41.42074],[2.14948,41.42131],[2.14945,41.42161],[2.14874,41.42162],[2.14792,41.42164],[2.147,41.42126],[2.14573,41.42109],[2.14564,41.421],[2.14488,41.42087],[2.1448,41.42085],[2.1446,41.42076],[2.14451,41.42054],[2.14407,41.42027],[2.1444,41.41993]]]]}},
{"type":"Feature","properties":{"location_id":"0-EU-ES-08-13-001-019-07-001","name":"Sant Gen\u00eds Dels Agudells - Montbau","city":"Barcelona"},"geometry":{"type":"MultiPolygon","coordinates":[[[[2.12272,41.4288],[2.11962,41.42575],[2.12097,41.42594],[2.12145,41.42572],[2.12054,41.42405],[2.12047,41.42281],[2.12077,41.42214],[2.12088,41.42185],[2.12126,41.4215],[2.12396,41.42155],[2.1248,41.42173],[2.12487,41.42126],[2.12522,41.42122],[2.12632,41.42143],[2.12663,41.42171],[2.12752,41.42197],[2.12828,41.42221],[2.13102,41.42192],[2.13243,41.42143],[2.13379,41.42152],[2.13471,41.42142],[2.13537,41.42131],[2.13509,41.42209],[2.13429,41.42258],[2.13421,41.42277],[2.13431,41.42313],[2.13449,41.42339],[2.13473,41.42359],[2.1348,41.42386],[2.1352,41.42417],[2.13529,41.42444],[2.13502,41.42495],[2.1361,41.42446],[2.13616,41.42381],[2.13638,41.42359],[2.13719,41.4235],[2.13758,41.42335],[2.13792,41.42309],[2.13811,41.4228],[2.13845,41.42188],[2.13835,41.42159],[2.13814,41.42146],[2.13775,41.42131],[2.13766,41.42119],[2.13768,41.42108],[2.13775,41.42096],[2.13795,41.42086],[2.13844,41.42073],[2.13967,41.42037],[2.14007,41.42024],[2.14064,41.42132],[2.14223,41.42486],[2.14421,41.42898],[2.14468,41.42997],[2.14595,41.43252],[2.14679,41.43417],[2.14771,41.43545],[2.14798,41.43569],[2.14871,41.43622],[2.14823,41.43771],[2.14727,41.43823],[2.14622,41.43908],[2.14539,41.43996],[2.14318,41.44039],[2.14229,41.43992],[2.14077,41.44007],[2.1398,41.44065],[2.13538,41.44438],[2.13417,41.44515],[2.13308,41.44591],[2.1299,41.4431],[2.1291,41.43923],[2.12844,41.43601],[2.12796,41.4337],[2.12674,41.43256],[2.12571,41.43163],[2.12272,41.4288]]]]}},
{"type":"Feature","properties":{"location_id":"0-EU-ES-08-13-001-019-07-002","name":"Horta","city":"Barcelona"},"geometry":{"type":"MultiPolygon","coordinates":[[[[2.16145,41.44189],[2.16158,41.44208],[2.16188,41.44241],[2.16223,41.4428],[2.16226,41.443],[2.1622,41.44364],[2.1618,41.44378],[2.16166,41.44352],[2.16102,41.44418],[2.16113,41.44584],[2.16125,41.44727],[2.16171,41.44787],[2.1611,41.44942],[2.16019,41.44916],[2.1599,41.45014],[2.15604,41.45025],[2.15241,41.44719],[2.13896,41.44753],[2.13504,41.44758],[2.13309,41.44591],[2.13416,41.44517],[2.13544,41.44436],[2.13982,41.44064],[2.14077,41.44008],[2.14227,41.43993],[2.14318,41.4404],[2.14485,41.44007],[2.14538,41.43997],[2.14624,41.43908],[2.14727,41.43824],[2.14795,41.43786],[2.14824,41.43771],[2.1485,41.43688],[2.14871,41.43622],[2.14958,41.43678],[2.15075,41.43734],[2.15183,41.43735],[2.15226,41.4372],[2.15289,41.43665],[2.15125,41.43597],[2.1522,41.43514],[2.15323,41.4349],[2.1528,41.43416],[2.15236,41.43386],[2.15241,41.43344],[2.15267,41.43317],[2.15333,41.43268],[2.15357,41.43241],[2.15397,41.43163],[2.15461,41.43122],[2.15523,41.43068],[2.15547,41.43044],[2.15583,41.43008],[2.15637,41.42982],[2.15701,41.42907],[2.15743,41.42919],[2.15777,41.42854],[2.15786,41.42813],[2.15813,41.42663],[2.15832,41.42554],[2.15922,41.42608],[2.15971,41.42627],[2.16016,41.42646],[2.16392,41.42802],[2.16364,41.42811],[2.1643,41.42854],[2.16552,41.42927],[2.16618,41.42963],[2.16554,41.42999],[2.16494,41.43033],[2.16442,41.43069],[2.16365,41.43138],[2.16334,41.43185],[2.16312,41.43242],[2.16309,41.4329],[2.16332,41.4337],[2.16374,41.43505],[2.16384,41.4353],[2.16421,41.43627],[2.16349,41.43648],[2.16327,41.43656],[2.16337,41.43684],[2.16356,41.43718],[2.1633,41.43744],[2.16373,41.43779],[2.16286,41.43834],[2.16262,41.43851],[2.16214,41.43886],[2.16178,41.43928],[2.16163,41.43961],[2.16147,41.43999],[2.16158,41.44039],[2.16186,41.44056],[2.16215,41.44074],[2.16239,41.44088],[2.1624,41.44133],[2.16157,41.44171],[2.16145,41.44189]]]]}},
{"type":"Feature","properties":{"location_id":"0-EU-ES-08-13-001-019-07-005","name":"El Guinard\u00f3","city":"Barcelona"},"geometry":{"type":"MultiPolygon","coordinates":[[[[2.16899,41.42127],[2.16898,41.42151],[2.16955,41.42254],[2.16952,41.42298],[2.16952,41.42312],[2.16928,41.42337],[2.16907,41.42318],[2.1688,41.42311],[2.16822,41.42323],[2.16796,41.42328],[2.16742,41.42283],[2.16713,41.42263],[2.16711,41.42255],[2.16793,41.42247],[2.16794,41.42229],[2.16724,41.42216],[2.16707,41.42135],[2.16674,41.42087],[2.16646,41.4208],[2.16605,41.42083],[2.16588,41.42085],[2.1653,41.42064],[2.16492,41.41958],[2.1649,41.41897],[2.1656,41.41838],[2.16631,41.41807],[2.16785,41.41857],[2.16841,41.41881],[2.16797,41.41826],[2.16777,41.41825],[2.16764,41.41813],[2.16765,41.4178],[2.16743,41.41754],[2.16714,41.41727],[2.1665,41.41691],[2.16609,41.41669],[2.1673,41.41544],[2.16799,41.41576],[2.1694,41.41558],[2.16932,41.41524],[2.16951,41.41486],[2.17303,41.41219],[2.17433,41.41119],[2.17545,41.41204],[2.18051,41.41584],[2.18043,41.41645],[2.18037,41.41704],[2.18044,41.41773],[2.18052,41.41862],[2.18071,41.41935],[2.18088,41.42005],[2.18079,41.42041],[2.18052,41.4207],[2.17982,41.42146],[2.17891,41.42244],[2.17857,41.42281],[2.17707,41.42444],[2.17684,41.42468],[2.17639,41.42513],[2.17605,41.42551],[2.17236,41.42652],[2.17239,41.42616],[2.1725,41.42498],[2.17185,41.42403],[2.17187,41.42359],[2.17189,41.42316],[2.1709,41.42286],[2.16998,41.42179],[2.16951,41.42117],[2.16899,41.42127]]]]}},
{"type":"Feature","properties":{"location_id":"0-EU-ES-08-13-001-019-07-008","name":"La Font d'En Fargues","city":"Barcelona"},"geometry":{"type":"MultiPolygon","coordinates":[[[[2.15837,41.4253],[2.15856,41.42468],[2.15853,41.4243],[2.15878,41.42381],[2.15904,41.42324],[2.15817,41.42304],[2.15846,41.4217],[2.15903,41.42137],[2.15918,41.42137],[2.15963,41.42195],[2.16226,41.42243],[2.16263,41.42158],[2.16305,41.42163],[2.16322,41.42121],[2.16324,41.42117],[2.16334,41.42105],[2.16363,41.42118],[2.16387,41.42096],[2.16483,41.42084],[2.1653,41.42064],[2.16588,41.42085],[2.16606,41.42083],[2.16646,41.4208],[2.16674,41.42087],[2.16707,41.42135],[2.16719,41.4219],[2.16724,41.42217],[2.16794,41.42229],[2.16793,41.42247],[2.16711,41.42255],[2.16713,41.42263],[2.16742,41.42282],[2.16796,41.42328],[2.16879,41.42311],[2.16907,41.42318],[2.16928,41.42337],[2.16952,41.42312],[2.16955,41.42255],[2.16898,41.42151],[2.16899,41.42127],[2.16951,41.42117],[2.16998,41.42179],[2.1709,41.42286],[2.17189,41.42316],[2.17185,41.42403],[2.1725,41.42499],[2.17236,41.42651],[2.17099,41.4269],[2.16978,41.42721],[2.16716,41.42758],[2.16507,41.42781],[2.16392,41.42802],[2.16197,41.42721],[2.15997,41.42638],[2.15922,41.42607],[2.15833,41.42554],[2.15837,41.4253]]]]}},
{"type":"Feature","properties":{"location_id":"0-EU-ES-08-13-001-019-07-009","name":"Can Bar\u00f3","city":"Barcelona"},"geometry":{"type":"MultiPolygon","coordinates":[[[[2.15865,41.41681],[2.15854,41.41694],[2.15733,41.4178],[2.15698,41.41783],[2.15652,41.41764],[2.15637,41.41742],[2.15637,41.41726],[2.15657,41.4169],[2.15654,41.41672],[2.15632,41.41635],[2.15607,41.416],[2.15521,41.41566],[2.15483,41.41512],[2.15512,41.41496],[2.15592,41.41512],[2.15665,41.41567],[2.157,41.41626],[2.15723,41.41652],[2.15747,41.41658],[2.15763,41.41651],[2.15781,41.41615],[2.15806,41.4156],[2.15912,41.41449],[2.16022,41.41392],[2.16129,41.41362],[2.16156,41.41376],[2.16184,41.41387],[2.16294,41.41431],[2.16427,41.41463],[2.16567,41.41488],[2.16623,41.41492],[2.1673,41.41543],[2.16609,41.41669],[2.16648,41.4169],[2.16714,41.41727],[2.16743,41.41754],[2.16764,41.41781],[2.16764,41.41813],[2.16776,41.41826],[2.16797,41.41826],[2.16839,41.4188],[2.16787,41.41857],[2.16631,41.41807],[2.1656,41.41838],[2.1649,41.41898],[2.16491,41.41958],[2.16508,41.42003],[2.1644,41.42001],[2.16367,41.41996],[2.16332,41.41991],[2.16305,41.41992],[2.16249,41.42007],[2.16193,41.41906],[2.16172,41.41869],[2.16129,41.41824],[2.16108,41.41818],[2.16135,41.41748],[2.16107,41.41743],[2.16091,41.41744],[2.16015,41.41779],[2.15975,41.41781],[2.15949,41.41764],[2.15883,41.41703],[2.15878,41.41694],[2.15887,41.41688],[2.15913,41.41677],[2.15918,41.41667],[2.15913,41.41657],[2.15905,41.41651],[2.15897,41.4165],[2.15886,41.41652],[2.15865,41.41681]]]]}},
{"type":"Feature","properties":{"location_id":"0-EU-ES-08-13-001-019-03-007","name":"El Poble Sec - Parc de Montju\u00efc","city":"Barcelona"},"geometry":{"type":"MultiPolygon","coordinates":[[[[2.15428,41.375],[2.15261,41.37502],[2.14965,41.37507],[2.14948,41.37519],[2.14844,41.3745],[2.14731,41.37366],[2.14856,41.37271],[2.15044,41.37127],[2.14984,41.37103],[2.14964,41.37091],[2.14953,41.37085],[2.14943,41.37041],[2.14933,41.37009],[2.14919,41.36983],[2.14899,41.36961],[2.14858,41.36945],[2.14828,41.36947],[2.14739,41.36957],[2.14672,41.36951],[2.14603,41.36931],[2.14552,41.36896],[2.14526,41.36855],[2.14498,41.36835],[2.14362,41.36767],[2.14339,41.36751],[2.14329,41.36731],[2.14334,41.36706],[2.14285,41.36673],[2.14166,41.36565],[2.14205,41.36548],[2.14234,41.36537],[2.14311,41.36491],[2.14288,41.36468],[2.14332,41.36447],[2.14375,41.36411],[2.14395,41.36391],[2.14414,41.36378],[2.14528,41.36327],[2.14604,41.36321],[2.14638,41.36299],[2.14744,41.36259],[2.14786,41.36228],[2.14888,41.36152],[2.14938,41.36052],[2.14927,41.36001],[2.14911,41.35982],[2.14879,41.35969],[2.14849,41.35973],[2.14804,41.35982],[2.14734,41.35996],[2.14692,41.36004],[2.14648,41.36002],[2.14614,41.3599],[2.14583,41.35975],[2.14546,41.35957],[2.14515,41.35941],[2.1447,41.35918],[2.14484,41.35889],[2.14482,41.35859],[2.14483,41.3584],[2.14484,41.35797],[2.14507,41.35758],[2.14529,41.35735],[2.14582,41.35685],[2.14603,41.3565],[2.14644,41.35535],[2.14679,41.35482],[2.15069,41.35291],[2.15319,41.35163],[2.15658,41.35254],[2.1585,41.35375],[2.16161,41.35673],[2.16266,41.3576],[2.16422,41.35877],[2.16626,41.36002],[2.16842,41.36154],[2.16927,41.36234],[2.17135,41.36505],[2.17191,41.36604],[2.17362,41.36818],[2.17355,41.36881],[2.17348,41.36987],[2.17608,41.37272],[2.17593,41.37304],[2.17612,41.37332],[2.1754,41.37384],[2.17544,41.37457],[2.17481,41.37468],[2.16753,41.37496],[2.15987,41.37498],[2.15936,41.37499],[2.1584,41.37499],[2.15428,41.375]]]]}},
{"type":"Feature","properties":{"location_id":"0-EU-ES-08-13-001-019-08-010","name":"Canyelles","city":"Barcelona"},"geometry":{"type":"MultiPolygon","coordinates":[[[[2.16019,41.44916],[2.1611,41.44942],[2.1616,41.44825],[2.16171,41.44787],[2.16151,41.44764],[2.16124,41.44726],[2.16124,41.4468],[2.16105,41.44547],[2.16102,41.44419],[2.16165,41.44353],[2.1618,41.44377],[2.16222,41.44364],[2.16226,41.44299],[2.16223,41.44281],[2.16145,41.44189],[2.16157,41.4417],[2.16239,41.44133],[2.16237,41.44088],[2.16159,41.44039],[2.16147,41.44],[2.16272,41.44022],[2.16411,41.44063],[2.17166,41.44346],[2.17084,41.44488],[2.17014,41.44465],[2.16958,41.44565],[2.16877,41.4471],[2.16794,41.4476],[2.16429,41.44989],[2.16252,41.45],[2.1599,41.45015],[2.16019,41.44916]]]]}},
{"type":"Feature","properties":{"location_id":"0-EU-ES-46-02-002-250-01-001","name":"La Seu","city":"Valencia"},"geometry":{"type":"MultiPolygon","coordinates":[[[[-0.37361,39.4805],[-0.37404,39.47998],[-0.37453,39.47938],[-0.37481,39.47902],[-0.37489,39.47897],[-0.37613,39.47896],[-0.37686,39.4774],[-0.37689,39.47732],[-0.37688,39.47661],[-0.37827,39.47665],[-0.37898,39.47657],[-0.37909,39.47656],[-0.37916,39.47655],[-0.37915,39.47622],[-0.37919,39.47594],[-0.3793,39.47563],[-0.37928,39.4756],[-0.37912,39.47561],[-0.37878,39.4756],[-0.37858,39.47564],[-0.37846,39.47566],[-0.37828,39.47569],[-0.37811,39.47565],[-0.37789,39.47561],[-0.37772,39.47556],[-0.37767,39.47537],[-0.37687,39.47536],[-0.37693,39.47502],[-0.37705,39.47438],[-0.37682,39.47421],[-0.37672,39.47399],[-0.37671,39.47391],[-0.37563,39.47379],[-0.37562,39.47379],[-0.37482,39.47364],[-0.37424,39.47354],[-0.37419,39.47354],[-0.3742,39.47391],[-0.37455,39.47401],[-0.37438,39.47435],[-0.37427,39.47446],[-0.37424,39.47452],[-0.37419,39.47472],[-0.37414,39.47485],[-0.37381,39.47539],[-0.37367,39.47536],[-0.37357,39.47549],[-0.37354,39.47561],[-0.37346,39.47589],[-0.37344,39.47631],[-0.37324,39.47628],[-0.37312,39.47663],[-0.37296,39.47682],[-0.37292,39.47694],[-0.37163,39.47675],[-0.37125,39.4771],[-0.37084,39.47777],[-0.37041,39.47848],[-0.37132,39.4789],[-0.3721,39.47971],[-0.37275,39.48],[-0.37318,39.48024],[-0.37352,39.48043],[-0.37361,39.4805]]]]}},
{"type":"Feature","properties":{"location_id":"0-EU-ES-46-02-002-250-01-006","name":"Sant Francesc","city":"Valencia"},"geometry":{"type":"MultiPolygon","coordinates":[[[[-0.37974,39.47199],[-0.37971,39.47125],[-0.38065,39.47099],[-0.38124,39.47087],[-0.38205,39.47094],[-0.38271,39.47093],[-0.38361,39.47064],[-0.38343,39.47036],[-0.38341,39.47035],[-0.38238,39.46959],[-0.38135,39.46879],[-0.38057,39.46851],[-0.37997,39.46827],[-0.37853,39.46791],[-0.37697,39.46755],[-0.37559,39.46721],[-0.37494,39.46716],[-0.37491,39.46716],[-0.37491,39.46715],[-0.37483,39.46715],[-0.37427,39.46753],[-0.37378,39.46789],[-0.37276,39.46862],[-0.3719,39.46923],[-0.37128,39.46971],[-0.37048,39.47033],[-0.36979,39.47088],[-0.36945,39.47125],[-0.36897,39.47179],[-0.36896,39.47184],[-0.36914,39.472],[-0.36994,39.47228],[-0.37015,39.47269],[-0.37074,39.47283],[-0.3709,39.47224],[-0.37162,39.47235],[-0.37183,39.47147],[-0.37251,39.47151],[-0.37377,39.47186],[-0.37423,39.4719],[-0.37439,39.47194],[-0.37465,39.47185],[-0.37512,39.47151],[-0.37531,39.47136],[-0.37556,39.4721],[-0.37556,39.47228],[-0.37552,39.47258],[-0.37543,39.47272],[-0.37532,39.47287],[-0.37524,39.47301],[-0.37476,39.47285],[-0.37445,39.47274],[-0.37437,39.47293],[-0.37427,39.47315],[-0.37424,39.47354],[-0.37482,39.47364],[-0.37546,39.47376],[-0.37562,39.47379],[-0.37563,39.47379],[-0.37659,39.47254],[-0.37754,39.4713],[-0.37779,39.47096],[-0.37846,39.47142],[-0.37889,39.47162],[-0.37921,39.47187],[-0.37965,39.47198],[-0.37974,39.47199]]]]}},
{"type":"Feature","properties":{"location_id":"0-EU-ES-46-02-002-250-06-003","name":"Jaume Roig","city":"Valencia"},"geometry":{"type":"MultiPolygon","coordinates":[[[[-0.36636,39.47941],[-0.36593,39.47929],[-0.36516,39.47906],[-0.36447,39.48041],[-0.363,39.47997],[-0.36124,39.47944],[-0.36072,39.48054],[-0.36006,39.481],[-0.3599,39.48112],[-0.3595,39.48141],[-0.36038,39.48204],[-0.36115,39.48259],[-0.36282,39.48377],[-0.36233,39.48481],[-0.36275,39.48491],[-0.36358,39.48513],[-0.36363,39.48506],[-0.36373,39.48484],[-0.36405,39.48421],[-0.36442,39.48348],[-0.36461,39.48309],[-0.36523,39.48176],[-0.36562,39.48095],[-0.36636,39.47941]]]]}},
{"type":"Feature","properties":{"location_id":"0-EU-ES-46-02-002-250-03-002","name":"La Roqueta","city":"Valencia"},"geometry":{"type":"MultiPolygon","coordinates":[[[[-0.38418,39.46927],[-0.38404,39.46905],[-0.3833,39.468],[-0.38256,39.46694],[-0.38184,39.46589],[-0.38119,39.46496],[-0.38058,39.46399],[-0.38012,39.46348],[-0.37961,39.46326],[-0.37844,39.46317],[-0.37802,39.46454],[-0.37716,39.46695],[-0.37696,39.46755],[-0.3785,39.4679],[-0.37997,39.46827],[-0.38056,39.4685],[-0.38135,39.46879],[-0.38206,39.46934],[-0.38236,39.46957],[-0.38263,39.46978],[-0.38341,39.47035],[-0.38342,39.47033],[-0.38358,39.47013],[-0.38382,39.46977],[-0.38402,39.46949],[-0.38407,39.46941],[-0.38415,39.46931],[-0.38418,39.46927]]]]}},
{"type":"Feature","properties":{"location_id":"0-EU-ES-46-02-002-250-04-002","name":"Les Tendetes","city":"Valencia"},"geometry":{"type":"MultiPolygon","coordinates":[[[[-0.38267,39.4823],[-0.38198,39.4826],[-0.38208,39.48291],[-0.38314,39.48365],[-0.38374,39.48406],[-0.38518,39.48505],[-0.38564,39.48537],[-0.38636,39.48591],[-0.38704,39.48645],[-0.38721,39.48637],[-0.38798,39.48606],[-0.38818,39.48603],[-0.38824,39.48562],[-0.38824,39.48538],[-0.38887,39.48511],[-0.38799,39.48389],[-0.3886,39.48361],[-0.38881,39.48339],[-0.38735,39.48132],[-0.38678,39.48052],[-0.38645,39.48067],[-0.38553,39.48107],[-0.3844,39.48157],[-0.38396,39.48177],[-0.38377,39.48185],[-0.38267,39.4823]]]]}},
{"type":"Feature","properties":{"location_id":"0-EU-ES-46-02-002-250-05-001","name":"Marxalenes","city":"Valencia"},"geometry":{"type":"MultiPolygon","coordinates":[[[[-0.38044,39.483],[-0.37897,39.4829],[-0.3788,39.48422],[-0.37863,39.48528],[-0.37852,39.4856],[-0.37809,39.48631],[-0.37823,39.48633],[-0.37877,39.48638],[-0.37897,39.48645],[-0.37943,39.48768],[-0.3809,39.4874],[-0.38156,39.48728],[-0.38348,39.4882],[-0.38374,39.48832],[-0.38396,39.48842],[-0.38554,39.48913],[-0.38574,39.48921],[-0.38592,39.48928],[-0.38617,39.48938],[-0.38707,39.48918],[-0.3887,39.48881],[-0.38945,39.48864],[-0.38952,39.48863],[-0.38816,39.48735],[-0.38801,39.48723],[-0.38704,39.48645],[-0.38632,39.48589],[-0.38565,39.48539],[-0.38527,39.48512],[-0.38451,39.48459],[-0.38321,39.4837],[-0.38208,39.48291],[-0.38198,39.4826],[-0.38044,39.483]]]]}},
{"type":"Feature","properties":{"location_id":"0-EU-ES-46-02-002-250-07-001","name":"Nou Moles","city":"Valencia"},"geometry":{"type":"MultiPolygon","coordinates":[[[[-0.39627,39.47562],[-0.39688,39.47647],[-0.39735,39.47625],[-0.39795,39.47604],[-0.39944,39.47572],[-0.40324,39.47511],[-0.40524,39.47474],[-0.40591,39.47439],[-0.4056,39.47313],[-0.40547,39.47217],[-0.40524,39.47109],[-0.40534,39.47047],[-0.40569,39.46979],[-0.40503,39.46965],[-0.40269,39.46932],[-0.39979,39.46877],[-0.39813,39.46847],[-0.396,39.46807],[-0.39549,39.46796],[-0.39439,39.46776],[-0.39345,39.46759],[-0.39259,39.46744],[-0.39007,39.46703],[-0.39076,39.46797],[-0.39155,39.46905],[-0.39253,39.47041],[-0.39334,39.47154],[-0.39513,39.47403],[-0.39577,39.47494],[-0.39627,39.47562]]]]}},
{"type":"Feature","properties":{"location_id":"0-EU-ES-46-02-002-250-02-001","name":"Russafa","city":"Valencia"},"geometry":{"type":"MultiPolygon","coordinates":[[[[-0.37696,39.46755],[-0.37779,39.46515],[-0.37844,39.46317],[-0.37892,39.46175],[-0.37936,39.46044],[-0.38004,39.45849],[-0.38061,39.45683],[-0.38067,39.45659],[-0.38084,39.45578],[-0.38088,39.45534],[-0.37961,39.45533],[-0.37768,39.45611],[-0.37579,39.4569],[-0.37544,39.45707],[-0.37424,39.45758],[-0.37037,39.45924],[-0.36916,39.45975],[-0.36709,39.46063],[-0.36632,39.46096],[-0.36445,39.46175],[-0.36323,39.46226],[-0.36253,39.46254],[-0.36503,39.46308],[-0.36836,39.46381],[-0.37096,39.46439],[-0.37309,39.46485],[-0.37392,39.46507],[-0.37422,39.46569],[-0.37491,39.46716],[-0.37559,39.46721],[-0.37642,39.46742],[-0.37696,39.46755]]]]}},
{"type":"Feature","properties":{"location_id":"0-EU-ES-46-02-002-250-11-002","name":"El Cabanyal-El Canyamelar","city":"Valencia"},"geometry":{"type":"MultiPolygon","coordinates":[[[[-0.33049,39.46288],[-0.3296,39.46279],[-0.32927,39.46285],[-0.32852,39.46299],[-0.32825,39.46304],[-0.32792,39.46308],[-0.32698,39.46316],[-0.32605,39.46316],[-0.32545,39.46316],[-0.32367,39.46308],[-0.32182,39.46302],[-0.31952,39.46298],[-0.31967,39.46373],[-0.32026,39.46524],[-0.32115,39.46778],[-0.32167,39.46948],[-0.32195,39.47082],[-0.32214,39.47197],[-0.32256,39.47466],[-0.3237,39.47462],[-0.32541,39.47453],[-0.32605,39.4746],[-0.3276,39.47472],[-0.32903,39.47509],[-0.33046,39.47553],[-0.33143,39.47582],[-0.3334,39.47637],[-0.33346,39.47608],[-0.33354,39.47564],[-0.33381,39.47431],[-0.3341,39.4728],[-0.33443,39.47114],[-0.33475,39.46959],[-0.33488,39.4685],[-0.33495,39.46805],[-0.33502,39.46767],[-0.33509,39.46723],[-0.33518,39.46692],[-0.33523,39.46668],[-0.33538,39.46597],[-0.33551,39.46565],[-0.33577,39.46506],[-0.33594,39.46469],[-0.33638,39.46399],[-0.33664,39.46368],[-0.33645,39.46362],[-0.3358,39.4635],[-0.33526,39.46342],[-0.33429,39.46329],[-0.33372,39.46322],[-0.33344,39.46319],[-0.3331,39.46316],[-0.33252,39.46306],[-0.33168,39.46296],[-0.33109,39.46291],[-0.33049,39.46288]]]]}},
{"type":"Feature","properties":{"location_id":"0-EU-ES-46-02-002-250-07-005","name":"La Llum","city":"Valencia"},"geometry":{"type":"MultiPolygon","coordinates":[[[[-0.41544,39.46767],[-0.41499,39.46694],[-0.41401,39.46665],[-0.41254,39.46675],[-0.41154,39.46653],[-0.41197,39.46591],[-0.40999,39.46605],[-0.41009,39.46713],[-0.4105,39.46972],[-0.41337,39.46952],[-0.41405,39.46947],[-0.41449,39.46943],[-0.4154,39.46935],[-0.41726,39.46918],[-0.41804,39.46912],[-0.41763,39.46861],[-0.41544,39.46767]]]]}},
{"type":"Feature","properties":{"location_id":"0-EU-ES-46-02-002-250-11-004","name":"Beter\u00f3","city":"Valencia"},"geometry":{"type":"MultiPolygon","coordinates":[[[[-0.33346,39.47607],[-0.33556,39.47669],[-0.33587,39.4761],[-0.33612,39.47554],[-0.33658,39.4746],[-0.337,39.47373],[-0.33744,39.4729],[-0.33742,39.47252],[-0.33791,39.47155],[-0.33828,39.47082],[-0.33886,39.47101],[-0.33914,39.47041],[-0.33986,39.46898],[-0.33934,39.46881],[-0.33874,39.46862],[-0.33862,39.46883],[-0.33743,39.4687],[-0.33488,39.4685],[-0.33475,39.46959],[-0.33448,39.47087],[-0.33431,39.4717],[-0.33422,39.47221],[-0.33408,39.47293],[-0.33381,39.4743],[-0.33369,39.47488],[-0.33354,39.47562],[-0.33346,39.47607]]]]}},
{"type":"Feature","properties":{"location_id":"0-EU-ES-46-02-002-250-08-005","name":"Barrio de Favara","city":"Valencia"},"geometry":{"type":"MultiPolygon","coordinates":[[[[-0.39034,39.45647],[-0.39042,39.45647],[-0.39058,39.45646],[-0.39103,39.45645],[-0.39162,39.45643],[-0.39477,39.45625],[-0.39578,39.45609],[-0.39631,39.45589],[-0.39694,39.45557],[-0.39724,39.45544],[-0.39831,39.45463],[-0.39738,39.45403],[-0.39839,39.45252],[-0.39718,39.45155],[-0.39552,39.45026],[-0.39487,39.44976],[-0.39413,39.4508],[-0.39315,39.45224],[-0.39114,39.45526],[-0.39034,39.45647]]]]}},
{"type":"Feature","properties":{"location_id":"0-EU-ES-46-02-002-250-12-002","name":"Albors","city":"Valencia"},"geometry":{"type":"MultiPolygon","coordinates":[[[[-0.35243,39.47093],[-0.35257,39.47096],[-0.35279,39.47103],[-0.3532,39.47116],[-0.35364,39.47129],[-0.3544,39.47152],[-0.35487,39.4706],[-0.35544,39.46949],[-0.35584,39.46872],[-0.35661,39.46702],[-0.3562,39.46689],[-0.35432,39.46635],[-0.35215,39.46576],[-0.35129,39.46552],[-0.35106,39.46609],[-0.35038,39.46777],[-0.34986,39.46905],[-0.34881,39.46876],[-0.34838,39.46973],[-0.34948,39.47005],[-0.35036,39.47031],[-0.35077,39.47043],[-0.3516,39.47069],[-0.35243,39.47093]]]]}},
{"type":"Feature","properties":{"location_id":"0-EU-ES-46-02-002-250-15-001","name":"Els Orriols","city":"Valencia"},"geometry":{"type":"MultiPolygon","coordinates":[[[[-0.36849,39.49137],[-0.36915,39.49184],[-0.36844,39.49241],[-0.36802,39.49276],[-0.36724,39.49335],[-0.368,39.49391],[-0.36865,39.49435],[-0.36736,39.49553],[-0.3667,39.495],[-0.36655,39.49499],[-0.36626,39.4952],[-0.36818,39.49665],[-0.36756,39.49728],[-0.36922,39.49778],[-0.36833,39.49987],[-0.3691,39.50005],[-0.36973,39.5002],[-0.36962,39.50047],[-0.36928,39.50109],[-0.36858,39.50185],[-0.36825,39.50183],[-0.3677,39.50332],[-0.36734,39.50341],[-0.36688,39.50411],[-0.36735,39.50431],[-0.36776,39.50442],[-0.36794,39.50408],[-0.36842,39.5028],[-0.36884,39.50183],[-0.36948,39.50099],[-0.3698,39.50057],[-0.36983,39.50047],[-0.37047,39.50062],[-0.37069,39.49994],[-0.37065,39.49926],[-0.37107,39.49864],[-0.37184,39.49703],[-0.37079,39.49679],[-0.37101,39.49632],[-0.37023,39.49602],[-0.37105,39.49492],[-0.37156,39.4952],[-0.37197,39.49464],[-0.37241,39.49429],[-0.37257,39.49424],[-0.37272,39.49412],[-0.37289,39.49382],[-0.37322,39.49328],[-0.37374,39.4924],[-0.374,39.49197],[-0.37364,39.49189],[-0.37174,39.49045],[-0.37113,39.48998],[-0.37023,39.48932],[-0.3684,39.48797],[-0.36715,39.48867],[-0.36909,39.49015],[-0.36891,39.49032],[-0.36806,39.49105],[-0.36849,39.49137]]]]}},
{"type":"Feature","properties":{"location_id":"0-EU-ES-46-02-002-250-10-001","name":"Mont-Olivet","city":"Valencia"},"geometry":{"type":"MultiPolygon","coordinates":[[[[-0.36328,39.45666],[-0.36283,39.45685],[-0.3623,39.45707],[-0.36201,39.45719],[-0.36141,39.45743],[-0.36016,39.458],[-0.35925,39.45837],[-0.35818,39.45882],[-0.3572,39.45937],[-0.35675,39.4596],[-0.35791,39.46004],[-0.35801,39.46014],[-0.35811,39.46027],[-0.35843,39.46069],[-0.35855,39.46083],[-0.35896,39.46135],[-0.35937,39.46187],[-0.35971,39.46233],[-0.35984,39.46273],[-0.35994,39.46307],[-0.36002,39.46334],[-0.36094,39.46319],[-0.36253,39.46255],[-0.36411,39.46189],[-0.36561,39.46126],[-0.36931,39.45968],[-0.36669,39.4552],[-0.36404,39.45633],[-0.36328,39.45666]]]]}},
{"type":"Feature","properties":{"location_id":"0-EU-ES-46-02-002-250-16-002","name":"Ciutat Fallera","city":"Valencia"},"geometry":{"type":"MultiPolygon","coordinates":[[[[-0.39763,39.49544],[-0.39701,39.49583],[-0.39665,39.4955],[-0.39623,39.49575],[-0.39438,39.49686],[-0.39391,39.49711],[-0.39331,39.49746],[-0.39301,39.49764],[-0.39273,39.4978],[-0.39243,39.49797],[-0.39197,39.49824],[-0.39137,39.49859],[-0.3911,39.49875],[-0.38891,39.50009],[-0.38864,39.50025],[-0.38977,39.50134],[-0.39214,39.50309],[-0.39297,39.50304],[-0.39424,39.50306],[-0.39565,39.50223],[-0.39696,39.50139],[-0.39906,39.50026],[-0.40152,39.49891],[-0.40115,39.49858],[-0.40022,39.49775],[-0.39883,39.49653],[-0.39763,39.49544]]]]}},
{"type":"Feature","properties":{"location_id":"0-EU-ES-46-02-002-250-13-001","name":"L'Illa Perduda","city":"Valencia"},"geometry":{"type":"MultiPolygon","coordinates":[[[[-0.33538,39.46597],[-0.33518,39.46692],[-0.33509,39.46723],[-0.335,39.46779],[-0.33488,39.4685],[-0.33589,39.46858],[-0.33743,39.4687],[-0.33862,39.46883],[-0.33874,39.46862],[-0.33986,39.46898],[-0.33934,39.47002],[-0.33915,39.47039],[-0.33902,39.47068],[-0.33886,39.47101],[-0.33963,39.47124],[-0.34043,39.47146],[-0.34072,39.47154],[-0.34094,39.47161],[-0.34127,39.47172],[-0.34145,39.47176],[-0.34176,39.47185],[-0.34208,39.47196],[-0.34229,39.47202],[-0.34239,39.47183],[-0.34293,39.47069],[-0.34388,39.46875],[-0.34374,39.46871],[-0.34353,39.46845],[-0.34333,39.46827],[-0.34228,39.46798],[-0.34018,39.46738],[-0.33847,39.46687],[-0.33703,39.46645],[-0.33538,39.46597]]]]}},
{"type":"Feature","properties":{"location_id":"0-EU-ES-46-02-002-250-10-002","name":"En Corts","city":"Valencia"},"geometry":{"type":"MultiPolygon","coordinates":[[[[-0.36931,39.45968],[-0.37043,39.45922],[-0.37209,39.45851],[-0.37503,39.45724],[-0.37533,39.45711],[-0.37576,39.45692],[-0.37278,39.45267],[-0.37163,39.45101],[-0.37112,39.45242],[-0.3715,39.45319],[-0.36974,39.45392],[-0.36722,39.45497],[-0.36669,39.4552],[-0.36931,39.45968]]]]}},
{"type":"Feature","properties":{"location_id":"0-EU-ES-46-02-002-250-14-001","name":"Benimaclet","city":"Valencia"},"geometry":{"type":"MultiPolygon","coordinates":[[[[-0.3701,39.48633],[-0.36958,39.48617],[-0.36925,39.48629],[-0.36875,39.48623],[-0.36861,39.48656],[-0.36654,39.486],[-0.36539,39.48569],[-0.36464,39.48623],[-0.36401,39.48573],[-0.36348,39.4853],[-0.36358,39.48513],[-0.36305,39.48499],[-0.36233,39.48481],[-0.36256,39.48432],[-0.36282,39.48377],[-0.36169,39.48297],[-0.36044,39.48208],[-0.35948,39.48139],[-0.35834,39.48053],[-0.35708,39.4796],[-0.35631,39.47902],[-0.35597,39.47877],[-0.3555,39.47842],[-0.35477,39.47817],[-0.35473,39.47825],[-0.35467,39.47839],[-0.35458,39.47857],[-0.35456,39.4786],[-0.35434,39.47899],[-0.35413,39.47937],[-0.35393,39.47957],[-0.35389,39.47961],[-0.35379,39.47971],[-0.35357,39.47992],[-0.35328,39.4802],[-0.35319,39.48029],[-0.35298,39.4805],[-0.3527,39.48077],[-0.35197,39.48123],[-0.35145,39.48153],[-0.35218,39.48175],[-0.35355,39.48218],[-0.35438,39.48244],[-0.35435,39.48265],[-0.3542,39.48362],[-0.35408,39.48439],[-0.35485,39.48447],[-0.35475,39.485],[-0.35461,39.48579],[-0.35526,39.48585],[-0.35563,39.48588],[-0.35642,39.48595],[-0.35627,39.48684],[-0.35626,39.48691],[-0.35639,39.48699],[-0.35676,39.48701],[-0.35696,39.48702],[-0.35761,39.48707],[-0.35758,39.48722],[-0.3588,39.4874],[-0.35929,39.48747],[-0.35919,39.48795],[-0.35901,39.48886],[-0.36011,39.489],[-0.36027,39.48903],[-0.36043,39.4887],[-0.36051,39.48851],[-0.36107,39.48853],[-0.36162,39.48856],[-0.36188,39.48857],[-0.36231,39.48859],[-0.36253,39.48838],[-0.36281,39.48816],[-0.36305,39.48798],[-0.3628,39.48779],[-0.36296,39.48769],[-0.36335,39.48737],[-0.36399,39.48686],[-0.36418,39.48701],[-0.36463,39.48734],[-0.36484,39.48749],[-0.365,39.48761],[-0.36534,39.48788],[-0.36611,39.48845],[-0.36577,39.48854],[-0.36545,39.48872],[-0.3653,39.4888],[-0.36502,39.489],[-0.36489,39.48911],[-0.36474,39.48922],[-0.36514,39.48949],[-0.36539,39.48969],[-0.36556,39.48959],[-0.3658,39.48944],[-0.36602,39.48932],[-0.36649,39.48905],[-0.36683,39.48886],[-0.36715,39.48867],[-0.3684,39.48797],[-0.36974,39.48696],[-0.36979,39.48687],[-0.3701,39.48633]]]]}},
{"type":"Feature","properties":{"location_id":"0-EU-ES-46-02-002-250-04-006","name":"Nou Campanar","city":"Valencia"},"geometry":{"type":"MultiPolygon","coordinates":[[[[-0.41027,39.48143],[-0.41318,39.47899],[-0.41231,39.4781],[-0.41228,39.4778],[-0.41184,39.47711],[-0.41133,39.47623],[-0.41032,39.47586],[-0.41018,39.47568],[-0.41018,39.47508],[-0.41008,39.47482],[-0.4088,39.47404],[-0.40792,39.47404],[-0.40734,39.47412],[-0.40666,39.47422],[-0.40605,39.47431],[-0.40591,39.47439],[-0.40524,39.47474],[-0.40417,39.47494],[-0.40344,39.47507],[-0.40326,39.4751],[-0.40297,39.47515],[-0.40223,39.47527],[-0.40103,39.47546],[-0.39985,39.47566],[-0.39944,39.47572],[-0.3992,39.47577],[-0.39973,39.47732],[-0.40003,39.47836],[-0.39933,39.47856],[-0.3986,39.47888],[-0.40116,39.48257],[-0.40166,39.48332],[-0.40272,39.48291],[-0.40399,39.48236],[-0.4046,39.48324],[-0.40655,39.48239],[-0.40673,39.4819],[-0.40732,39.48097],[-0.41027,39.48143]]]]}},
{"type":"Feature","properties":{"location_id":"0-EU-ES-46-02-002-250-16-003","name":"Nou Benicalap","city":"Valencia"},"geometry":{"type":"MultiPolygon","coordinates":[[[[-0.39112,39.49874],[-0.39391,39.49711],[-0.39112,39.4943],[-0.3905,39.49403],[-0.38853,39.4933],[-0.3863,39.49255],[-0.38323,39.49324],[-0.38172,39.49355],[-0.38005,39.49392],[-0.38035,39.49496],[-0.38133,39.49735],[-0.38135,39.49889],[-0.38223,39.49868],[-0.38648,39.49812],[-0.38864,39.50025],[-0.38891,39.50009],[-0.39112,39.49874]]]]}},
{"type":"Feature","properties":{"location_id":"0-EU-ES-46-02-002-250-01-003","name":"El Carme","city":"Valencia"},"geometry":{"type":"MultiPolygon","coordinates":[[[[-0.37917,39.47655],[-0.37909,39.47656],[-0.37827,39.47665],[-0.37687,39.47661],[-0.37689,39.47732],[-0.37686,39.4774],[-0.37613,39.47896],[-0.37489,39.47897],[-0.37481,39.47902],[-0.37463,39.47925],[-0.37412,39.47988],[-0.37361,39.4805],[-0.37505,39.48159],[-0.37727,39.48281],[-0.37898,39.4829],[-0.38044,39.483],[-0.38032,39.48195],[-0.38026,39.48138],[-0.38054,39.4813],[-0.38093,39.48117],[-0.38224,39.48075],[-0.3827,39.48054],[-0.38298,39.48031],[-0.38307,39.48005],[-0.38329,39.47939],[-0.38347,39.4789],[-0.38367,39.47833],[-0.38357,39.47823],[-0.38364,39.4778],[-0.3837,39.47744],[-0.38376,39.47705],[-0.38383,39.47668],[-0.38399,39.47572],[-0.3831,39.47585],[-0.38237,39.47601],[-0.38194,39.4761],[-0.38134,39.47618],[-0.38035,39.47631],[-0.3798,39.47643],[-0.37917,39.47655]]]]}},
{"type":"Feature","properties":{"location_id":"0-EU-ES-46-02-002-250-02-002","name":"El Pla del Remei","city":"Valencia"},"geometry":{"type":"MultiPolygon","coordinates":[[[[-0.37362,39.46499],[-0.37164,39.46577],[-0.36667,39.46784],[-0.36415,39.46889],[-0.36479,39.46993],[-0.36521,39.4706],[-0.36515,39.47075],[-0.36561,39.47129],[-0.36629,39.47208],[-0.36665,39.47251],[-0.36684,39.47273],[-0.368,39.47225],[-0.36805,39.47203],[-0.36828,39.47186],[-0.36896,39.47184],[-0.36897,39.47179],[-0.36979,39.47088],[-0.37126,39.46972],[-0.37174,39.46935],[-0.37201,39.46915],[-0.37285,39.46855],[-0.3736,39.46801],[-0.37413,39.46763],[-0.37483,39.46715],[-0.37491,39.46715],[-0.37422,39.46569],[-0.37391,39.46507],[-0.37362,39.46499]]]]}},
{"type":"Feature","properties":{"location_id":"0-EU-ES-46-02-002-250-02-003","name":"Gran V\u00eda","city":"Valencia"},"geometry":{"type":"MultiPolygon","coordinates":[[[[-0.36415,39.46889],[-0.36563,39.46827],[-0.36675,39.4678],[-0.36931,39.46674],[-0.37117,39.46596],[-0.37174,39.46573],[-0.37228,39.46552],[-0.37277,39.46532],[-0.37362,39.46499],[-0.37308,39.46485],[-0.37176,39.46456],[-0.3702,39.46422],[-0.368,39.46373],[-0.36488,39.46305],[-0.36253,39.46254],[-0.36094,39.46319],[-0.36106,39.46342],[-0.3615,39.46433],[-0.36213,39.46561],[-0.36232,39.46593],[-0.36247,39.46616],[-0.36292,39.46691],[-0.3634,39.46767],[-0.36415,39.46889]]]]}},
{"type":"Feature","properties":{"location_id":"0-EU-ES-46-02-002-250-03-003","name":"La Petxina","city":"Valencia"},"geometry":{"type":"MultiPolygon","coordinates":[[[[-0.39065,39.47816],[-0.39119,39.47889],[-0.39203,39.47855],[-0.39264,39.4783],[-0.39311,39.47812],[-0.39326,39.47806],[-0.39341,39.47799],[-0.39497,39.47731],[-0.39688,39.47647],[-0.3955,39.47455],[-0.3947,39.47344],[-0.39309,39.47119],[-0.39206,39.46976],[-0.39161,39.46913],[-0.39155,39.46905],[-0.39124,39.46911],[-0.39004,39.46939],[-0.38867,39.46966],[-0.38845,39.46992],[-0.38748,39.47073],[-0.38641,39.47162],[-0.38627,39.47175],[-0.38609,39.47191],[-0.38619,39.47206],[-0.38628,39.47217],[-0.38707,39.4732],[-0.38719,39.47337],[-0.38723,39.47342],[-0.38795,39.47442],[-0.38831,39.47492],[-0.3894,39.47643],[-0.38964,39.47677],[-0.39015,39.47746],[-0.39065,39.47816]]]]}},
{"type":"Feature","properties":{"location_id":"0-EU-ES-46-02-002-250-03-001","name":"El Bot\u00e0nic","city":"Valencia"},"geometry":{"type":"MultiPolygon","coordinates":[[[[-0.38341,39.47035],[-0.38343,39.47036],[-0.38361,39.47064],[-0.38398,39.47165],[-0.38402,39.47202],[-0.38402,39.47245],[-0.38399,39.47318],[-0.38395,39.47399],[-0.38398,39.47534],[-0.38399,39.47572],[-0.38375,39.47713],[-0.38364,39.4778],[-0.38357,39.47823],[-0.38367,39.47833],[-0.38337,39.47917],[-0.38321,39.47964],[-0.38298,39.48031],[-0.3827,39.48054],[-0.38224,39.48075],[-0.38055,39.48129],[-0.38026,39.48138],[-0.38044,39.483],[-0.38198,39.4826],[-0.38397,39.48176],[-0.38678,39.48052],[-0.3888,39.47961],[-0.39101,39.47896],[-0.39119,39.47889],[-0.3898,39.47699],[-0.38838,39.47502],[-0.3872,39.47337],[-0.38619,39.47205],[-0.38575,39.47143],[-0.38491,39.47034],[-0.38444,39.46965],[-0.38418,39.46927],[-0.38407,39.46941],[-0.38357,39.47013],[-0.38341,39.47035]]]]}},
{"type":"Feature","properties":{"location_id":"0-EU-ES-46-02-002-250-01-004","name":"El Pilar","city":"Valencia"},"geometry":{"type":"MultiPolygon","coordinates":[[[[-0.3811,39.47612],[-0.3811,39.47622],[-0.38173,39.47613],[-0.38194,39.4761],[-0.38237,39.47601],[-0.3831,39.47585],[-0.38399,39.47572],[-0.38397,39.47502],[-0.38395,39.474],[-0.38399,39.47317],[-0.38402,39.47247],[-0.38403,39.47225],[-0.38402,39.47202],[-0.38398,39.47165],[-0.38361,39.47064],[-0.38271,39.47093],[-0.38204,39.47094],[-0.38123,39.47087],[-0.38068,39.47098],[-0.38027,39.4711],[-0.37971,39.47125],[-0.37975,39.47241],[-0.38021,39.47235],[-0.38095,39.47228],[-0.38102,39.47243],[-0.38089,39.47258],[-0.38071,39.47284],[-0.3804,39.47322],[-0.38104,39.47345],[-0.38111,39.47358],[-0.38119,39.47373],[-0.38122,39.47407],[-0.38128,39.47443],[-0.38122,39.47466],[-0.38113,39.47481],[-0.38099,39.47505],[-0.3808,39.47537],[-0.38104,39.47541],[-0.38105,39.47564],[-0.3811,39.47612]]]]}},
{"type":"Feature","properties":{"location_id":"0-EU-ES-46-02-002-250-05-003","name":"Trinitat","city":"Valencia"},"geometry":{"type":"MultiPolygon","coordinates":[[[[-0.36925,39.48629],[-0.36958,39.48617],[-0.3701,39.48633],[-0.37042,39.48599],[-0.37078,39.48543],[-0.37158,39.48416],[-0.37197,39.48355],[-0.37237,39.48292],[-0.37253,39.48266],[-0.37303,39.48181],[-0.37393,39.48074],[-0.37364,39.48052],[-0.37361,39.4805],[-0.37352,39.48043],[-0.37275,39.48],[-0.3721,39.47971],[-0.37132,39.4789],[-0.3704,39.47848],[-0.36964,39.47802],[-0.3688,39.47753],[-0.36812,39.4771],[-0.36754,39.47724],[-0.36734,39.47738],[-0.36707,39.47796],[-0.36636,39.47941],[-0.36597,39.48022],[-0.3656,39.48098],[-0.3652,39.48183],[-0.36496,39.48234],[-0.36458,39.48316],[-0.364,39.48432],[-0.36363,39.48505],[-0.36358,39.48513],[-0.36348,39.4853],[-0.36464,39.48623],[-0.36539,39.48569],[-0.36781,39.48634],[-0.36861,39.48656],[-0.36875,39.48623],[-0.36925,39.48629]]]]}},
{"type":"Feature","properties":{"location_id":"0-EU-ES-46-02-002-250-11-005","name":"Natzaret","city":"Valencia"},"geometry":{"type":"MultiPolygon","coordinates":[[[[-0.3316,39.45333],[-0.33302,39.4546],[-0.33431,39.45477],[-0.33465,39.45484],[-0.33479,39.45396],[-0.33491,39.45327],[-0.33499,39.45275],[-0.33519,39.45156],[-0.33552,39.44937],[-0.33563,39.4484],[-0.33536,39.44835],[-0.33559,39.44641],[-0.33578,39.44436],[-0.33599,39.44232],[-0.33628,39.43978],[-0.33641,39.43846],[-0.33644,39.43797],[-0.33499,39.43808],[-0.33439,39.43833],[-0.33345,39.43969],[-0.33092,39.44259],[-0.33051,39.44304],[-0.33029,39.44331],[-0.33002,39.44362],[-0.32944,39.44402],[-0.32915,39.44423],[-0.32843,39.44454],[-0.32777,39.44476],[-0.32773,39.44562],[-0.32771,39.44626],[-0.3276,39.44689],[-0.32767,39.44843],[-0.32799,39.44901],[-0.3283,39.44944],[-0.32996,39.45149],[-0.3309,39.45255],[-0.3316,39.45333]]]]}},
{"type":"Feature","properties":{"location_id":"0-EU-ES-46-02-002-250-05-002","name":"Morvedre","city":"Valencia"},"geometry":{"type":"MultiPolygon","coordinates":[[[[-0.37897,39.4829],[-0.37801,39.48285],[-0.37727,39.48281],[-0.37639,39.48232],[-0.37505,39.48159],[-0.37393,39.48074],[-0.37303,39.48181],[-0.37259,39.48255],[-0.37239,39.48289],[-0.37092,39.4852],[-0.37042,39.48599],[-0.3701,39.48633],[-0.36979,39.48688],[-0.37132,39.48716],[-0.37161,39.48642],[-0.37184,39.48656],[-0.37243,39.4867],[-0.37279,39.4867],[-0.37456,39.48654],[-0.37568,39.48643],[-0.37627,39.48638],[-0.37598,39.48693],[-0.3773,39.48744],[-0.37809,39.48631],[-0.37852,39.4856],[-0.37863,39.48528],[-0.3788,39.48422],[-0.37897,39.4829]]]]}},
{"type":"Feature","properties":{"location_id":"0-EU-ES-46-02-002-250-12-005","name":"Penya-Roja","city":"Valencia"},"geometry":{"type":"MultiPolygon","coordinates":[[[[-0.35961,39.46345],[-0.36002,39.46334],[-0.35984,39.46273],[-0.35971,39.46233],[-0.35945,39.46199],[-0.35843,39.46069],[-0.35801,39.46014],[-0.35791,39.46004],[-0.35585,39.45925],[-0.35424,39.45864],[-0.35406,39.45857],[-0.35291,39.45788],[-0.352,39.45732],[-0.35096,39.45669],[-0.34981,39.45597],[-0.34615,39.45438],[-0.34514,39.45392],[-0.3419,39.45394],[-0.3417,39.45393],[-0.34153,39.45486],[-0.3414,39.4556],[-0.34121,39.4564],[-0.34089,39.45764],[-0.34084,39.45781],[-0.34213,39.45809],[-0.34303,39.4583],[-0.34397,39.45849],[-0.3423,39.45952],[-0.3434,39.45981],[-0.34546,39.46031],[-0.34757,39.46082],[-0.34796,39.46092],[-0.3492,39.4613],[-0.35011,39.46155],[-0.35257,39.46223],[-0.35258,39.46226],[-0.35243,39.46263],[-0.35223,39.46311],[-0.35419,39.4637],[-0.35395,39.46421],[-0.35469,39.46438],[-0.35479,39.46423],[-0.35518,39.46451],[-0.35591,39.46503],[-0.35623,39.46525],[-0.35652,39.46547],[-0.35714,39.46592],[-0.35742,39.46537],[-0.35802,39.46411],[-0.35879,39.46364],[-0.35961,39.46345]]]]}},
{"type":"Feature","properties":{"location_id":"0-EU-ES-46-02-002-250-13-003","name":"L'Amistat","city":"Valencia"},"geometry":{"type":"MultiPolygon","coordinates":[[[[-0.34835,39.47407],[-0.35203,39.47523],[-0.35252,39.47523],[-0.35324,39.47383],[-0.35397,39.47237],[-0.3544,39.47152],[-0.3536,39.47128],[-0.35256,39.47096],[-0.35161,39.47069],[-0.35067,39.4704],[-0.34969,39.47011],[-0.34948,39.47005],[-0.34883,39.47162],[-0.34838,39.4727],[-0.34806,39.47347],[-0.34772,39.47381],[-0.34765,39.47403],[-0.34787,39.47404],[-0.34835,39.47407]]]]}},
{"type":"Feature","properties":{"location_id":"0-EU-ES-46-02-002-250-06-001","name":"Exposici\u00f3","city":"Valencia"},"geometry":{"type":"MultiPolygon","coordinates":[[[[-0.36595,39.47439],[-0.36561,39.47396],[-0.36521,39.47347],[-0.36462,39.47371],[-0.36377,39.47419],[-0.36267,39.47388],[-0.3616,39.47359],[-0.36067,39.47332],[-0.36045,39.47376],[-0.35998,39.47473],[-0.35936,39.47455],[-0.35857,39.47605],[-0.35808,39.477],[-0.35842,39.47709],[-0.35951,39.4774],[-0.36055,39.47769],[-0.36186,39.4781],[-0.36264,39.47832],[-0.36516,39.47906],[-0.36636,39.47941],[-0.36671,39.4787],[-0.36694,39.47822],[-0.36734,39.47738],[-0.36754,39.47724],[-0.36812,39.4771],[-0.36763,39.47648],[-0.36678,39.47543],[-0.36595,39.47439]]]]}},
{"type":"Feature","properties":{"location_id":"0-EU-ES-46-02-002-250-05-004","name":"Tormos","city":"Valencia"},"geometry":{"type":"MultiPolygon","coordinates":[[[[-0.38559,39.48951],[-0.38618,39.48938],[-0.38574,39.48921],[-0.38554,39.48913],[-0.38374,39.48832],[-0.38156,39.48728],[-0.38024,39.48753],[-0.37943,39.48768],[-0.37897,39.48645],[-0.37877,39.48638],[-0.37822,39.48633],[-0.37809,39.48631],[-0.37781,39.48671],[-0.3773,39.48744],[-0.37682,39.48808],[-0.37606,39.48913],[-0.37484,39.49082],[-0.37436,39.49157],[-0.37412,39.49199],[-0.37423,39.49201],[-0.37602,39.49161],[-0.37819,39.49112],[-0.38029,39.49065],[-0.38226,39.49021],[-0.38469,39.48968],[-0.38559,39.48951]]]]}},
{"type":"Feature","properties":{"location_id":"0-EU-ES-46-02-002-250-05-005","name":"Sant Antoni","city":"Valencia"},"geometry":{"type":"MultiPolygon","coordinates":[[[[-0.37364,39.49189],[-0.37412,39.49199],[-0.37436,39.49156],[-0.37485,39.49081],[-0.37686,39.48802],[-0.3773,39.48744],[-0.37598,39.48693],[-0.37627,39.48638],[-0.3757,39.48643],[-0.3745,39.48654],[-0.3728,39.4867],[-0.37243,39.4867],[-0.37184,39.48656],[-0.37161,39.48642],[-0.37132,39.48716],[-0.36979,39.48688],[-0.36974,39.48696],[-0.3693,39.48729],[-0.36921,39.48736],[-0.3684,39.48797],[-0.36995,39.48911],[-0.37126,39.49008],[-0.37249,39.49102],[-0.37345,39.49175],[-0.37364,39.49189]]]]}},
{"type":"Feature","properties":{"location_id":"0-EU-ES-46-02-002-250-12-003","name":"La Creu del Grau","city":"Valencia"},"geometry":{"type":"MultiPolygon","coordinates":[[[[-0.34084,39.45781],[-0.34008,39.46084],[-0.33935,39.46132],[-0.33882,39.46166],[-0.33867,39.46176],[-0.33954,39.46202],[-0.34093,39.46243],[-0.34198,39.46275],[-0.34278,39.46299],[-0.34402,39.46335],[-0.34459,39.46352],[-0.34619,39.46399],[-0.34651,39.46409],[-0.34737,39.46434],[-0.34864,39.46472],[-0.34877,39.46446],[-0.34959,39.46469],[-0.35018,39.46485],[-0.35056,39.46406],[-0.35077,39.46363],[-0.35101,39.46313],[-0.35116,39.46281],[-0.35156,39.46196],[-0.35107,39.46182],[-0.35017,39.46157],[-0.3492,39.4613],[-0.34892,39.46121],[-0.34796,39.46092],[-0.34767,39.46084],[-0.34558,39.46034],[-0.34338,39.45981],[-0.3423,39.45952],[-0.34396,39.45849],[-0.34347,39.45839],[-0.34284,39.45825],[-0.3423,39.45813],[-0.34084,39.45781]]]]}},
{"type":"Feature","properties":{"location_id":"0-EU-ES-46-02-002-250-12-001","name":"Aiora","city":"Valencia"},"geometry":{"type":"MultiPolygon","coordinates":[[[[-0.33538,39.46597],[-0.3354,39.46598],[-0.33733,39.46654],[-0.33815,39.46678],[-0.33875,39.46695],[-0.33976,39.46725],[-0.34019,39.46738],[-0.34146,39.46775],[-0.34191,39.46788],[-0.34272,39.46811],[-0.34333,39.46827],[-0.34353,39.46846],[-0.34363,39.46857],[-0.34374,39.46871],[-0.34401,39.46879],[-0.34439,39.46865],[-0.34466,39.46863],[-0.34472,39.46866],[-0.34538,39.46885],[-0.34587,39.46899],[-0.34635,39.46913],[-0.34696,39.46932],[-0.34724,39.4694],[-0.34811,39.46965],[-0.34838,39.46973],[-0.34881,39.46876],[-0.34941,39.46892],[-0.34986,39.46905],[-0.35047,39.46755],[-0.35129,39.46552],[-0.35016,39.4652],[-0.34866,39.46472],[-0.34637,39.46404],[-0.34532,39.46373],[-0.34402,39.46335],[-0.34274,39.46297],[-0.34157,39.46262],[-0.34022,39.46222],[-0.33867,39.46176],[-0.33837,39.46198],[-0.33786,39.46241],[-0.33725,39.46292],[-0.33638,39.46399],[-0.33594,39.46469],[-0.33551,39.46565],[-0.33538,39.46597]]]]}},
{"type":"Feature","properties":{"location_id":"0-EU-ES-46-02-002-250-06-002","name":"Mestalla","city":"Valencia"},"geometry":{"type":"MultiPolygon","coordinates":[[[[-0.35808,39.477],[-0.35881,39.47559],[-0.35936,39.47455],[-0.35998,39.47473],[-0.3602,39.47427],[-0.36046,39.47373],[-0.36067,39.47332],[-0.36151,39.47356],[-0.36377,39.47419],[-0.36423,39.47393],[-0.36462,39.47371],[-0.36521,39.47347],[-0.36684,39.47273],[-0.36658,39.47242],[-0.36629,39.47208],[-0.36567,39.47135],[-0.36515,39.47075],[-0.36521,39.4706],[-0.36421,39.469],[-0.36345,39.46776],[-0.36278,39.46666],[-0.36225,39.46581],[-0.36213,39.46561],[-0.36146,39.46426],[-0.36094,39.46319],[-0.36002,39.46334],[-0.3596,39.46345],[-0.35879,39.46364],[-0.35802,39.46411],[-0.35759,39.46501],[-0.35743,39.46536],[-0.35714,39.46592],[-0.35693,39.46636],[-0.35661,39.46702],[-0.35641,39.46747],[-0.35583,39.46875],[-0.35533,39.4697],[-0.35455,39.47122],[-0.3539,39.4725],[-0.35319,39.47392],[-0.35252,39.47523],[-0.35384,39.4757],[-0.35624,39.47642],[-0.35808,39.477]]]]}},
{"type":"Feature","properties":{"location_id":"0-EU-ES-46-02-002-250-06-004","name":"Ciutat Universit\u00e0ria","city":"Valencia"},"geometry":{"type":"MultiPolygon","coordinates":[[[[-0.36516,39.47906],[-0.36284,39.47838],[-0.36183,39.47809],[-0.36059,39.4777],[-0.35972,39.47746],[-0.35808,39.477],[-0.35681,39.4766],[-0.35613,39.47639],[-0.35384,39.4757],[-0.35328,39.47684],[-0.35274,39.47796],[-0.35458,39.47857],[-0.35477,39.47817],[-0.35512,39.47829],[-0.3555,39.47842],[-0.35598,39.47877],[-0.35667,39.47929],[-0.35809,39.48035],[-0.35836,39.48054],[-0.35941,39.48134],[-0.3595,39.48141],[-0.35997,39.48107],[-0.36072,39.48054],[-0.36124,39.47944],[-0.36447,39.48041],[-0.36516,39.47906]]]]}},
{"type":"Feature","properties":{"location_id":"0-EU-ES-46-02-002-250-12-004","name":"Cam\u00ed Fondo","city":"Valencia"},"geometry":{"type":"MultiPolygon","coordinates":[[[[-0.35699,39.46625],[-0.35714,39.46592],[-0.3568,39.46567],[-0.35651,39.46546],[-0.35624,39.46526],[-0.35597,39.46508],[-0.35518,39.46451],[-0.35479,39.46423],[-0.35469,39.46438],[-0.35395,39.46421],[-0.35419,39.4637],[-0.35223,39.46311],[-0.35239,39.46272],[-0.35248,39.4625],[-0.35258,39.46226],[-0.35257,39.46223],[-0.35194,39.46206],[-0.35156,39.46196],[-0.35077,39.46363],[-0.35055,39.46407],[-0.35018,39.46485],[-0.34925,39.46459],[-0.34896,39.46451],[-0.34877,39.46446],[-0.34864,39.46472],[-0.34973,39.46506],[-0.35016,39.4652],[-0.35058,39.46532],[-0.35129,39.46552],[-0.35149,39.46558],[-0.3522,39.46578],[-0.35435,39.46635],[-0.35606,39.46685],[-0.35661,39.46702],[-0.35699,39.46625]]]]}},
{"type":"Feature","properties":{"location_id":"0-EU-ES-46-02-002-250-13-002","name":"Ciutat Jard\u00ed","city":"Valencia"},"geometry":{"type":"MultiPolygon","coordinates":[[[[-0.34002,39.47353],[-0.34103,39.4738],[-0.34178,39.474],[-0.34241,39.47418],[-0.34284,39.47429],[-0.34309,39.47436],[-0.34399,39.4746],[-0.34458,39.47475],[-0.34598,39.47512],[-0.3472,39.47551],[-0.34762,39.47443],[-0.34767,39.47427],[-0.34765,39.47403],[-0.34772,39.47381],[-0.34806,39.47347],[-0.34885,39.47157],[-0.34948,39.47005],[-0.34926,39.46998],[-0.34811,39.46965],[-0.34719,39.46939],[-0.34636,39.46913],[-0.34588,39.469],[-0.34545,39.46887],[-0.34472,39.46866],[-0.34466,39.46863],[-0.34438,39.46865],[-0.34401,39.46879],[-0.34388,39.46875],[-0.34362,39.46928],[-0.34268,39.47122],[-0.34239,39.47183],[-0.34229,39.47202],[-0.34208,39.47196],[-0.34177,39.47186],[-0.34145,39.47176],[-0.34127,39.47172],[-0.34093,39.47161],[-0.34072,39.47154],[-0.34037,39.47145],[-0.34014,39.47138],[-0.33991,39.47191],[-0.34072,39.47216],[-0.34021,39.47314],[-0.34002,39.47353]]]]}},
{"type":"Feature","properties":{"location_id":"0-EU-ES-46-02-002-250-07-004","name":"La Fontsanta","city":"Valencia"},"geometry":{"type":"MultiPolygon","coordinates":[[[[-0.40567,39.46356],[-0.4057,39.46384],[-0.40611,39.46708],[-0.40614,39.46735],[-0.40618,39.46768],[-0.40621,39.46794],[-0.40613,39.46849],[-0.40584,39.46938],[-0.40569,39.46979],[-0.40581,39.4698],[-0.40683,39.46987],[-0.40847,39.46986],[-0.4105,39.46972],[-0.41009,39.46713],[-0.40999,39.46605],[-0.41197,39.46591],[-0.41218,39.46566],[-0.41289,39.46304],[-0.4125,39.46306],[-0.40744,39.4632],[-0.40631,39.46323],[-0.40617,39.46329],[-0.40612,39.46332],[-0.40589,39.46344],[-0.40583,39.46347],[-0.40567,39.46356]]]]}},
{"type":"Feature","properties":{"location_id":"0-EU-ES-46-02-002-250-08-001","name":"Patraix","city":"Valencia"},"geometry":{"type":"MultiPolygon","coordinates":[[[[-0.39551,39.46796],[-0.39535,39.46758],[-0.39492,39.4665],[-0.39445,39.46534],[-0.39531,39.46459],[-0.39602,39.46394],[-0.39742,39.4639],[-0.39739,39.46354],[-0.39736,39.46299],[-0.39734,39.46279],[-0.39598,39.4616],[-0.39411,39.45986],[-0.3929,39.45878],[-0.39152,39.45754],[-0.39034,39.45647],[-0.38966,39.45751],[-0.389,39.45853],[-0.38823,39.45964],[-0.38838,39.4604],[-0.38749,39.46148],[-0.38765,39.46171],[-0.38798,39.46219],[-0.38728,39.46251],[-0.38691,39.46266],[-0.39008,39.46702],[-0.39258,39.46744],[-0.39551,39.46796]]]]}},
{"type":"Feature","properties":{"location_id":"0-EU-ES-46-02-002-250-15-002","name":"Torrefiel","city":"Valencia"},"geometry":{"type":"MultiPolygon","coordinates":[[[[-0.37423,39.49201],[-0.37412,39.49199],[-0.374,39.49197],[-0.3737,39.49247],[-0.37323,39.49325],[-0.37294,39.49375],[-0.37272,39.49412],[-0.37257,39.49424],[-0.37241,39.49429],[-0.37197,39.49464],[-0.37157,39.4952],[-0.37105,39.49492],[-0.37023,39.49602],[-0.37101,39.49632],[-0.37079,39.49679],[-0.37184,39.49704],[-0.37107,39.49864],[-0.37251,39.49896],[-0.37579,39.49971],[-0.37677,39.49968],[-0.37864,39.49957],[-0.38135,39.4989],[-0.38133,39.49765],[-0.38133,39.49735],[-0.38068,39.49576],[-0.38035,39.49496],[-0.38005,39.49392],[-0.38175,39.49355],[-0.38323,39.49324],[-0.38272,39.4918],[-0.38229,39.49062],[-0.38215,39.49024],[-0.38054,39.4906],[-0.37836,39.49108],[-0.37689,39.49141],[-0.37423,39.49201]]]]}},
{"type":"Feature","properties":{"location_id":"0-EU-ES-46-02-002-250-13-004","name":"La Vega Baixa","city":"Valencia"},"geometry":{"type":"MultiPolygon","coordinates":[[[[-0.3472,39.47551],[-0.34645,39.47729],[-0.34853,39.4773],[-0.34846,39.47824],[-0.34999,39.47822],[-0.35061,39.47822],[-0.35129,39.47823],[-0.3513,39.47811],[-0.35145,39.47777],[-0.35152,39.47766],[-0.35264,39.47793],[-0.35274,39.47796],[-0.35329,39.47683],[-0.35384,39.4757],[-0.35252,39.47523],[-0.35204,39.47523],[-0.35095,39.47489],[-0.34835,39.47407],[-0.34787,39.47404],[-0.34765,39.47403],[-0.34767,39.47427],[-0.34762,39.47443],[-0.3472,39.47551]]]]}},
{"type":"Feature","properties":{"location_id":"0-EU-ES-46-02-002-250-08-002","name":"Sant Isidre","city":"Valencia"},"geometry":{"type":"MultiPolygon","coordinates":[[[[-0.4019,39.45729],[-0.40239,39.4581],[-0.40328,39.45735],[-0.40511,39.45576],[-0.40713,39.45415],[-0.40865,39.45304],[-0.41012,39.45196],[-0.40919,39.4507],[-0.40629,39.4467],[-0.40522,39.4483],[-0.40266,39.45097],[-0.40167,39.45184],[-0.39958,39.45358],[-0.39975,39.45382],[-0.4001,39.45436],[-0.40042,39.45486],[-0.4019,39.45729]]]]}},
{"type":"Feature","properties":{"location_id":"0-EU-ES-46-02-002-250-08-003","name":"Vara de Quart","city":"Valencia"},"geometry":{"type":"MultiPolygon","coordinates":[[[[-0.39742,39.4639],[-0.40023,39.46379],[-0.40242,39.46369],[-0.40495,39.46358],[-0.40567,39.46356],[-0.40584,39.46346],[-0.40611,39.46332],[-0.40631,39.46323],[-0.40797,39.46318],[-0.4098,39.46313],[-0.41289,39.46304],[-0.41374,39.45998],[-0.41478,39.45724],[-0.41262,39.45525],[-0.41012,39.45196],[-0.40712,39.45417],[-0.40506,39.4558],[-0.40345,39.45721],[-0.4024,39.45809],[-0.40089,39.4595],[-0.39873,39.4615],[-0.39734,39.46279],[-0.39736,39.46298],[-0.39742,39.4639]]]]}},
{"type":"Feature","properties":{"location_id":"0-EU-ES-46-02-002-250-07-002","name":"Soternes","city":"Valencia"},"geometry":{"type":"MultiPolygon","coordinates":[[[[-0.40624,39.46983],[-0.40572,39.46979],[-0.40569,39.46979],[-0.40534,39.47047],[-0.40524,39.47109],[-0.40547,39.47217],[-0.4056,39.47312],[-0.40591,39.47439],[-0.40605,39.47431],[-0.40658,39.47423],[-0.40792,39.47404],[-0.4088,39.47404],[-0.40767,39.47375],[-0.40709,39.47364],[-0.40694,39.47326],[-0.40691,39.47277],[-0.40714,39.47272],[-0.41018,39.47259],[-0.4109,39.47257],[-0.41107,39.47252],[-0.4119,39.47158],[-0.41223,39.47132],[-0.41251,39.47117],[-0.41356,39.47091],[-0.41489,39.47025],[-0.41566,39.46987],[-0.41643,39.46963],[-0.41726,39.46918],[-0.41407,39.46947],[-0.4105,39.46972],[-0.41008,39.46975],[-0.40848,39.46986],[-0.40683,39.46987],[-0.40624,39.46983]]]]}},
{"type":"Feature","properties":{"location_id":"0-EU-ES-46-02-002-250-08-004","name":"Safranar","city":"Valencia"},"geometry":{"type":"MultiPolygon","coordinates":[[[[-0.39976,39.45383],[-0.39958,39.45358],[-0.39831,39.45463],[-0.39724,39.45544],[-0.39693,39.45558],[-0.39662,39.45573],[-0.39631,39.45589],[-0.39578,39.4561],[-0.39477,39.45625],[-0.39329,39.45633],[-0.39241,39.45638],[-0.3916,39.45643],[-0.39057,39.45647],[-0.39034,39.45647],[-0.39179,39.45777],[-0.39316,39.45901],[-0.39424,39.45998],[-0.396,39.46161],[-0.39734,39.46279],[-0.39838,39.46182],[-0.40061,39.45976],[-0.40169,39.45875],[-0.40216,39.45831],[-0.40239,39.4581],[-0.40162,39.45682],[-0.40081,39.4555],[-0.40015,39.45444],[-0.39976,39.45383]]]]}},
{"type":"Feature","properties":{"location_id":"0-EU-ES-46-02-002-250-07-003","name":"Tres Forques","city":"Valencia"},"geometry":{"type":"MultiPolygon","coordinates":[[[[-0.39551,39.46796],[-0.39599,39.46807],[-0.39753,39.46836],[-0.39955,39.46873],[-0.3999,39.4688],[-0.40118,39.46903],[-0.40269,39.46932],[-0.40503,39.46965],[-0.40569,39.46979],[-0.40584,39.46938],[-0.40613,39.46849],[-0.40621,39.46794],[-0.40614,39.46735],[-0.40592,39.46558],[-0.40567,39.46356],[-0.40496,39.46358],[-0.40348,39.46364],[-0.40205,39.46371],[-0.40073,39.46377],[-0.39874,39.46385],[-0.39742,39.4639],[-0.39602,39.46394],[-0.39533,39.46458],[-0.39445,39.46534],[-0.39501,39.46672],[-0.39535,39.46759],[-0.39551,39.46796]]]]}},
{"type":"Feature","properties":{"location_id":"0-EU-ES-46-02-002-250-16-001","name":"Benicalap","city":"Valencia"},"geometry":{"type":"MultiPolygon","coordinates":[[[[-0.38513,39.48959],[-0.38469,39.48968],[-0.38342,39.48996],[-0.38215,39.49024],[-0.38225,39.4905],[-0.3824,39.49092],[-0.38252,39.49125],[-0.38284,39.49215],[-0.38323,39.49324],[-0.3863,39.49255],[-0.3879,39.49309],[-0.38853,39.4933],[-0.3905,39.49403],[-0.39112,39.4943],[-0.39391,39.49711],[-0.39438,39.49686],[-0.39572,39.49606],[-0.39665,39.4955],[-0.39701,39.49583],[-0.39763,39.49544],[-0.39823,39.49599],[-0.39968,39.4952],[-0.40002,39.49565],[-0.40249,39.49463],[-0.39956,39.49053],[-0.39802,39.48837],[-0.39616,39.48577],[-0.3953,39.48459],[-0.39487,39.48477],[-0.39373,39.48526],[-0.39342,39.48539],[-0.39255,39.48576],[-0.39305,39.48641],[-0.39327,39.48669],[-0.39348,39.48696],[-0.39271,39.4873],[-0.39161,39.48775],[-0.39043,39.48824],[-0.38952,39.48863],[-0.38945,39.48864],[-0.38701,39.48919],[-0.38557,39.48951],[-0.38513,39.48959]]]]}},
{"type":"Feature","properties":{"location_id":"0-EU-ES-46-02-002-250-14-002","name":"Cam\u00ed de Vera","city":"Valencia"},"geometry":{"type":"MultiPolygon","coordinates":[[[[-0.36027,39.48903],[-0.36014,39.48901],[-0.35901,39.48886],[-0.35929,39.48747],[-0.35758,39.48722],[-0.35761,39.48707],[-0.35696,39.48702],[-0.35639,39.48699],[-0.35626,39.48691],[-0.35627,39.48684],[-0.35642,39.48595],[-0.35533,39.48585],[-0.35461,39.48579],[-0.35472,39.48517],[-0.35485,39.48447],[-0.35408,39.48439],[-0.35425,39.48327],[-0.35438,39.48244],[-0.35228,39.48179],[-0.35218,39.48175],[-0.35192,39.48167],[-0.35145,39.48153],[-0.35141,39.48156],[-0.35083,39.4819],[-0.35059,39.48205],[-0.35042,39.48215],[-0.3493,39.48286],[-0.34694,39.48436],[-0.34296,39.48687],[-0.3427,39.48703],[-0.34225,39.48731],[-0.34411,39.48769],[-0.34669,39.48824],[-0.34899,39.48875],[-0.3495,39.48886],[-0.35056,39.48909],[-0.35175,39.48935],[-0.35383,39.49105],[-0.35475,39.49179],[-0.35559,39.49248],[-0.35651,39.49323],[-0.35771,39.49419],[-0.3579,39.49374],[-0.35859,39.49247],[-0.35876,39.49216],[-0.35897,39.49164],[-0.3591,39.4914],[-0.35941,39.49073],[-0.36027,39.48903]]]]}},
{"type":"Feature","properties":{"location_id":"0-EU-ES-46-02-002-250-09-002","name":"L'Hort de Senabre","city":"Valencia"},"geometry":{"type":"MultiPolygon","coordinates":[[[[-0.38449,39.4534],[-0.38446,39.45353],[-0.38544,39.45376],[-0.3856,39.45379],[-0.38647,39.45436],[-0.38715,39.45481],[-0.38726,39.45488],[-0.38809,39.45527],[-0.38886,39.45564],[-0.38921,39.45583],[-0.39035,39.45645],[-0.39057,39.45611],[-0.39132,39.455],[-0.39237,39.45342],[-0.39316,39.45222],[-0.39408,39.45088],[-0.39487,39.44976],[-0.39554,39.44882],[-0.39602,39.44809],[-0.39606,39.44791],[-0.39597,39.44757],[-0.3923,39.44765],[-0.38972,39.44773],[-0.38964,39.44792],[-0.38935,39.44929],[-0.38891,39.45127],[-0.38873,39.45218],[-0.38853,39.45309],[-0.38832,39.45305],[-0.38755,39.45293],[-0.38466,39.45253],[-0.38449,39.4534]]]]}},
{"type":"Feature","properties":{"location_id":"0-EU-ES-46-02-002-250-09-003","name":"La Creu Coberta","city":"Valencia"},"geometry":{"type":"MultiPolygon","coordinates":[[[[-0.38112,39.45458],[-0.38139,39.45463],[-0.38169,39.45469],[-0.38224,39.45478],[-0.38289,39.45488],[-0.38342,39.45497],[-0.3839,39.45505],[-0.38412,39.45509],[-0.38423,39.45463],[-0.38437,39.45396],[-0.38446,39.45353],[-0.38455,39.45309],[-0.38466,39.45253],[-0.38484,39.45255],[-0.38575,39.45268],[-0.38672,39.45282],[-0.38753,39.45293],[-0.38819,39.45303],[-0.38853,39.45309],[-0.38872,39.45224],[-0.3888,39.45184],[-0.38891,39.45129],[-0.38913,39.45035],[-0.38936,39.44924],[-0.38957,39.44826],[-0.38964,39.44792],[-0.38972,39.44773],[-0.38849,39.44776],[-0.38749,39.44779],[-0.387,39.44781],[-0.38669,39.44781],[-0.38588,39.44781],[-0.38609,39.44717],[-0.38588,39.44713],[-0.38491,39.44698],[-0.38379,39.44676],[-0.38369,39.44707],[-0.38303,39.44906],[-0.38266,39.45016],[-0.38246,39.45077],[-0.38221,39.45145],[-0.38175,39.45276],[-0.38112,39.45458]]]]}},
{"type":"Feature","properties":{"location_id":"0-EU-ES-46-02-002-250-09-001","name":"La Raiosa","city":"Valencia"},"geometry":{"type":"MultiPolygon","coordinates":[[[[-0.38588,39.46117],[-0.38691,39.46266],[-0.38728,39.46251],[-0.38763,39.46235],[-0.38798,39.46219],[-0.38772,39.46181],[-0.38749,39.46148],[-0.38785,39.46105],[-0.38838,39.4604],[-0.38833,39.46015],[-0.38823,39.45964],[-0.3884,39.45939],[-0.38901,39.45851],[-0.38994,39.45708],[-0.39035,39.45645],[-0.38961,39.45605],[-0.38886,39.45564],[-0.38792,39.45519],[-0.38739,39.45494],[-0.38726,39.45488],[-0.3856,39.45379],[-0.38501,39.45366],[-0.38446,39.45353],[-0.38424,39.45457],[-0.38412,39.45509],[-0.38341,39.45496],[-0.38168,39.45469],[-0.3814,39.45463],[-0.38112,39.45458],[-0.38088,39.4553],[-0.38107,39.45536],[-0.38135,39.45544],[-0.38197,39.45579],[-0.3826,39.45662],[-0.38355,39.45789],[-0.38348,39.45809],[-0.38317,39.45907],[-0.38291,39.45986],[-0.38304,39.45995],[-0.38315,39.46004],[-0.38344,39.45991],[-0.38465,39.45936],[-0.38588,39.46117]]]]}},
{"type":"Feature","properties":{"location_id":"0-EU-ES-46-02-002-250-09-004","name":"Sant Marcell\u00ed","city":"Valencia"},"geometry":{"type":"MultiPolygon","coordinates":[[[[-0.38609,39.44716],[-0.38593,39.44766],[-0.38588,39.44781],[-0.38671,39.44781],[-0.38723,39.4478],[-0.38855,39.44776],[-0.38972,39.44773],[-0.39111,39.44769],[-0.39232,39.44765],[-0.39226,39.44741],[-0.39251,39.44675],[-0.3929,39.44573],[-0.39341,39.44445],[-0.39367,39.4437],[-0.39432,39.44207],[-0.39373,39.44187],[-0.39287,39.4422],[-0.39243,39.44226],[-0.39176,39.44233],[-0.3902,39.44235],[-0.38943,39.44234],[-0.38893,39.44238],[-0.38842,39.44246],[-0.38819,39.44256],[-0.38795,39.44274],[-0.38776,39.44302],[-0.3876,39.44333],[-0.38658,39.44588],[-0.38611,39.4471],[-0.38609,39.44716]]]]}},
{"type":"Feature","properties":{"location_id":"0-EU-ES-46-02-002-250-04-005","name":"Beniferri","city":"Valencia"},"geometry":{"type":"MultiPolygon","coordinates":[[[[-0.40175,39.4988],[-0.40412,39.49966],[-0.40498,39.4982],[-0.40483,39.498],[-0.40636,39.49729],[-0.4094,39.49627],[-0.40823,39.4947],[-0.4079,39.49421],[-0.40761,39.49378],[-0.40735,39.4934],[-0.40686,39.49273],[-0.40542,39.49329],[-0.4044,39.49373],[-0.40417,39.49383],[-0.40337,39.49419],[-0.40249,39.49463],[-0.40153,39.49502],[-0.4006,39.49541],[-0.40002,39.49565],[-0.39968,39.4952],[-0.39895,39.4956],[-0.39823,39.49599],[-0.39846,39.4962],[-0.39881,39.49652],[-0.39954,39.49715],[-0.40034,39.49785],[-0.401,39.49844],[-0.40116,39.49859],[-0.40143,39.49883],[-0.40152,39.49891],[-0.40175,39.4988]]]]}},
{"type":"Feature","properties":{"location_id":"0-EU-ES-46-02-002-250-04-003","name":"El Calvari","city":"Valencia"},"geometry":{"type":"MultiPolygon","coordinates":[[[[-0.38721,39.48637],[-0.38704,39.48645],[-0.38816,39.48735],[-0.3894,39.48851],[-0.38952,39.48863],[-0.39019,39.48834],[-0.39052,39.4882],[-0.39142,39.48783],[-0.39235,39.48745],[-0.3927,39.4873],[-0.39348,39.48696],[-0.3934,39.48686],[-0.3931,39.48648],[-0.39283,39.48611],[-0.39255,39.48576],[-0.3912,39.48634],[-0.39048,39.48614],[-0.39019,39.48574],[-0.38984,39.48526],[-0.38916,39.48552],[-0.38887,39.48511],[-0.38824,39.48538],[-0.38825,39.48562],[-0.38818,39.48603],[-0.38798,39.48606],[-0.38721,39.48637]]]]}},
{"type":"Feature","properties":{"location_id":"0-EU-ES-46-02-002-250-04-001","name":"Campanar","city":"Valencia"},"geometry":{"type":"MultiPolygon","coordinates":[[[[-0.39735,39.47625],[-0.39688,39.47647],[-0.39551,39.47707],[-0.39481,39.47738],[-0.39325,39.47806],[-0.39152,39.47876],[-0.39101,39.47896],[-0.3888,39.47961],[-0.38678,39.48052],[-0.387,39.48084],[-0.3886,39.48309],[-0.38881,39.48339],[-0.3886,39.48361],[-0.38799,39.48389],[-0.38801,39.48391],[-0.38887,39.48511],[-0.38916,39.48552],[-0.38984,39.48526],[-0.39007,39.48558],[-0.3902,39.48576],[-0.39039,39.48601],[-0.39048,39.48614],[-0.39119,39.48633],[-0.3921,39.48595],[-0.3949,39.48475],[-0.3953,39.48459],[-0.39575,39.48521],[-0.39616,39.48577],[-0.39666,39.48556],[-0.39766,39.48513],[-0.39822,39.48489],[-0.39946,39.48436],[-0.40021,39.48403],[-0.40056,39.48387],[-0.40107,39.48359],[-0.40164,39.48333],[-0.40166,39.48332],[-0.40117,39.48258],[-0.40115,39.48255],[-0.39977,39.48056],[-0.3986,39.47888],[-0.39933,39.47856],[-0.39981,39.47842],[-0.40003,39.47836],[-0.39973,39.47731],[-0.3992,39.47577],[-0.39795,39.47604],[-0.39735,39.47625]]]]}},
{"type":"Feature","properties":{"location_id":"0-EU-ES-46-02-002-250-04-004","name":"Sant Pau","city":"Valencia"},"geometry":{"type":"MultiPolygon","coordinates":[[[[-0.39616,39.48577],[-0.39705,39.48701],[-0.39898,39.48972],[-0.40187,39.49375],[-0.40249,39.49463],[-0.40337,39.49419],[-0.40418,39.49383],[-0.40542,39.49329],[-0.40686,39.49273],[-0.40735,39.49341],[-0.40787,39.49418],[-0.40823,39.4947],[-0.4094,39.49627],[-0.4137,39.49596],[-0.41559,39.49597],[-0.41915,39.49602],[-0.42364,39.49518],[-0.42557,39.49423],[-0.42618,39.49363],[-0.42471,39.49125],[-0.426,39.48797],[-0.42212,39.48601],[-0.41303,39.48253],[-0.41027,39.48143],[-0.40732,39.48097],[-0.40673,39.4819],[-0.40655,39.48239],[-0.4046,39.48324],[-0.40399,39.48236],[-0.40273,39.48291],[-0.40164,39.48333],[-0.40107,39.48359],[-0.40056,39.48387],[-0.40021,39.48403],[-0.39953,39.48433],[-0.39766,39.48514],[-0.39616,39.48577]]]]}},
{"type":"Feature","properties":{"location_id":"0-EU-ES-46-02-002-250-10-003","name":"Malilla","city":"Valencia"},"geometry":{"type":"MultiPolygon","coordinates":[[[[-0.3708,39.44984],[-0.3709,39.44999],[-0.37107,39.45023],[-0.37147,39.45077],[-0.37164,39.45101],[-0.37246,39.4522],[-0.37345,39.45363],[-0.37553,39.45658],[-0.37566,39.45677],[-0.37576,39.45692],[-0.37645,39.45663],[-0.37765,39.45612],[-0.37849,39.45578],[-0.37961,39.45533],[-0.38088,39.45534],[-0.38088,39.4553],[-0.38105,39.45478],[-0.3818,39.45262],[-0.3825,39.45065],[-0.38376,39.44687],[-0.38421,39.4456],[-0.38449,39.44481],[-0.3852,39.44249],[-0.38565,39.44105],[-0.38586,39.44039],[-0.38714,39.4362],[-0.38488,39.43601],[-0.38283,39.43575],[-0.37469,39.43493],[-0.3726,39.4347],[-0.37041,39.43449],[-0.36974,39.43966],[-0.36953,39.44131],[-0.36886,39.44616],[-0.36909,39.44716],[-0.36933,39.44768],[-0.36954,39.44801],[-0.37015,39.44893],[-0.3708,39.44984]]]]}},
{"type":"Feature","properties":{"location_id":"0-EU-ES-46-02-002-250-10-007","name":"Ciutat de les Arts i de les Ciencies","city":"Valencia"},"geometry":{"type":"MultiPolygon","coordinates":[[[[-0.34513,39.45392],[-0.34647,39.45452],[-0.3473,39.45488],[-0.34879,39.45553],[-0.34947,39.45582],[-0.34982,39.45598],[-0.35066,39.4565],[-0.35147,39.457],[-0.35405,39.45856],[-0.35409,39.45859],[-0.35516,39.45899],[-0.35675,39.4596],[-0.3572,39.45937],[-0.35818,39.45882],[-0.35827,39.4583],[-0.35832,39.45819],[-0.35932,39.45698],[-0.35967,39.45657],[-0.36063,39.45543],[-0.36137,39.45456],[-0.36168,39.45421],[-0.36223,39.45396],[-0.36256,39.4535],[-0.36298,39.45287],[-0.36428,39.4513],[-0.36477,39.45074],[-0.36563,39.44975],[-0.36694,39.44827],[-0.36752,39.44799],[-0.36797,39.4478],[-0.36783,39.44757],[-0.36729,39.44678],[-0.36665,39.44708],[-0.36542,39.44758],[-0.36088,39.44947],[-0.3551,39.45184],[-0.35352,39.45249],[-0.35174,39.45336],[-0.34769,39.45213],[-0.3457,39.45172],[-0.34204,39.45104],[-0.34162,39.45108],[-0.3417,39.45393],[-0.3419,39.45394],[-0.34513,39.45392]]]]}},
{"type":"Feature","properties":{"location_id":"0-EU-ES-46-02-002-250-10-005","name":"Na Rovella","city":"Valencia"},"geometry":{"type":"MultiPolygon","coordinates":[[[[-0.35818,39.45882],[-0.36018,39.45799],[-0.36141,39.45743],[-0.36201,39.45719],[-0.36329,39.45665],[-0.36544,39.45573],[-0.36682,39.45515],[-0.3689,39.45428],[-0.36961,39.45398],[-0.36997,39.45382],[-0.37142,39.45322],[-0.3715,39.45319],[-0.37112,39.45242],[-0.37164,39.45101],[-0.37148,39.45078],[-0.37102,39.45016],[-0.37079,39.44982],[-0.3703,39.44913],[-0.37015,39.44893],[-0.36944,39.44785],[-0.36859,39.44821],[-0.36834,39.44831],[-0.36797,39.4478],[-0.36751,39.448],[-0.36695,39.44827],[-0.36643,39.44885],[-0.36561,39.44978],[-0.36417,39.45143],[-0.36298,39.45288],[-0.36223,39.45396],[-0.36168,39.45421],[-0.36131,39.45463],[-0.35935,39.45694],[-0.35832,39.45819],[-0.35827,39.45831],[-0.35818,39.45882]]]]}},
{"type":"Feature","properties":{"location_id":"0-EU-ES-46-02-002-250-10-004","name":"Fonteta de Sant Llu\u00ecs","city":"Valencia"},"geometry":{"type":"MultiPolygon","coordinates":[[[[-0.36944,39.44785],[-0.36933,39.44768],[-0.36909,39.44717],[-0.36895,39.44656],[-0.36886,39.44616],[-0.36915,39.44408],[-0.3694,39.44227],[-0.36955,39.44117],[-0.36603,39.44085],[-0.36219,39.44042],[-0.36181,39.44162],[-0.36175,39.44287],[-0.36111,39.44364],[-0.36128,39.44384],[-0.36172,39.44413],[-0.36183,39.44425],[-0.36206,39.4445],[-0.36238,39.44497],[-0.36267,39.44511],[-0.36454,39.4463],[-0.36473,39.44642],[-0.36586,39.44687],[-0.36633,39.44706],[-0.36665,39.44708],[-0.36729,39.44678],[-0.36783,39.44756],[-0.36797,39.4478],[-0.36807,39.44794],[-0.36834,39.44831],[-0.36944,39.44785]]]]}},
{"type":"Feature","properties":{"location_id":"0-EU-ES-46-02-002-250-11-003","name":"Playa de la Malvarrosa","city":"Valencia"},"geometry":{"type":"MultiPolygon","coordinates":[[[[-0.3237,39.47462],[-0.32256,39.47466],[-0.32275,39.4759],[-0.32289,39.47824],[-0.32308,39.48012],[-0.3232,39.48121],[-0.32322,39.482],[-0.32325,39.48291],[-0.32331,39.48414],[-0.32431,39.48417],[-0.32401,39.48469],[-0.32751,39.4845],[-0.33132,39.48646],[-0.33161,39.48514],[-0.33207,39.48315],[-0.33216,39.48277],[-0.3322,39.48261],[-0.33224,39.48241],[-0.33256,39.48071],[-0.33264,39.48028],[-0.33327,39.47704],[-0.3334,39.47637],[-0.33229,39.47606],[-0.33141,39.47582],[-0.33046,39.47554],[-0.32943,39.47521],[-0.32904,39.47509],[-0.3276,39.47472],[-0.32603,39.4746],[-0.32541,39.47453],[-0.3237,39.47462]]]]}},
{"type":"Feature","properties":{"location_id":"0-EU-ES-46-02-002-250-03-004","name":"Arrancapins","city":"Valencia"},"geometry":{"type":"MultiPolygon","coordinates":[[[[-0.38088,39.4553],[-0.38084,39.45577],[-0.38073,39.45636],[-0.38061,39.45682],[-0.38024,39.45795],[-0.37937,39.46043],[-0.37844,39.46317],[-0.37894,39.4632],[-0.37961,39.46326],[-0.38012,39.46348],[-0.38058,39.46399],[-0.38119,39.46495],[-0.38258,39.46696],[-0.38412,39.46917],[-0.38491,39.47034],[-0.38575,39.47143],[-0.38609,39.47192],[-0.38624,39.47178],[-0.38642,39.47161],[-0.38734,39.47085],[-0.38792,39.47036],[-0.38828,39.47006],[-0.38844,39.46992],[-0.38866,39.46966],[-0.38971,39.46944],[-0.39006,39.46937],[-0.39116,39.46913],[-0.39154,39.46905],[-0.38669,39.46236],[-0.38523,39.46022],[-0.38465,39.45936],[-0.38315,39.46004],[-0.38305,39.45997],[-0.38291,39.45986],[-0.38314,39.45916],[-0.38338,39.45839],[-0.38355,39.45789],[-0.38299,39.45713],[-0.38225,39.45616],[-0.38198,39.45579],[-0.38135,39.45544],[-0.38108,39.45536],[-0.38088,39.4553]]]]}},
{"type":"Feature","properties":{"location_id":"0-EU-ES-46-02-002-250-09-005","name":"Cam\u00ed Reial","city":"Valencia"},"geometry":{"type":"MultiPolygon","coordinates":[[[[-0.38795,39.44274],[-0.38819,39.44256],[-0.38842,39.44246],[-0.38894,39.44238],[-0.38942,39.44234],[-0.39026,39.44235],[-0.39176,39.44233],[-0.3925,39.44225],[-0.39287,39.4422],[-0.39373,39.44187],[-0.39432,39.44207],[-0.39371,39.44359],[-0.39363,39.44381],[-0.39342,39.44441],[-0.39269,39.4463],[-0.39243,39.44696],[-0.39233,39.44723],[-0.39226,39.44741],[-0.39232,39.44765],[-0.39323,39.44763],[-0.39403,39.44762],[-0.39475,39.44761],[-0.39597,39.44757],[-0.39606,39.4479],[-0.39602,39.44809],[-0.39558,39.44877],[-0.39487,39.44977],[-0.39534,39.45013],[-0.39652,39.45105],[-0.39701,39.45143],[-0.39767,39.45194],[-0.39819,39.45236],[-0.39839,39.45252],[-0.39738,39.45403],[-0.39831,39.45463],[-0.3996,39.45356],[-0.40174,39.45178],[-0.40265,39.45099],[-0.40368,39.44994],[-0.40411,39.44948],[-0.40524,39.44828],[-0.4056,39.44774],[-0.40629,39.4467],[-0.40545,39.44546],[-0.40141,39.44196],[-0.39808,39.43999],[-0.39629,39.43893],[-0.39388,39.43818],[-0.38991,39.43701],[-0.38804,39.43644],[-0.38714,39.4362],[-0.38654,39.4382],[-0.38643,39.43851],[-0.38618,39.43935],[-0.38609,39.43964],[-0.38561,39.44119],[-0.38542,39.44181],[-0.38476,39.44391],[-0.38447,39.44486],[-0.38379,39.44676],[-0.38492,39.44699],[-0.38548,39.44707],[-0.38609,39.44717],[-0.38614,39.44703],[-0.38636,39.44646],[-0.38657,39.44588],[-0.3868,39.44533],[-0.38696,39.44493],[-0.3876,39.44333],[-0.38776,39.44303],[-0.38795,39.44274]]]]}},
{"type":"Feature","properties":{"location_id":"0-EU-ES-46-02-002-250-11-001","name":"El Grau","city":"Valencia"},"geometry":{"type":"MultiPolygon","coordinates":[[[[-0.33035,39.46287],[-0.3305,39.46289],[-0.33111,39.46291],[-0.33174,39.46297],[-0.33251,39.46306],[-0.33311,39.46315],[-0.33365,39.46321],[-0.33485,39.46336],[-0.33526,39.46341],[-0.3358,39.4635],[-0.33645,39.46362],[-0.33664,39.46368],[-0.33725,39.46292],[-0.33806,39.46224],[-0.33838,39.46198],[-0.33867,39.46176],[-0.33922,39.4614],[-0.34008,39.46084],[-0.34066,39.45853],[-0.34084,39.45781],[-0.34104,39.45707],[-0.3414,39.45559],[-0.3417,39.45393],[-0.34095,39.45403],[-0.33947,39.45422],[-0.33797,39.45441],[-0.33725,39.4545],[-0.33623,39.45463],[-0.33464,39.45484],[-0.33431,39.45477],[-0.33302,39.4546],[-0.3325,39.45413],[-0.33161,39.45334],[-0.33,39.45154],[-0.32827,39.44941],[-0.32799,39.44901],[-0.32767,39.44845],[-0.3276,39.44689],[-0.32771,39.44628],[-0.32777,39.44476],[-0.32843,39.44454],[-0.32914,39.44423],[-0.33002,39.44362],[-0.33203,39.44132],[-0.33345,39.43968],[-0.33439,39.43833],[-0.33499,39.43808],[-0.33644,39.43797],[-0.33662,39.43565],[-0.33642,39.43202],[-0.3362,39.42761],[-0.3374,39.42518],[-0.32867,39.42362],[-0.31562,39.41878],[-0.29978,39.4247],[-0.29711,39.43003],[-0.29943,39.43554],[-0.29993,39.44186],[-0.30016,39.44451],[-0.30052,39.44733],[-0.30095,39.45102],[-0.3039,39.45676],[-0.30553,39.46021],[-0.30685,39.46275],[-0.32219,39.46303],[-0.32552,39.46316],[-0.32697,39.46316],[-0.32794,39.46308],[-0.32836,39.46302],[-0.3296,39.46279],[-0.33035,39.46287]]]]}},
{"type":"Feature","properties":{"location_id":"0-EU-ES-46-02-002-250-13-005","name":"La Carrasca","city":"Valencia"},"geometry":{"type":"MultiPolygon","coordinates":[[[[-0.35458,39.47857],[-0.35264,39.47793],[-0.35152,39.47766],[-0.35145,39.47777],[-0.3513,39.47811],[-0.35129,39.47823],[-0.35059,39.47822],[-0.34999,39.47822],[-0.34846,39.47824],[-0.34853,39.4773],[-0.34735,39.47729],[-0.34672,39.47729],[-0.34645,39.47729],[-0.34671,39.47668],[-0.3472,39.47551],[-0.34598,39.47512],[-0.34448,39.47472],[-0.34326,39.47441],[-0.34239,39.47417],[-0.34109,39.47381],[-0.34002,39.47353],[-0.34021,39.47312],[-0.34072,39.47216],[-0.33991,39.47191],[-0.34013,39.47139],[-0.33886,39.47101],[-0.33828,39.47082],[-0.33753,39.47231],[-0.33742,39.47252],[-0.33744,39.4729],[-0.33702,39.47371],[-0.33656,39.47464],[-0.33612,39.47554],[-0.33587,39.47609],[-0.33556,39.47669],[-0.33346,39.47607],[-0.33328,39.47697],[-0.33315,39.47763],[-0.33299,39.47848],[-0.33277,39.4796],[-0.33265,39.48019],[-0.33242,39.48145],[-0.3322,39.4826],[-0.33182,39.48423],[-0.3316,39.48518],[-0.33132,39.48646],[-0.33395,39.48772],[-0.33668,39.48608],[-0.33886,39.48655],[-0.34022,39.48686],[-0.34113,39.48705],[-0.34176,39.48719],[-0.34225,39.48731],[-0.34271,39.48703],[-0.34353,39.48651],[-0.34469,39.48578],[-0.34725,39.48416],[-0.34976,39.48257],[-0.35058,39.48205],[-0.35146,39.48153],[-0.35195,39.48124],[-0.35214,39.48112],[-0.3527,39.48077],[-0.35298,39.4805],[-0.35328,39.4802],[-0.35389,39.47961],[-0.35413,39.47937],[-0.35458,39.47857]]]]}},
{"type":"Feature","properties":{"location_id":"0-EU-ES-46-02-002-250-10-006","name":"La Punta","city":"Valencia"},"geometry":{"type":"MultiPolygon","coordinates":[[[[-0.36936,39.44115],[-0.36955,39.44117],[-0.3698,39.43921],[-0.37041,39.43449],[-0.36563,39.43462],[-0.36231,39.43465],[-0.35302,39.43167],[-0.3492,39.43035],[-0.34349,39.42834],[-0.33711,39.42576],[-0.3362,39.42762],[-0.33623,39.42854],[-0.3363,39.43004],[-0.33641,39.43189],[-0.33654,39.4342],[-0.33662,39.43569],[-0.33651,39.43711],[-0.33644,39.43789],[-0.33642,39.43834],[-0.33623,39.44039],[-0.33615,39.44109],[-0.33598,39.44231],[-0.33589,39.44323],[-0.33576,39.44466],[-0.33567,39.44549],[-0.33558,39.44651],[-0.33536,39.44835],[-0.33563,39.4484],[-0.33551,39.44938],[-0.3354,39.45016],[-0.33514,39.45189],[-0.3349,39.4533],[-0.33465,39.45484],[-0.3359,39.45468],[-0.33914,39.45427],[-0.3417,39.45393],[-0.34162,39.45108],[-0.34204,39.45104],[-0.34567,39.45172],[-0.34769,39.45213],[-0.34969,39.45273],[-0.35173,39.45336],[-0.35352,39.45249],[-0.3599,39.44987],[-0.3621,39.44896],[-0.36394,39.4482],[-0.36665,39.44708],[-0.36633,39.44706],[-0.36473,39.44642],[-0.36452,39.44629],[-0.36267,39.44511],[-0.36238,39.44497],[-0.3623,39.44486],[-0.36206,39.4445],[-0.36172,39.44413],[-0.36128,39.44384],[-0.36111,39.44364],[-0.36145,39.44323],[-0.36175,39.44287],[-0.36181,39.44163],[-0.36219,39.44042],[-0.36434,39.44066],[-0.36606,39.44085],[-0.36867,39.44109],[-0.36936,39.44115]]]]}},
{"type":"Feature","properties":{"location_id":"0-EU-ES-46-02-002-250-15-003","name":"Sant Lloren\u00e7","city":"Valencia"},"geometry":{"type":"MultiPolygon","coordinates":[[[[-0.36962,39.50047],[-0.36973,39.5002],[-0.3691,39.50005],[-0.36833,39.49987],[-0.3689,39.49853],[-0.36921,39.49778],[-0.36756,39.49728],[-0.36818,39.49665],[-0.36626,39.4952],[-0.36655,39.49499],[-0.3667,39.495],[-0.36736,39.49553],[-0.36865,39.49435],[-0.36816,39.49401],[-0.36802,39.49392],[-0.36789,39.49382],[-0.36724,39.49335],[-0.36802,39.49276],[-0.36856,39.49232],[-0.36915,39.49184],[-0.36849,39.49138],[-0.36806,39.49105],[-0.36891,39.49032],[-0.36909,39.49015],[-0.36828,39.48953],[-0.36736,39.48883],[-0.36715,39.48867],[-0.36645,39.48907],[-0.36596,39.48935],[-0.36555,39.4896],[-0.36539,39.48969],[-0.36514,39.48949],[-0.36474,39.48922],[-0.36502,39.489],[-0.3653,39.4888],[-0.36545,39.48872],[-0.36577,39.48854],[-0.36611,39.48845],[-0.36532,39.48786],[-0.36508,39.48768],[-0.36482,39.48748],[-0.36415,39.48699],[-0.36399,39.48686],[-0.3634,39.48733],[-0.36296,39.48769],[-0.3628,39.48779],[-0.36304,39.48798],[-0.36253,39.48838],[-0.36231,39.48859],[-0.36154,39.48855],[-0.36098,39.48853],[-0.36051,39.48851],[-0.36043,39.4887],[-0.35941,39.49074],[-0.35909,39.4914],[-0.35897,39.49164],[-0.35876,39.49216],[-0.3579,39.49374],[-0.3577,39.49419],[-0.35736,39.495],[-0.35572,39.49707],[-0.35673,39.49748],[-0.35705,39.49776],[-0.35689,39.49797],[-0.35566,39.49889],[-0.35483,39.5],[-0.35605,39.50064],[-0.35663,39.50105],[-0.35618,39.50172],[-0.3599,39.5034],[-0.36091,39.50202],[-0.36356,39.50332],[-0.36464,39.50379],[-0.36579,39.50429],[-0.36615,39.50382],[-0.36688,39.50411],[-0.36704,39.50386],[-0.36734,39.50341],[-0.3677,39.50332],[-0.36825,39.50183],[-0.36858,39.50185],[-0.36928,39.50109],[-0.36962,39.50047]]]]}},
{"type":"Feature","properties":{"location_id":"0-EU-ES-46-02-002-250-01-005","name":"El Mercat","city":"Valencia"},"geometry":{"type":"MultiPolygon","coordinates":[[[[-0.37965,39.47198],[-0.37921,39.47187],[-0.37889,39.47162],[-0.37846,39.47142],[-0.37779,39.47096],[-0.37651,39.47263],[-0.37635,39.47284],[-0.37563,39.47379],[-0.37666,39.4739],[-0.37671,39.47391],[-0.37672,39.47399],[-0.37682,39.47421],[-0.37705,39.47438],[-0.37688,39.4753],[-0.37687,39.47536],[-0.37767,39.47537],[-0.37772,39.47556],[-0.37811,39.47566],[-0.37828,39.47569],[-0.37846,39.47566],[-0.37861,39.47563],[-0.37878,39.4756],[-0.37912,39.47561],[-0.37928,39.4756],[-0.3793,39.47563],[-0.37919,39.47594],[-0.37915,39.47622],[-0.37916,39.47655],[-0.37917,39.47655],[-0.37935,39.47652],[-0.37981,39.47643],[-0.38035,39.47631],[-0.3811,39.47622],[-0.3811,39.47613],[-0.38107,39.47579],[-0.38105,39.47565],[-0.38104,39.47541],[-0.3808,39.47537],[-0.38095,39.47512],[-0.38122,39.47466],[-0.38128,39.47443],[-0.38122,39.47407],[-0.38119,39.47373],[-0.38112,39.4736],[-0.38104,39.47345],[-0.3804,39.47322],[-0.38071,39.47284],[-0.38089,39.47258],[-0.38102,39.47243],[-0.38095,39.47228],[-0.38022,39.47235],[-0.37975,39.47241],[-0.37974,39.47199],[-0.37965,39.47198]]]]}},
{"type":"Feature","properties":{"location_id":"0-EU-ES-46-02-002-250-01-002","name":"La Xerea","city":"Valencia"},"geometry":{"type":"MultiPolygon","coordinates":[[[[-0.37424,39.47354],[-0.37427,39.47315],[-0.37438,39.47289],[-0.37445,39.47274],[-0.37472,39.47284],[-0.37484,39.47288],[-0.37524,39.47301],[-0.37532,39.47287],[-0.37539,39.47278],[-0.37552,39.47258],[-0.37556,39.47228],[-0.37556,39.4721],[-0.37531,39.47136],[-0.37465,39.47186],[-0.37439,39.47194],[-0.37423,39.4719],[-0.37377,39.47186],[-0.37251,39.47151],[-0.37183,39.47147],[-0.37162,39.47235],[-0.3709,39.47224],[-0.37074,39.47283],[-0.37015,39.47269],[-0.36994,39.47228],[-0.36914,39.472],[-0.36896,39.47184],[-0.36828,39.47186],[-0.36805,39.47203],[-0.368,39.47225],[-0.36684,39.47273],[-0.36521,39.47347],[-0.36643,39.47499],[-0.36728,39.47606],[-0.36812,39.4771],[-0.3688,39.47754],[-0.36943,39.4779],[-0.36966,39.47804],[-0.36993,39.47819],[-0.37025,39.47839],[-0.37041,39.47848],[-0.37088,39.47771],[-0.37125,39.4771],[-0.37163,39.47675],[-0.37292,39.47694],[-0.37296,39.47682],[-0.37312,39.47663],[-0.37324,39.47628],[-0.37344,39.47631],[-0.37346,39.47589],[-0.37357,39.47549],[-0.37367,39.47536],[-0.37381,39.47539],[-0.37414,39.47485],[-0.37419,39.47473],[-0.37424,39.47452],[-0.37427,39.47446],[-0.37438,39.47435],[-0.37455,39.47401],[-0.3742,39.47391],[-0.37419,39.47354],[-0.37424,39.47354]]]]}}
]}
