{"type":"FeatureCollection","features":[
{"type":"Feature","properties":{"kind":"centro","city":"Madrid","name":"Centro de Madrid"},"geometry":{"type":"Point","coordinates":[-3.70379,40.41659]}},
{"type":"Feature","properties":{"kind":"metro","city":"Madrid"},"geometry":{"type":"Point","coordinates":[-3.64523,40.38977]}},
{"type":"Feature","properties":{"kind":"metro","city":"Madrid"},"geometry":{"type":"Point","coordinates":[-3.70332,40.45033]}},
{"type":"Feature","properties":{"kind":"metro","city":"Madrid"},"geometry":{"type":"Point","coordinates":[-3.69938,40.41246]}},
{"type":"Feature","properties":{"kind":"metro","city":"Madrid"},"geometry":{"type":"Point","coordinates":[-3.69249,40.40885]}},
{"type":"Feature","properties":{"kind":"metro","city":"Madrid"},"geometry":{"type":"Point","coordinates":[-3.67638,40.47681]}},
{"type":"Feature","properties":{"kind":"metro","city":"Madrid"},"geometry":{"type":"Point","coordinates":[-3.70219,40.42905]}},
{"type":"Feature","properties":{"kind":"metro","city":"Madrid"},"geometry":{"type":"Point","coordinates":[-3.65391,40.39156]}},
{"type":"Feature","properties":{"kind":"metro","city":"Madrid"},"geometry":{"type":"Point","coordinates":[-3.61885,40.37238]}},
{"type":"Feature","properties":{"kind":"metro","city":"Madrid"},"geometry":{"type":"Point","coordinates":[-3.70398,40.44697]}},
{"type":"Feature","properties":{"kind":"metro","city":"Madrid"},"geometry":{"type":"Point","coordinates":[-3.70303,40.45428]}},
{"type":"Feature","properties":{"kind":"metro","city":"Madrid"},"geometry":{"type":"Point","coordinates":[-3.70181,40.42001]}},
{"type":"Feature","properties":{"kind":"metro","city":"Madrid"},"geometry":{"type":"Point","coordinates":[-3.69898,40.43492]}},
{"type":"Feature","properties":{"kind":"metro","city":"Madrid"},"geometry":{"type":"Point","coordinates":[-3.61347,40.37018]}},
{"type":"Feature","properties":{"kind":"metro","city":"Madrid"},"geometry":{"type":"Point","coordinates":[-3.59953,40.36322]}},
{"type":"Feature","properties":{"kind":"metro","city":"Madrid"},"geometry":{"type":"Point","coordinates":[-3.68099,40.40445]}},
{"type":"Feature","properties":{"kind":"metro","city":"Madrid"},"geometry":{"type":"Point","coordinates":[-3.63951,40.38731]}},
{"type":"Feature","properties":{"kind":"metro","city":"Madrid"},"geometry":{"type":"Point","coordinates":[-3.66415,40.39554]}},
{"type":"Feature","properties":{"kind":"metro","city":"Madrid"},"geometry":{"type":"Point","coordinates":[-3.67514,40.40126]}},
{"type":"Feature","properties":{"kind":"metro","city":"Madrid"},"geometry":{"type":"Point","coordinates":[-3.66681,40.48013]}},
{"type":"Feature","properties":{"kind":"metro","city":"Madrid"},"geometry":{"type":"Point","coordinates":[-3.68918,40.46689]}},
{"type":"Feature","properties":{"kind":"metro","city":"Madrid"},"geometry":{"type":"Point","coordinates":[-3.65869,40.39266]}},
{"type":"Feature","properties":{"kind":"metro","city":"Madrid"},"geometry":{"type":"Point","coordinates":[-3.66906,40.39819]}},
{"type":"Feature","properties":{"kind":"metro","city":"Madrid"},"geometry":{"type":"Point","coordinates":[-3.70133,40.44197]}},
{"type":"Feature","properties":{"kind":"metro","city":"Madrid"},"geometry":{"type":"Point","coordinates":[-3.62472,40.38216]}},
{"type":"Feature","properties":{"kind":"metro","city":"Madrid"},"geometry":{"type":"Point","coordinates":[-3.69826,40.46055]}},
{"type":"Feature","properties":{"kind":"metro","city":"Madrid"},"geometry":{"type":"Point","coordinates":[-3.70467,40.41234]}},
{"type":"Feature","properties":{"kind":"metro","city":"Madrid"},"geometry":{"type":"Point","coordinates":[-3.70111,40.42618]}},
{"type":"Feature","properties":{"kind":"metro","city":"Madrid"},"geometry":{"type":"Point","coordinates":[-3.69507,40.46442]}},
{"type":"Feature","properties":{"kind":"metro","city":"Madrid"},"geometry":{"type":"Point","coordinates":[-3.59317,40.36007]}},
{"type":"Feature","properties":{"kind":"metro","city":"Madrid"},"geometry":{"type":"Point","coordinates":[-3.62131,40.37959]}},
{"type":"Feature","properties":{"kind":"metro","city":"Madrid"},"geometry":{"type":"Point","coordinates":[-3.78393,40.38363]}},
{"type":"Feature","properties":{"kind":"metro","city":"Madrid"},"geometry":{"type":"Point","coordinates":[-3.75312,40.40786]}},
{"type":"Feature","properties":{"kind":"metro","city":"Madrid"},"geometry":{"type":"Point","coordinates":[-3.68585,40.48041]}},
{"type":"Feature","properties":{"kind":"metro","city":"Madrid"},"geometry":{"type":"Point","coordinates":[-3.77462,40.39697]}},
{"type":"Feature","properties":{"kind":"metro","city":"Madrid"},"geometry":{"type":"Point","coordinates":[-3.79153,40.3777]}},
{"type":"Feature","properties":{"kind":"metro","city":"Madrid"},"geometry":{"type":"Point","coordinates":[-3.68986,40.45842]}},
{"type":"Feature","properties":{"kind":"metro","city":"Madrid"},"geometry":{"type":"Point","coordinates":[-3.69283,40.49508]}},
{"type":"Feature","properties":{"kind":"metro","city":"Madrid"},"geometry":{"type":"Point","coordinates":[-3.8072,40.34984]}},
{"type":"Feature","properties":{"kind":"metro","city":"Madrid"},"geometry":{"type":"Point","coordinates":[-3.73564,40.41641]}},
{"type":"Feature","properties":{"kind":"metro","city":"Madrid"},"geometry":{"type":"Point","coordinates":[-3.7097,40.42408]}},
{"type":"Feature","properties":{"kind":"metro","city":"Madrid"},"geometry":{"type":"Point","coordinates":[-3.6904,40.45214]}},
{"type":"Feature","properties":{"kind":"metro","city":"Madrid"},"geometry":{"type":"Point","coordinates":[-3.69521,40.5012]}},
{"type":"Feature","properties":{"kind":"metro","city":"Madrid"},"geometry":{"type":"Point","coordinates":[-3.63513,40.55442]}},
{"type":"Feature","properties":{"kind":"metro","city":"Madrid"},"geometry":{"type":"Point","coordinates":[-3.61147,40.55976]}},
{"type":"Feature","properties":{"kind":"metro","city":"Madrid"},"geometry":{"type":"Point","coordinates":[-3.6586,40.52759]}},
{"type":"Feature","properties":{"kind":"metro","city":"Madrid"},"geometry":{"type":"Point","coordinates":[-3.63557,40.53195]}},
{"type":"Feature","properties":{"kind":"metro","city":"Madrid"},"geometry":{"type":"Point","coordinates":[-3.66945,40.50832]}},
{"type":"Feature","properties":{"kind":"metro","city":"Madrid"},"geometry":{"type":"Point","coordinates":[-3.64688,40.55048]}},
{"type":"Feature","properties":{"kind":"metro","city":"Madrid"},"geometry":{"type":"Point","coordinates":[-3.63739,40.54102]}},
{"type":"Feature","properties":{"kind":"metro","city":"Madrid"},"geometry":{"type":"Point","coordinates":[-3.69576,40.50525]}},
{"type":"Feature","properties":{"kind":"metro","city":"Madrid"},"geometry":{"type":"Point","coordinates":[-3.6234,40.55037]}},
{"type":"Feature","properties":{"kind":"metro","city":"Madrid"},"geometry":{"type":"Point","coordinates":[-3.66265,40.51553]}},
{"type":"Feature","properties":{"kind":"metro","city":"Madrid"},"geometry":{"type":"Point","coordinates":[-3.72791,40.38083]}},
{"type":"Feature","properties":{"kind":"metro","city":"Madrid"},"geometry":{"type":"Point","coordinates":[-3.75192,40.372]}},
{"type":"Feature","properties":{"kind":"metro","city":"Madrid"},"geometry":{"type":"Point","coordinates":[-3.77783,40.35795]}},
{"type":"Feature","properties":{"kind":"metro","city":"Madrid"},"geometry":{"type":"Point","coordinates":[-3.75691,40.36422]}},
{"type":"Feature","properties":{"kind":"metro","city":"Madrid"},"geometry":{"type":"Point","coordinates":[-3.73417,40.37586]}},
{"type":"Feature","properties":{"kind":"metro","city":"Madrid"},"geometry":{"type":"Point","coordinates":[-3.73911,40.37359]}},
{"type":"Feature","properties":{"kind":"metro","city":"Madrid"},"geometry":{"type":"Point","coordinates":[-3.83178,40.35008]}},
{"type":"Feature","properties":{"kind":"metro","city":"Madrid"},"geometry":{"type":"Point","coordinates":[-3.73664,40.30081]}},
{"type":"Feature","properties":{"kind":"metro","city":"Madrid"},"geometry":{"type":"Point","coordinates":[-3.75683,40.28874]}},
{"type":"Feature","properties":{"kind":"metro","city":"Madrid"},"geometry":{"type":"Point","coordinates":[-3.75943,40.3266]}},
{"type":"Feature","properties":{"kind":"metro","city":"Madrid"},"geometry":{"type":"Point","coordinates":[-3.74577,40.29324]}},
{"type":"Feature","properties":{"kind":"metro","city":"Madrid"},"geometry":{"type":"Point","coordinates":[-3.72964,40.32907]}},
{"type":"Feature","properties":{"kind":"metro","city":"Madrid"},"geometry":{"type":"Point","coordinates":[-3.74019,40.33663]}},
{"type":"Feature","properties":{"kind":"metro","city":"Madrid"},"geometry":{"type":"Point","coordinates":[-3.70986,40.31862]}},
{"type":"Feature","properties":{"kind":"metro","city":"Madrid"},"geometry":{"type":"Point","coordinates":[-3.79891,40.28267]}},
{"type":"Feature","properties":{"kind":"metro","city":"Madrid"},"geometry":{"type":"Point","coordinates":[-3.73403,40.30992]}},
{"type":"Feature","properties":{"kind":"metro","city":"Madrid"},"geometry":{"type":"Point","coordinates":[-3.81643,40.28575]}},
{"type":"Feature","properties":{"kind":"metro","city":"Madrid"},"geometry":{"type":"Point","coordinates":[-3.87472,40.31652]}},
{"type":"Feature","properties":{"kind":"metro","city":"Madrid"},"geometry":{"type":"Point","coordinates":[-3.76798,40.32177]}},
{"type":"Feature","properties":{"kind":"metro","city":"Madrid"},"geometry":{"type":"Point","coordinates":[-3.72225,40.3118]}},
{"type":"Feature","properties":{"kind":"metro","city":"Madrid"},"geometry":{"type":"Point","coordinates":[-3.75267,40.33474]}},
{"type":"Feature","properties":{"kind":"metro","city":"Madrid"},"geometry":{"type":"Point","coordinates":[-3.77154,40.32898]}},
{"type":"Feature","properties":{"kind":"metro","city":"Madrid"},"geometry":{"type":"Point","coordinates":[-3.83769,40.2968]}},
{"type":"Feature","properties":{"kind":"metro","city":"Madrid"},"geometry":{"type":"Point","coordinates":[-3.7182,40.32422]}},
{"type":"Feature","properties":{"kind":"metro","city":"Madrid"},"geometry":{"type":"Point","coordinates":[-3.86403,40.30902]}},
{"type":"Feature","properties":{"kind":"metro","city":"Madrid"},"geometry":{"type":"Point","coordinates":[-3.86355,40.3285]}},
{"type":"Feature","properties":{"kind":"metro","city":"Madrid"},"geometry":{"type":"Point","coordinates":[-3.78698,40.28684]}},
{"type":"Feature","properties":{"kind":"metro","city":"Madrid"},"geometry":{"type":"Point","coordinates":[-3.80633,40.28517]}},
{"type":"Feature","properties":{"kind":"metro","city":"Madrid"},"geometry":{"type":"Point","coordinates":[-3.8212,40.34968]}},
{"type":"Feature","properties":{"kind":"metro","city":"Madrid"},"geometry":{"type":"Point","coordinates":[-3.84934,40.34589]}},
{"type":"Feature","properties":{"kind":"metro","city":"Madrid"},"geometry":{"type":"Point","coordinates":[-3.86489,40.32168]}},
{"type":"Feature","properties":{"kind":"metro","city":"Madrid"},"geometry":{"type":"Point","coordinates":[-3.8125,40.34543]}},
{"type":"Feature","properties":{"kind":"metro","city":"Madrid"},"geometry":{"type":"Point","coordinates":[-3.77588,40.33615]}},
{"type":"Feature","properties":{"kind":"metro","city":"Madrid"},"geometry":{"type":"Point","coordinates":[-3.87219,40.33512]}},
{"type":"Feature","properties":{"kind":"metro","city":"Madrid"},"geometry":{"type":"Point","coordinates":[-3.62351,40.41828]}},
{"type":"Feature","properties":{"kind":"metro","city":"Madrid"},"geometry":{"type":"Point","coordinates":[-3.61207,40.42239]}},
{"type":"Feature","properties":{"kind":"metro","city":"Madrid"},"geometry":{"type":"Point","coordinates":[-3.69497,40.41922]}},
{"type":"Feature","properties":{"kind":"metro","city":"Madrid"},"geometry":{"type":"Point","coordinates":[-3.70434,40.43841]}},
{"type":"Feature","properties":{"kind":"metro","city":"Madrid"},"geometry":{"type":"Point","coordinates":[-3.67591,40.42454]}},
{"type":"Feature","properties":{"kind":"metro","city":"Madrid"},"geometry":{"type":"Point","coordinates":[-3.63915,40.42361]}},
{"type":"Feature","properties":{"kind":"metro","city":"Madrid"},"geometry":{"type":"Point","coordinates":[-3.65053,40.42661]}},
{"type":"Feature","properties":{"kind":"metro","city":"Madrid"},"geometry":{"type":"Point","coordinates":[-3.60331,40.42374]}},
{"type":"Feature","properties":{"kind":"metro","city":"Madrid"},"geometry":{"type":"Point","coordinates":[-3.66926,40.4279]}},
{"type":"Feature","properties":{"kind":"metro","city":"Madrid"},"geometry":{"type":"Point","coordinates":[-3.70743,40.42484]}},
{"type":"Feature","properties":{"kind":"metro","city":"Madrid"},"geometry":{"type":"Point","coordinates":[-3.70943,40.41809]}},
{"type":"Feature","properties":{"kind":"metro","city":"Madrid"},"geometry":{"type":"Point","coordinates":[-3.68013,40.42294]}},
{"type":"Feature","properties":{"kind":"metro","city":"Madrid"},"geometry":{"type":"Point","coordinates":[-3.70434,40.43322]}},
{"type":"Feature","properties":{"kind":"metro","city":"Madrid"},"geometry":{"type":"Point","coordinates":[-3.68583,40.4208]}},
{"type":"Feature","properties":{"kind":"metro","city":"Madrid"},"geometry":{"type":"Point","coordinates":[-3.70797,40.42131]}},
{"type":"Feature","properties":{"kind":"metro","city":"Madrid"},"geometry":{"type":"Point","coordinates":[-3.69926,40.41805]}},
{"type":"Feature","properties":{"kind":"metro","city":"Madrid"},"geometry":{"type":"Point","coordinates":[-3.66367,40.43088]}},
{"type":"Feature","properties":{"kind":"metro","city":"Madrid"},"geometry":{"type":"Point","coordinates":[-3.69789,40.38409]}},
{"type":"Feature","properties":{"kind":"metro","city":"Madrid"},"geometry":{"type":"Point","coordinates":[-3.71598,40.43066]}},
{"type":"Feature","properties":{"kind":"metro","city":"Madrid"},"geometry":{"type":"Point","coordinates":[-3.70567,40.42013]}},
{"type":"Feature","properties":{"kind":"metro","city":"Madrid"},"geometry":{"type":"Point","coordinates":[-3.69364,40.35958]}},
{"type":"Feature","properties":{"kind":"metro","city":"Madrid"},"geometry":{"type":"Point","coordinates":[-3.70268,40.40512]}},
{"type":"Feature","properties":{"kind":"metro","city":"Madrid"},"geometry":{"type":"Point","coordinates":[-3.69586,40.37502]}},
{"type":"Feature","properties":{"kind":"metro","city":"Madrid"},"geometry":{"type":"Point","coordinates":[-3.70091,40.40851]}},
{"type":"Feature","properties":{"kind":"metro","city":"Madrid"},"geometry":{"type":"Point","coordinates":[-3.69513,40.39115]}},
{"type":"Feature","properties":{"kind":"metro","city":"Madrid"},"geometry":{"type":"Point","coordinates":[-3.71945,40.43502]}},
{"type":"Feature","properties":{"kind":"metro","city":"Madrid"},"geometry":{"type":"Point","coordinates":[-3.69423,40.40307]}},
{"type":"Feature","properties":{"kind":"metro","city":"Madrid"},"geometry":{"type":"Point","coordinates":[-3.71121,40.42341]}},
{"type":"Feature","properties":{"kind":"metro","city":"Madrid"},"geometry":{"type":"Point","coordinates":[-3.69319,40.34154]}},
{"type":"Feature","properties":{"kind":"metro","city":"Madrid"},"geometry":{"type":"Point","coordinates":[-3.69418,40.36999]}},
{"type":"Feature","properties":{"kind":"metro","city":"Madrid"},"geometry":{"type":"Point","coordinates":[-3.71341,40.42708]}},
{"type":"Feature","properties":{"kind":"metro","city":"Madrid"},"geometry":{"type":"Point","coordinates":[-3.71199,40.34122]}},
{"type":"Feature","properties":{"kind":"metro","city":"Madrid"},"geometry":{"type":"Point","coordinates":[-3.69265,40.35089]}},
{"type":"Feature","properties":{"kind":"metro","city":"Madrid"},"geometry":{"type":"Point","coordinates":[-3.66792,40.44824]}},
{"type":"Feature","properties":{"kind":"metro","city":"Madrid"},"geometry":{"type":"Point","coordinates":[-3.71596,40.4306]}},
{"type":"Feature","properties":{"kind":"metro","city":"Madrid"},"geometry":{"type":"Point","coordinates":[-3.65619,40.45582]}},
{"type":"Feature","properties":{"kind":"metro","city":"Madrid"},"geometry":{"type":"Point","coordinates":[-3.67665,40.43803]}},
{"type":"Feature","properties":{"kind":"metro","city":"Madrid"},"geometry":{"type":"Point","coordinates":[-3.66119,40.45353]}},
{"type":"Feature","properties":{"kind":"metro","city":"Madrid"},"geometry":{"type":"Point","coordinates":[-3.6356,40.4638]}},
{"type":"Feature","properties":{"kind":"metro","city":"Madrid"},"geometry":{"type":"Point","coordinates":[-3.69101,40.42541]}},
{"type":"Feature","properties":{"kind":"metro","city":"Madrid"},"geometry":{"type":"Point","coordinates":[-3.67496,40.43467]}},
{"type":"Feature","properties":{"kind":"metro","city":"Madrid"},"geometry":{"type":"Point","coordinates":[-3.64582,40.45944]}},
{"type":"Feature","properties":{"kind":"metro","city":"Madrid"},"geometry":{"type":"Point","coordinates":[-3.65258,40.47537]}},
{"type":"Feature","properties":{"kind":"metro","city":"Madrid"},"geometry":{"type":"Point","coordinates":[-3.67542,40.42916]}},
{"type":"Feature","properties":{"kind":"metro","city":"Madrid"},"geometry":{"type":"Point","coordinates":[-3.66291,40.47687]}},
{"type":"Feature","properties":{"kind":"metro","city":"Madrid"},"geometry":{"type":"Point","coordinates":[-3.63833,40.46942]}},
{"type":"Feature","properties":{"kind":"metro","city":"Madrid"},"geometry":{"type":"Point","coordinates":[-3.64525,40.47711]}},
{"type":"Feature","properties":{"kind":"metro","city":"Madrid"},"geometry":{"type":"Point","coordinates":[-3.67482,40.44419]}},
{"type":"Feature","properties":{"kind":"metro","city":"Madrid"},"geometry":{"type":"Point","coordinates":[-3.70568,40.42966]}},
{"type":"Feature","properties":{"kind":"metro","city":"Madrid"},"geometry":{"type":"Point","coordinates":[-3.63958,40.47447]}},
{"type":"Feature","properties":{"kind":"metro","city":"Madrid"},"geometry":{"type":"Point","coordinates":[-3.68664,40.42543]}},
{"type":"Feature","properties":{"kind":"metro","city":"Madrid"},"geometry":{"type":"Point","coordinates":[-3.68292,40.42503]}},
{"type":"Feature","properties":{"kind":"metro","city":"Madrid"},"geometry":{"type":"Point","coordinates":[-3.70665,40.40387]}},
{"type":"Feature","properties":{"kind":"metro","city":"Madrid"},"geometry":{"type":"Point","coordinates":[-3.58753,40.45779]}},
{"type":"Feature","properties":{"kind":"metro","city":"Madrid"},"geometry":{"type":"Point","coordinates":[-3.69563,40.42776]}},
{"type":"Feature","properties":{"kind":"metro","city":"Madrid"},"geometry":{"type":"Point","coordinates":[-3.76081,40.38562]}},
{"type":"Feature","properties":{"kind":"metro","city":"Madrid"},"geometry":{"type":"Point","coordinates":[-3.76814,40.3948]}},
{"type":"Feature","properties":{"kind":"metro","city":"Madrid"},"geometry":{"type":"Point","coordinates":[-3.60816,40.44942]}},
{"type":"Feature","properties":{"kind":"metro","city":"Madrid"},"geometry":{"type":"Point","coordinates":[-3.74488,40.38782]}},
{"type":"Feature","properties":{"kind":"metro","city":"Madrid"},"geometry":{"type":"Point","coordinates":[-3.76102,40.40324]}},
{"type":"Feature","properties":{"kind":"metro","city":"Madrid"},"geometry":{"type":"Point","coordinates":[-3.69766,40.42261]}},
{"type":"Feature","properties":{"kind":"metro","city":"Madrid"},"geometry":{"type":"Point","coordinates":[-3.63816,40.43804]}},
{"type":"Feature","properties":{"kind":"metro","city":"Madrid"},"geometry":{"type":"Point","coordinates":[-3.6749,40.43242]}},
{"type":"Feature","properties":{"kind":"metro","city":"Madrid"},"geometry":{"type":"Point","coordinates":[-3.59401,40.45347]}},
{"type":"Feature","properties":{"kind":"metro","city":"Madrid"},"geometry":{"type":"Point","coordinates":[-3.65758,40.43189]}},
{"type":"Feature","properties":{"kind":"metro","city":"Madrid"},"geometry":{"type":"Point","coordinates":[-3.76535,40.39057]}},
{"type":"Feature","properties":{"kind":"metro","city":"Madrid"},"geometry":{"type":"Point","coordinates":[-3.75122,40.38438]}},
{"type":"Feature","properties":{"kind":"metro","city":"Madrid"},"geometry":{"type":"Point","coordinates":[-3.70817,40.41127]}},
{"type":"Feature","properties":{"kind":"metro","city":"Madrid"},"geometry":{"type":"Point","coordinates":[-3.71596,40.39735]}},
{"type":"Feature","properties":{"kind":"metro","city":"Madrid"},"geometry":{"type":"Point","coordinates":[-3.68259,40.43278]}},
{"type":"Feature","properties":{"kind":"metro","city":"Madrid"},"geometry":{"type":"Point","coordinates":[-3.73133,40.38846]}},
{"type":"Feature","properties":{"kind":"metro","city":"Madrid"},"geometry":{"type":"Point","coordinates":[-3.64283,40.43569]}},
{"type":"Feature","properties":{"kind":"metro","city":"Madrid"},"geometry":{"type":"Point","coordinates":[-3.71106,40.40703]}},
{"type":"Feature","properties":{"kind":"metro","city":"Madrid"},"geometry":{"type":"Point","coordinates":[-3.64737,40.43358]}},
{"type":"Feature","properties":{"kind":"metro","city":"Madrid"},"geometry":{"type":"Point","coordinates":[-3.68955,40.43315]}},
{"type":"Feature","properties":{"kind":"metro","city":"Madrid"},"geometry":{"type":"Point","coordinates":[-3.62685,40.44084]}},
{"type":"Feature","properties":{"kind":"metro","city":"Madrid"},"geometry":{"type":"Point","coordinates":[-3.617,40.44374]}},
{"type":"Feature","properties":{"kind":"metro","city":"Madrid"},"geometry":{"type":"Point","coordinates":[-3.72362,40.39335]}},
{"type":"Feature","properties":{"kind":"metro","city":"Madrid"},"geometry":{"type":"Point","coordinates":[-3.73983,40.38884]}},
{"type":"Feature","properties":{"kind":"metro","city":"Madrid"},"geometry":{"type":"Point","coordinates":[-3.73894,40.40992]}},
{"type":"Feature","properties":{"kind":"metro","city":"Madrid"},"geometry":{"type":"Point","coordinates":[-3.68864,40.39309]}},
{"type":"Feature","properties":{"kind":"metro","city":"Madrid"},"geometry":{"type":"Point","coordinates":[-3.741,40.3927]}},
{"type":"Feature","properties":{"kind":"metro","city":"Madrid"},"geometry":{"type":"Point","coordinates":[-3.7268,40.44356]}},
{"type":"Feature","properties":{"kind":"metro","city":"Madrid"},"geometry":{"type":"Point","coordinates":[-3.67041,40.40697]}},
{"type":"Feature","properties":{"kind":"metro","city":"Madrid"},"geometry":{"type":"Point","coordinates":[-3.67329,40.43323]}},
{"type":"Feature","properties":{"kind":"metro","city":"Madrid"},"geometry":{"type":"Point","coordinates":[-3.7123,40.44636]}},
{"type":"Feature","properties":{"kind":"metro","city":"Madrid"},"geometry":{"type":"Point","coordinates":[-3.7443,40.39923]}},
{"type":"Feature","properties":{"kind":"metro","city":"Madrid"},"geometry":{"type":"Point","coordinates":[-3.69505,40.39116]}},
{"type":"Feature","properties":{"kind":"metro","city":"Madrid"},"geometry":{"type":"Point","coordinates":[-3.74534,40.40509]}},
{"type":"Feature","properties":{"kind":"metro","city":"Madrid"},"geometry":{"type":"Point","coordinates":[-3.71809,40.44658]}},
{"type":"Feature","properties":{"kind":"metro","city":"Madrid"},"geometry":{"type":"Point","coordinates":[-3.6686,40.42289]}},
{"type":"Feature","properties":{"kind":"metro","city":"Madrid"},"geometry":{"type":"Point","coordinates":[-3.72313,40.3869]}},
{"type":"Feature","properties":{"kind":"metro","city":"Madrid"},"geometry":{"type":"Point","coordinates":[-3.67386,40.40206]}},
{"type":"Feature","properties":{"kind":"metro","city":"Madrid"},"geometry":{"type":"Point","coordinates":[-3.71837,40.3846]}},
{"type":"Feature","properties":{"kind":"metro","city":"Madrid"},"geometry":{"type":"Point","coordinates":[-3.72724,40.41389]}},
{"type":"Feature","properties":{"kind":"metro","city":"Madrid"},"geometry":{"type":"Point","coordinates":[-3.68406,40.44379]}},
{"type":"Feature","properties":{"kind":"metro","city":"Madrid"},"geometry":{"type":"Point","coordinates":[-3.66952,40.41506]}},
{"type":"Feature","properties":{"kind":"metro","city":"Madrid"},"geometry":{"type":"Point","coordinates":[-3.7069,40.38709]}},
{"type":"Feature","properties":{"kind":"metro","city":"Madrid"},"geometry":{"type":"Point","coordinates":[-3.69926,40.43837]}},
{"type":"Feature","properties":{"kind":"metro","city":"Madrid"},"geometry":{"type":"Point","coordinates":[-3.7177,40.47022]}},
{"type":"Feature","properties":{"kind":"metro","city":"Madrid"},"geometry":{"type":"Point","coordinates":[-3.64106,40.4302]}},
{"type":"Feature","properties":{"kind":"metro","city":"Madrid"},"geometry":{"type":"Point","coordinates":[-3.71841,40.48009]}},
{"type":"Feature","properties":{"kind":"metro","city":"Madrid"},"geometry":{"type":"Point","coordinates":[-3.652,40.43909]}},
{"type":"Feature","properties":{"kind":"metro","city":"Madrid"},"geometry":{"type":"Point","coordinates":[-3.67216,40.43934]}},
{"type":"Feature","properties":{"kind":"metro","city":"Madrid"},"geometry":{"type":"Point","coordinates":[-3.60016,40.43339]}},
{"type":"Feature","properties":{"kind":"metro","city":"Madrid"},"geometry":{"type":"Point","coordinates":[-3.71239,40.45647]}},
{"type":"Feature","properties":{"kind":"metro","city":"Madrid"},"geometry":{"type":"Point","coordinates":[-3.63331,40.42842]}},
{"type":"Feature","properties":{"kind":"metro","city":"Madrid"},"geometry":{"type":"Point","coordinates":[-3.6915,40.43825]}},
{"type":"Feature","properties":{"kind":"metro","city":"Madrid"},"geometry":{"type":"Point","coordinates":[-3.71374,40.43906]}},
{"type":"Feature","properties":{"kind":"metro","city":"Madrid"},"geometry":{"type":"Point","coordinates":[-3.72305,40.48503]}},
{"type":"Feature","properties":{"kind":"metro","city":"Madrid"},"geometry":{"type":"Point","coordinates":[-3.60789,40.43298]}},
{"type":"Feature","properties":{"kind":"metro","city":"Madrid"},"geometry":{"type":"Point","coordinates":[-3.66297,40.43944]}},
{"type":"Feature","properties":{"kind":"metro","city":"Madrid"},"geometry":{"type":"Point","coordinates":[-3.71583,40.47592]}},
{"type":"Feature","properties":{"kind":"metro","city":"Madrid"},"geometry":{"type":"Point","coordinates":[-3.7259,40.4951]}},
{"type":"Feature","properties":{"kind":"metro","city":"Madrid"},"geometry":{"type":"Point","coordinates":[-3.61547,40.42799]}},
{"type":"Feature","properties":{"kind":"metro","city":"Madrid"},"geometry":{"type":"Point","coordinates":[-3.62573,40.42798]}},
{"type":"Feature","properties":{"kind":"metro","city":"Madrid"},"geometry":{"type":"Point","coordinates":[-3.71598,40.46482]}},
{"type":"Feature","properties":{"kind":"metro","city":"Madrid"},"geometry":{"type":"Point","coordinates":[-3.5692,40.42249]}},
{"type":"Feature","properties":{"kind":"metro","city":"Madrid"},"geometry":{"type":"Point","coordinates":[-3.56119,40.42373]}},
{"type":"Feature","properties":{"kind":"metro","city":"Madrid"},"geometry":{"type":"Point","coordinates":[-3.52718,40.41776]}},
{"type":"Feature","properties":{"kind":"metro","city":"Madrid"},"geometry":{"type":"Point","coordinates":[-3.53454,40.4176]}},
{"type":"Feature","properties":{"kind":"metro","city":"Madrid"},"geometry":{"type":"Point","coordinates":[-3.5255,40.42295]}},
{"type":"Feature","properties":{"kind":"metro","city":"Madrid"},"geometry":{"type":"Point","coordinates":[-3.54793,40.42514]}},
{"type":"Feature","properties":{"kind":"metro","city":"Madrid"},"geometry":{"type":"Point","coordinates":[-3.53542,40.42441]}},
{"type":"Feature","properties":{"kind":"metro","city":"Madrid"},"geometry":{"type":"Point","coordinates":[-3.56954,40.46864]}},
{"type":"Feature","properties":{"kind":"metro","city":"Madrid"},"geometry":{"type":"Point","coordinates":[-3.59325,40.49176]}},
{"type":"Feature","properties":{"kind":"metro","city":"Madrid"},"geometry":{"type":"Point","coordinates":[-3.58253,40.47577]}},
{"type":"Feature","properties":{"kind":"metro","city":"Madrid"},"geometry":{"type":"Point","coordinates":[-3.61621,40.46389]}},
{"type":"Feature","properties":{"kind":"metro","city":"Madrid"},"geometry":{"type":"Point","coordinates":[-3.67705,40.45659]}},
{"type":"Feature","properties":{"kind":"metro","city":"Madrid"},"geometry":{"type":"Point","coordinates":[-3.64867,40.46799]}},
{"type":"Feature","properties":{"kind":"metro","city":"Madrid"},"geometry":{"type":"Point","coordinates":[-3.64181,40.40522]}},
{"type":"Feature","properties":{"kind":"metro","city":"Madrid"},"geometry":{"type":"Point","coordinates":[-3.70317,40.47688]}},
{"type":"Feature","properties":{"kind":"metro","city":"Madrid"},"geometry":{"type":"Point","coordinates":[-3.67685,40.45795]}},
{"type":"Feature","properties":{"kind":"metro","city":"Madrid"},"geometry":{"type":"Point","coordinates":[-3.67763,40.45044]}},
{"type":"Feature","properties":{"kind":"metro","city":"Madrid"},"geometry":{"type":"Point","coordinates":[-3.67822,40.44426]}},
{"type":"Feature","properties":{"kind":"metro","city":"Madrid"},"geometry":{"type":"Point","coordinates":[-3.67918,40.46762]}},
{"type":"Feature","properties":{"kind":"metro","city":"Madrid"},"geometry":{"type":"Point","coordinates":[-3.66179,40.41147]}},
{"type":"Feature","properties":{"kind":"metro","city":"Madrid"},"geometry":{"type":"Point","coordinates":[-3.70752,40.48466]}},
{"type":"Feature","properties":{"kind":"metro","city":"Madrid"},"geometry":{"type":"Point","coordinates":[-3.67859,40.41839]}},
{"type":"Feature","properties":{"kind":"metro","city":"Madrid"},"geometry":{"type":"Point","coordinates":[-3.71636,40.49109]}},
{"type":"Feature","properties":{"kind":"metro","city":"Madrid"},"geometry":{"type":"Point","coordinates":[-3.67938,40.42978]}},
{"type":"Feature","properties":{"kind":"metro","city":"Madrid"},"geometry":{"type":"Point","coordinates":[-3.63512,40.40051]}},
{"type":"Feature","properties":{"kind":"metro","city":"Madrid"},"geometry":{"type":"Point","coordinates":[-3.6758,40.463]}},
{"type":"Feature","properties":{"kind":"metro","city":"Madrid"},"geometry":{"type":"Point","coordinates":[-3.59598,40.40131]}},
{"type":"Feature","properties":{"kind":"metro","city":"Madrid"},"geometry":{"type":"Point","coordinates":[-3.6024,40.40381]}},
{"type":"Feature","properties":{"kind":"metro","city":"Madrid"},"geometry":{"type":"Point","coordinates":[-3.62157,40.40004]}},
{"type":"Feature","properties":{"kind":"metro","city":"Madrid"},"geometry":{"type":"Point","coordinates":[-3.69588,40.46943]}},
{"type":"Feature","properties":{"kind":"metro","city":"Madrid"},"geometry":{"type":"Point","coordinates":[-3.60887,40.40421]}},
{"type":"Feature","properties":{"kind":"metro","city":"Madrid"},"geometry":{"type":"Point","coordinates":[-3.65274,40.41024]}},
{"type":"Feature","properties":{"kind":"metro","city":"Madrid"},"geometry":{"type":"Point","coordinates":[-3.44753,40.30366]}},
{"type":"Feature","properties":{"kind":"metro","city":"Madrid"},"geometry":{"type":"Point","coordinates":[-3.47745,40.31901]}},
{"type":"Feature","properties":{"kind":"metro","city":"Madrid"},"geometry":{"type":"Point","coordinates":[-3.5248,40.34134]}},
{"type":"Feature","properties":{"kind":"metro","city":"Madrid"},"geometry":{"type":"Point","coordinates":[-3.54728,40.36677]}},
{"type":"Feature","properties":{"kind":"metro","city":"Madrid"},"geometry":{"type":"Point","coordinates":[-3.5206,40.32837]}},
{"type":"Feature","properties":{"kind":"calle","city":"Madrid","name":"Paseo de la Castellana"},"geometry":{"type":"LineString","coordinates":[[-3.69505,40.39092],[-3.69503,40.39119],[-3.69498,40.39152],[-3.69494,40.39183],[-3.6949,40.39227],[-3.69487,40.39273],[-3.69481,40.39319],[-3.69475,40.39372],[-3.69467,40.39428],[-3.69464,40.39481],[-3.69458,40.39535],[-3.6945,40.39593],[-3.69444,40.3966],[-3.69437,40.39727],[-3.6943,40.3979],[-3.69422,40.39852],[-3.69417,40.39915],[-3.69409,40.3997],[-3.69405,40.40025],[-3.69398,40.40075],[-3.69393,40.4013],[-3.69387,40.40188],[-3.69379,40.40256],[-3.69373,40.40317],[-3.69364,40.40379],[-3.6936,40.40435],[-3.69353,40.40494],[-3.69347,40.40553],[-3.6934,40.40612],[-3.69335,40.40666],[-3.69321,40.40718],[-3.69285,40.40755],[-3.69243,40.40798],[-3.69201,40.40841],[-3.69182,40.40883],[-3.69196,40.40927],[-3.69213,40.40968],[-3.69231,40.41015],[-3.69246,40.4106],[-3.69261,40.41098],[-3.69275,40.41136],[-3.69289,40.41176],[-3.69304,40.41218],[-3.6932,40.4126],[-3.69335,40.41303],[-3.6935,40.41341],[-3.69362,40.41374],[-3.69373,40.41405],[-3.69385,40.41436],[-3.69396,40.41467],[-3.69404,40.41489],[-3.69412,40.4151],[-3.69412,40.41531],[-3.69402,40.41564],[-3.6939,40.4161],[-3.69376,40.41655],[-3.69363,40.417],[-3.69349,40.41748],[-3.69338,40.41788],[-3.69325,40.41831],[-3.69312,40.41876],[-3.69298,40.41927],[-3.69279,40.41975],[-3.69257,40.42028],[-3.69233,40.42083],[-3.69208,40.42142],[-3.69181,40.42206],[-3.69156,40.42263],[-3.69137,40.42312],[-3.69114,40.42364],[-3.69089,40.42421],[-3.69073,40.42484],[-3.69053,40.42555],[-3.69035,40.42627],[-3.69017,40.42694],[-3.68997,40.42769],[-3.68979,40.4284],[-3.68962,40.42903],[-3.68945,40.42973],[-3.68929,40.43034],[-3.68911,40.43102],[-3.68893,40.43174],[-3.68876,40.43237],[-3.68859,40.43295],[-3.68855,40.43355],[-3.68863,40.43409],[-3.68876,40.43471],[-3.689,40.43531],[-3.6893,40.43579],[-3.6896,40.43625],[-3.6899,40.43674],[-3.69016,40.43716],[-3.69048,40.43767],[-3.69078,40.43814],[-3.6911,40.43868],[-3.69142,40.43923],[-3.69174,40.43976],[-3.69172,40.44028],[-3.69168,40.44095],[-3.69164,40.4417],[-3.69159,40.44247],[-3.69155,40.4432],[-3.69151,40.44392],[-3.69147,40.44467],[-3.69142,40.44546],[-3.69133,40.44639],[-3.69123,40.44716],[-3.69114,40.44792],[-3.69105,40.44865],[-3.69095,40.44938],[-3.69088,40.45015],[-3.69078,40.45093],[-3.69068,40.45178],[-3.69055,40.45279],[-3.69045,40.4537],[-3.69033,40.45471],[-3.69021,40.45572],[-3.69008,40.45676],[-3.68995,40.45774],[-3.68985,40.45867],[-3.68975,40.45942],[-3.68964,40.46025],[-3.68956,40.46106],[-3.68948,40.46178],[-3.68937,40.46259],[-3.6893,40.46332],[-3.6892,40.46403],[-3.68912,40.46468],[-3.68903,40.46538],[-3.68894,40.46614],[-3.68885,40.46697],[-3.6887,40.4676],[-3.68847,40.4683],[-3.68825,40.46902],[-3.68806,40.4697],[-3.68786,40.47041],[-3.68767,40.4711],[-3.68747,40.4718],[-3.6873,40.47247],[-3.68708,40.47313],[-3.68691,40.47386],[-3.68669,40.47456],[-3.68649,40.47524],[-3.68632,40.4759],[-3.68612,40.47656],[-3.68595,40.47718],[-3.68578,40.47777],[-3.68561,40.47834],[-3.68544,40.47892],[-3.68526,40.4795],[-3.68509,40.48007],[-3.68492,40.48074],[-3.68477,40.48126],[-3.6846,40.48186],[-3.68445,40.4824]]}},
{"type":"Feature","properties":{"kind":"centro","city":"Barcelona","name":"Centro de Barcelona"},"geometry":{"type":"Point","coordinates":[2.17004,41.38697]}},
{"type":"Feature","properties":{"kind":"metro","city":"Barcelona"},"geometry":{"type":"Point","coordinates":[2.16702,41.38592]}},
{"type":"Feature","properties":{"kind":"metro","city":"Barcelona"},"geometry":{"type":"Point","coordinates":[2.16765,41.38609]}},
{"type":"Feature","properties":{"kind":"metro","city":"Barcelona"},"geometry":{"type":"Point","coordinates":[2.1696,41.38584]}},
{"type":"Feature","properties":{"kind":"metro","city":"Barcelona"},"geometry":{"type":"Point","coordinates":[2.1695,41.38571]}},
{"type":"Feature","properties":{"kind":"metro","city":"Barcelona"},"geometry":{"type":"Point","coordinates":[2.15164,41.39968]}},
{"type":"Feature","properties":{"kind":"metro","city":"Barcelona"},"geometry":{"type":"Point","coordinates":[2.15243,41.40004]}},
{"type":"Feature","properties":{"kind":"metro","city":"Barcelona"},"geometry":{"type":"Point","coordinates":[2.15251,41.39955]}},
{"type":"Feature","properties":{"kind":"metro","city":"Barcelona"},"geometry":{"type":"Point","coordinates":[2.15833,41.39233]}},
{"type":"Feature","properties":{"kind":"metro","city":"Barcelona"},"geometry":{"type":"Point","coordinates":[2.15765,41.39336]}},
{"type":"Feature","properties":{"kind":"metro","city":"Barcelona"},"geometry":{"type":"Point","coordinates":[2.15796,41.39291]}},
{"type":"Feature","properties":{"kind":"metro","city":"Barcelona"},"geometry":{"type":"Point","coordinates":[2.13543,41.39779]}},
{"type":"Feature","properties":{"kind":"metro","city":"Barcelona"},"geometry":{"type":"Point","coordinates":[2.13511,41.39789]}},
{"type":"Feature","properties":{"kind":"metro","city":"Barcelona"},"geometry":{"type":"Point","coordinates":[2.1355,41.39764]}},
{"type":"Feature","properties":{"kind":"metro","city":"Barcelona"},"geometry":{"type":"Point","coordinates":[2.13008,41.39815]}},
{"type":"Feature","properties":{"kind":"metro","city":"Barcelona"},"geometry":{"type":"Point","coordinates":[2.13083,41.39778]}},
{"type":"Feature","properties":{"kind":"metro","city":"Barcelona"},"geometry":{"type":"Point","coordinates":[2.14325,41.39865]}},
{"type":"Feature","properties":{"kind":"metro","city":"Barcelona"},"geometry":{"type":"Point","coordinates":[2.14275,41.39863]}},
{"type":"Feature","properties":{"kind":"metro","city":"Barcelona"},"geometry":{"type":"Point","coordinates":[2.14285,41.39898]}},
{"type":"Feature","properties":{"kind":"metro","city":"Barcelona"},"geometry":{"type":"Point","coordinates":[2.11937,41.3992]}},
{"type":"Feature","properties":{"kind":"metro","city":"Barcelona"},"geometry":{"type":"Point","coordinates":[2.1187,41.39842]}},
{"type":"Feature","properties":{"kind":"metro","city":"Barcelona"},"geometry":{"type":"Point","coordinates":[2.119,41.39897]}},
{"type":"Feature","properties":{"kind":"metro","city":"Barcelona"},"geometry":{"type":"Point","coordinates":[2.14702,41.40137]}},
{"type":"Feature","properties":{"kind":"metro","city":"Barcelona"},"geometry":{"type":"Point","coordinates":[2.12579,41.39854]}},
{"type":"Feature","properties":{"kind":"metro","city":"Barcelona"},"geometry":{"type":"Point","coordinates":[2.12452,41.39935]}},
{"type":"Feature","properties":{"kind":"metro","city":"Barcelona"},"geometry":{"type":"Point","coordinates":[2.12511,41.39896]}},
{"type":"Feature","properties":{"kind":"metro","city":"Barcelona"},"geometry":{"type":"Point","coordinates":[2.13717,41.41023]}},
{"type":"Feature","properties":{"kind":"metro","city":"Barcelona"},"geometry":{"type":"Point","coordinates":[2.13925,41.40573]}},
{"type":"Feature","properties":{"kind":"metro","city":"Barcelona"},"geometry":{"type":"Point","coordinates":[2.13926,41.40604]}},
{"type":"Feature","properties":{"kind":"metro","city":"Barcelona"},"geometry":{"type":"Point","coordinates":[2.13953,41.40544]}},
{"type":"Feature","properties":{"kind":"metro","city":"Barcelona"},"geometry":{"type":"Point","coordinates":[2.14262,41.4036]}},
{"type":"Feature","properties":{"kind":"metro","city":"Barcelona"},"geometry":{"type":"Point","coordinates":[2.14326,41.40313]}},
{"type":"Feature","properties":{"kind":"metro","city":"Barcelona"},"geometry":{"type":"Point","coordinates":[2.14296,41.40344]}},
{"type":"Feature","properties":{"kind":"metro","city":"Barcelona"},"geometry":{"type":"Point","coordinates":[2.14757,41.4014]}},
{"type":"Feature","properties":{"kind":"metro","city":"Barcelona"},"geometry":{"type":"Point","coordinates":[2.08675,41.35301]}},
{"type":"Feature","properties":{"kind":"metro","city":"Barcelona"},"geometry":{"type":"Point","coordinates":[2.06843,41.35184]}},
{"type":"Feature","properties":{"kind":"metro","city":"Barcelona"},"geometry":{"type":"Point","coordinates":[2.14863,41.37455]}},
{"type":"Feature","properties":{"kind":"metro","city":"Barcelona"},"geometry":{"type":"Point","coordinates":[2.12537,41.35701]}},
{"type":"Feature","properties":{"kind":"metro","city":"Barcelona"},"geometry":{"type":"Point","coordinates":[2.11753,41.35536]}},
{"type":"Feature","properties":{"kind":"metro","city":"Barcelona"},"geometry":{"type":"Point","coordinates":[2.13168,41.36096]}},
{"type":"Feature","properties":{"kind":"metro","city":"Barcelona"},"geometry":{"type":"Point","coordinates":[2.13046,41.36139]}},
{"type":"Feature","properties":{"kind":"metro","city":"Barcelona"},"geometry":{"type":"Point","coordinates":[2.10342,41.35779]}},
{"type":"Feature","properties":{"kind":"metro","city":"Barcelona"},"geometry":{"type":"Point","coordinates":[2.13936,41.36823]}},
{"type":"Feature","properties":{"kind":"metro","city":"Barcelona"},"geometry":{"type":"Point","coordinates":[2.03469,41.35771]}},
{"type":"Feature","properties":{"kind":"metro","city":"Barcelona"},"geometry":{"type":"Point","coordinates":[2.04326,41.34815]}},
{"type":"Feature","properties":{"kind":"metro","city":"Barcelona"},"geometry":{"type":"Point","coordinates":[2.11168,41.36127]}},
{"type":"Feature","properties":{"kind":"metro","city":"Barcelona"},"geometry":{"type":"Point","coordinates":[2.18038,41.39166]}},
{"type":"Feature","properties":{"kind":"metro","city":"Barcelona"},"geometry":{"type":"Point","coordinates":[2.18222,41.39323]}},
{"type":"Feature","properties":{"kind":"metro","city":"Barcelona"},"geometry":{"type":"Point","coordinates":[2.18006,41.39239]}},
{"type":"Feature","properties":{"kind":"metro","city":"Barcelona"},"geometry":{"type":"Point","coordinates":[2.10267,41.3574]}},
{"type":"Feature","properties":{"kind":"metro","city":"Barcelona"},"geometry":{"type":"Point","coordinates":[2.10303,41.35878]}},
{"type":"Feature","properties":{"kind":"metro","city":"Barcelona"},"geometry":{"type":"Point","coordinates":[2.10267,41.3593]}},
{"type":"Feature","properties":{"kind":"metro","city":"Barcelona"},"geometry":{"type":"Point","coordinates":[2.20023,41.45004]}},
{"type":"Feature","properties":{"kind":"metro","city":"Barcelona"},"geometry":{"type":"Point","coordinates":[2.19966,41.4499]}},
{"type":"Feature","properties":{"kind":"metro","city":"Barcelona"},"geometry":{"type":"Point","coordinates":[2.11069,41.35124]}},
{"type":"Feature","properties":{"kind":"metro","city":"Barcelona"},"geometry":{"type":"Point","coordinates":[2.11098,41.35199]}},
{"type":"Feature","properties":{"kind":"metro","city":"Barcelona"},"geometry":{"type":"Point","coordinates":[2.1099,41.35153]}},
{"type":"Feature","properties":{"kind":"metro","city":"Barcelona"},"geometry":{"type":"Point","coordinates":[2.11059,41.3504]}},
{"type":"Feature","properties":{"kind":"metro","city":"Barcelona"},"geometry":{"type":"Point","coordinates":[2.11177,41.35092]}},
{"type":"Feature","properties":{"kind":"metro","city":"Barcelona"},"geometry":{"type":"Point","coordinates":[2.10366,41.36829]}},
{"type":"Feature","properties":{"kind":"metro","city":"Barcelona"},"geometry":{"type":"Point","coordinates":[2.10323,41.36765]}},
{"type":"Feature","properties":{"kind":"metro","city":"Barcelona"},"geometry":{"type":"Point","coordinates":[2.10393,41.36818]}},
{"type":"Feature","properties":{"kind":"metro","city":"Barcelona"},"geometry":{"type":"Point","coordinates":[2.1696,41.38811]}},
{"type":"Feature","properties":{"kind":"metro","city":"Barcelona"},"geometry":{"type":"Point","coordinates":[2.16949,41.38757]}},
{"type":"Feature","properties":{"kind":"metro","city":"Barcelona"},"geometry":{"type":"Point","coordinates":[2.16851,41.38771]}},
{"type":"Feature","properties":{"kind":"metro","city":"Barcelona"},"geometry":{"type":"Point","coordinates":[2.17069,41.38791]}},
{"type":"Feature","properties":{"kind":"metro","city":"Barcelona"},"geometry":{"type":"Point","coordinates":[2.16859,41.3872]}},
{"type":"Feature","properties":{"kind":"metro","city":"Barcelona"},"geometry":{"type":"Point","coordinates":[2.16951,41.38762]}},
{"type":"Feature","properties":{"kind":"metro","city":"Barcelona"},"geometry":{"type":"Point","coordinates":[2.18734,41.40864]}},
{"type":"Feature","properties":{"kind":"metro","city":"Barcelona"},"geometry":{"type":"Point","coordinates":[2.18715,41.40924]}},
{"type":"Feature","properties":{"kind":"metro","city":"Barcelona"},"geometry":{"type":"Point","coordinates":[2.1872,41.41083]}},
{"type":"Feature","properties":{"kind":"metro","city":"Barcelona"},"geometry":{"type":"Point","coordinates":[2.18753,41.41122]}},
{"type":"Feature","properties":{"kind":"metro","city":"Barcelona"},"geometry":{"type":"Point","coordinates":[2.14831,41.37534]}},
{"type":"Feature","properties":{"kind":"metro","city":"Barcelona"},"geometry":{"type":"Point","coordinates":[2.14946,41.37555]}},
{"type":"Feature","properties":{"kind":"metro","city":"Barcelona"},"geometry":{"type":"Point","coordinates":[2.1488,41.37538]}},
{"type":"Feature","properties":{"kind":"metro","city":"Barcelona"},"geometry":{"type":"Point","coordinates":[2.18356,41.43086]}},
{"type":"Feature","properties":{"kind":"metro","city":"Barcelona"},"geometry":{"type":"Point","coordinates":[2.18346,41.43114]}},
{"type":"Feature","properties":{"kind":"metro","city":"Barcelona"},"geometry":{"type":"Point","coordinates":[2.1842,41.42899]}},
{"type":"Feature","properties":{"kind":"metro","city":"Barcelona"},"geometry":{"type":"Point","coordinates":[2.18363,41.43047]}},
{"type":"Feature","properties":{"kind":"metro","city":"Barcelona"},"geometry":{"type":"Point","coordinates":[2.18358,41.43009]}},
{"type":"Feature","properties":{"kind":"metro","city":"Barcelona"},"geometry":{"type":"Point","coordinates":[2.18332,41.43046]}},
{"type":"Feature","properties":{"kind":"metro","city":"Barcelona"},"geometry":{"type":"Point","coordinates":[2.11068,41.36852]}},
{"type":"Feature","properties":{"kind":"metro","city":"Barcelona"},"geometry":{"type":"Point","coordinates":[2.1104,41.36787]}},
{"type":"Feature","properties":{"kind":"metro","city":"Barcelona"},"geometry":{"type":"Point","coordinates":[2.11088,41.36838]}},
{"type":"Feature","properties":{"kind":"metro","city":"Barcelona"},"geometry":{"type":"Point","coordinates":[2.21779,41.45173]}},
{"type":"Feature","properties":{"kind":"metro","city":"Barcelona"},"geometry":{"type":"Point","coordinates":[2.21706,41.45176]}},
{"type":"Feature","properties":{"kind":"metro","city":"Barcelona"},"geometry":{"type":"Point","coordinates":[2.21861,41.4516]}},
{"type":"Feature","properties":{"kind":"metro","city":"Barcelona"},"geometry":{"type":"Point","coordinates":[2.1871,41.40206]}},
{"type":"Feature","properties":{"kind":"metro","city":"Barcelona"},"geometry":{"type":"Point","coordinates":[2.18834,41.40298]}},
{"type":"Feature","properties":{"kind":"metro","city":"Barcelona"},"geometry":{"type":"Point","coordinates":[2.18724,41.40288]}},
{"type":"Feature","properties":{"kind":"metro","city":"Barcelona"},"geometry":{"type":"Point","coordinates":[2.18751,41.4027]}},
{"type":"Feature","properties":{"kind":"metro","city":"Barcelona"},"geometry":{"type":"Point","coordinates":[2.10669,41.34434]}},
{"type":"Feature","properties":{"kind":"metro","city":"Barcelona"},"geometry":{"type":"Point","coordinates":[2.10641,41.34472]}},
{"type":"Feature","properties":{"kind":"metro","city":"Barcelona"},"geometry":{"type":"Point","coordinates":[2.14452,41.37536]}},
{"type":"Feature","properties":{"kind":"metro","city":"Barcelona"},"geometry":{"type":"Point","coordinates":[2.14344,41.37555]}},
{"type":"Feature","properties":{"kind":"metro","city":"Barcelona"},"geometry":{"type":"Point","coordinates":[2.14236,41.37513]}},
{"type":"Feature","properties":{"kind":"metro","city":"Barcelona"},"geometry":{"type":"Point","coordinates":[2.14399,41.37529]}},
{"type":"Feature","properties":{"kind":"metro","city":"Barcelona"},"geometry":{"type":"Point","coordinates":[2.18723,41.42198]}},
{"type":"Feature","properties":{"kind":"metro","city":"Barcelona"},"geometry":{"type":"Point","coordinates":[2.18727,41.42309]}},
{"type":"Feature","properties":{"kind":"metro","city":"Barcelona"},"geometry":{"type":"Point","coordinates":[2.1872,41.42249]}},
{"type":"Feature","properties":{"kind":"metro","city":"Barcelona"},"geometry":{"type":"Point","coordinates":[2.18643,41.39558]}},
{"type":"Feature","properties":{"kind":"metro","city":"Barcelona"},"geometry":{"type":"Point","coordinates":[2.18707,41.39542]}},
{"type":"Feature","properties":{"kind":"metro","city":"Barcelona"},"geometry":{"type":"Point","coordinates":[2.18684,41.39557]}},
{"type":"Feature","properties":{"kind":"metro","city":"Barcelona"},"geometry":{"type":"Point","coordinates":[2.13319,41.37329]}},
{"type":"Feature","properties":{"kind":"metro","city":"Barcelona"},"geometry":{"type":"Point","coordinates":[2.13365,41.37295]}},
{"type":"Feature","properties":{"kind":"metro","city":"Barcelona"},"geometry":{"type":"Point","coordinates":[2.13455,41.37417]}},
{"type":"Feature","properties":{"kind":"metro","city":"Barcelona"},"geometry":{"type":"Point","coordinates":[2.13403,41.37354]}},
{"type":"Feature","properties":{"kind":"metro","city":"Barcelona"},"geometry":{"type":"Point","coordinates":[2.18729,41.41672]}},
{"type":"Feature","properties":{"kind":"metro","city":"Barcelona"},"geometry":{"type":"Point","coordinates":[2.18723,41.41581]}},
{"type":"Feature","properties":{"kind":"metro","city":"Barcelona"},"geometry":{"type":"Point","coordinates":[2.18709,41.41616]}},
{"type":"Feature","properties":{"kind":"metro","city":"Barcelona"},"geometry":{"type":"Point","coordinates":[2.13749,41.37525]}},
{"type":"Feature","properties":{"kind":"metro","city":"Barcelona"},"geometry":{"type":"Point","coordinates":[2.1388,41.37522]}},
{"type":"Feature","properties":{"kind":"metro","city":"Barcelona"},"geometry":{"type":"Point","coordinates":[2.1373,41.37557]}},
{"type":"Feature","properties":{"kind":"metro","city":"Barcelona"},"geometry":{"type":"Point","coordinates":[2.13884,41.37547]}},
{"type":"Feature","properties":{"kind":"metro","city":"Barcelona"},"geometry":{"type":"Point","coordinates":[2.13849,41.37554]}},
{"type":"Feature","properties":{"kind":"metro","city":"Barcelona"},"geometry":{"type":"Point","coordinates":[2.1003,41.36298]}},
{"type":"Feature","properties":{"kind":"metro","city":"Barcelona"},"geometry":{"type":"Point","coordinates":[2.10057,41.36369]}},
{"type":"Feature","properties":{"kind":"metro","city":"Barcelona"},"geometry":{"type":"Point","coordinates":[2.09972,41.36366]}},
{"type":"Feature","properties":{"kind":"metro","city":"Barcelona"},"geometry":{"type":"Point","coordinates":[2.1003,41.36423]}},
{"type":"Feature","properties":{"kind":"metro","city":"Barcelona"},"geometry":{"type":"Point","coordinates":[2.15397,41.37907]}},
{"type":"Feature","properties":{"kind":"metro","city":"Barcelona"},"geometry":{"type":"Point","coordinates":[2.15441,41.37868]}},
{"type":"Feature","properties":{"kind":"metro","city":"Barcelona"},"geometry":{"type":"Point","coordinates":[2.15517,41.37946]}},
{"type":"Feature","properties":{"kind":"metro","city":"Barcelona"},"geometry":{"type":"Point","coordinates":[2.15491,41.37966]}},
{"type":"Feature","properties":{"kind":"metro","city":"Barcelona"},"geometry":{"type":"Point","coordinates":[2.15446,41.37915]}},
{"type":"Feature","properties":{"kind":"metro","city":"Barcelona"},"geometry":{"type":"Point","coordinates":[2.1911,41.43781]}},
{"type":"Feature","properties":{"kind":"metro","city":"Barcelona"},"geometry":{"type":"Point","coordinates":[2.19105,41.43643]}},
{"type":"Feature","properties":{"kind":"metro","city":"Barcelona"},"geometry":{"type":"Point","coordinates":[2.19075,41.43732]}},
{"type":"Feature","properties":{"kind":"metro","city":"Barcelona"},"geometry":{"type":"Point","coordinates":[2.20799,41.45191]}},
{"type":"Feature","properties":{"kind":"metro","city":"Barcelona"},"geometry":{"type":"Point","coordinates":[2.20835,41.4516]}},
{"type":"Feature","properties":{"kind":"metro","city":"Barcelona"},"geometry":{"type":"Point","coordinates":[2.20742,41.45106]}},
{"type":"Feature","properties":{"kind":"metro","city":"Barcelona"},"geometry":{"type":"Point","coordinates":[2.20716,41.45144]}},
{"type":"Feature","properties":{"kind":"metro","city":"Barcelona"},"geometry":{"type":"Point","coordinates":[2.12998,41.36956]}},
{"type":"Feature","properties":{"kind":"metro","city":"Barcelona"},"geometry":{"type":"Point","coordinates":[2.12918,41.36913]}},
{"type":"Feature","properties":{"kind":"metro","city":"Barcelona"},"geometry":{"type":"Point","coordinates":[2.1287,41.36844]}},
{"type":"Feature","properties":{"kind":"metro","city":"Barcelona"},"geometry":{"type":"Point","coordinates":[2.1905,41.4423]}},
{"type":"Feature","properties":{"kind":"metro","city":"Barcelona"},"geometry":{"type":"Point","coordinates":[2.19087,41.4423]}},
{"type":"Feature","properties":{"kind":"metro","city":"Barcelona"},"geometry":{"type":"Point","coordinates":[2.19034,41.44415]}},
{"type":"Feature","properties":{"kind":"metro","city":"Barcelona"},"geometry":{"type":"Point","coordinates":[2.19071,41.44418]}},
{"type":"Feature","properties":{"kind":"metro","city":"Barcelona"},"geometry":{"type":"Point","coordinates":[2.19067,41.44381]}},
{"type":"Feature","properties":{"kind":"metro","city":"Barcelona"},"geometry":{"type":"Point","coordinates":[2.11649,41.36874]}},
{"type":"Feature","properties":{"kind":"metro","city":"Barcelona"},"geometry":{"type":"Point","coordinates":[2.11727,41.36815]}},
{"type":"Feature","properties":{"kind":"metro","city":"Barcelona"},"geometry":{"type":"Point","coordinates":[2.11711,41.36859]}},
{"type":"Feature","properties":{"kind":"metro","city":"Barcelona"},"geometry":{"type":"Point","coordinates":[2.19436,41.44897]}},
{"type":"Feature","properties":{"kind":"metro","city":"Barcelona"},"geometry":{"type":"Point","coordinates":[2.19438,41.44954]}},
{"type":"Feature","properties":{"kind":"metro","city":"Barcelona"},"geometry":{"type":"Point","coordinates":[2.16472,41.38581]}},
{"type":"Feature","properties":{"kind":"metro","city":"Barcelona"},"geometry":{"type":"Point","coordinates":[2.16347,41.3854]}},
{"type":"Feature","properties":{"kind":"metro","city":"Barcelona"},"geometry":{"type":"Point","coordinates":[2.16457,41.38614]}},
{"type":"Feature","properties":{"kind":"metro","city":"Barcelona"},"geometry":{"type":"Point","coordinates":[2.16416,41.38555]}},
{"type":"Feature","properties":{"kind":"metro","city":"Barcelona"},"geometry":{"type":"Point","coordinates":[2.15985,41.38267]}},
{"type":"Feature","properties":{"kind":"metro","city":"Barcelona"},"geometry":{"type":"Point","coordinates":[2.15945,41.38296]}},
{"type":"Feature","properties":{"kind":"metro","city":"Barcelona"},"geometry":{"type":"Point","coordinates":[2.15824,41.38206]}},
{"type":"Feature","properties":{"kind":"metro","city":"Barcelona"},"geometry":{"type":"Point","coordinates":[2.159,41.38246]}},
{"type":"Feature","properties":{"kind":"metro","city":"Barcelona"},"geometry":{"type":"Point","coordinates":[2.17502,41.39002]}},
{"type":"Feature","properties":{"kind":"metro","city":"Barcelona"},"geometry":{"type":"Point","coordinates":[2.174,41.38911]}},
{"type":"Feature","properties":{"kind":"metro","city":"Barcelona"},"geometry":{"type":"Point","coordinates":[2.17337,41.3894]}},
{"type":"Feature","properties":{"kind":"metro","city":"Barcelona"},"geometry":{"type":"Point","coordinates":[2.17309,41.38952]}},
{"type":"Feature","properties":{"kind":"metro","city":"Barcelona"},"geometry":{"type":"Point","coordinates":[2.23424,41.44036]}},
{"type":"Feature","properties":{"kind":"metro","city":"Barcelona"},"geometry":{"type":"Point","coordinates":[2.22402,41.44235]}},
{"type":"Feature","properties":{"kind":"metro","city":"Barcelona"},"geometry":{"type":"Point","coordinates":[2.21724,41.44148]}},
{"type":"Feature","properties":{"kind":"metro","city":"Barcelona"},"geometry":{"type":"Point","coordinates":[2.17102,41.46256]}},
{"type":"Feature","properties":{"kind":"metro","city":"Barcelona"},"geometry":{"type":"Point","coordinates":[2.17214,41.46292]}},
{"type":"Feature","properties":{"kind":"metro","city":"Barcelona"},"geometry":{"type":"Point","coordinates":[2.17158,41.46274]}},
{"type":"Feature","properties":{"kind":"metro","city":"Barcelona"},"geometry":{"type":"Point","coordinates":[2.18539,41.45149]}},
{"type":"Feature","properties":{"kind":"metro","city":"Barcelona"},"geometry":{"type":"Point","coordinates":[2.17447,41.46089]}},
{"type":"Feature","properties":{"kind":"metro","city":"Barcelona"},"geometry":{"type":"Point","coordinates":[2.18058,41.45919]}},
{"type":"Feature","properties":{"kind":"metro","city":"Barcelona"},"geometry":{"type":"Point","coordinates":[2.17912,41.45962]}},
{"type":"Feature","properties":{"kind":"metro","city":"Barcelona"},"geometry":{"type":"Point","coordinates":[2.17985,41.45941]}},
{"type":"Feature","properties":{"kind":"metro","city":"Barcelona"},"geometry":{"type":"Point","coordinates":[2.20599,41.42347]}},
{"type":"Feature","properties":{"kind":"metro","city":"Barcelona"},"geometry":{"type":"Point","coordinates":[2.21724,41.43382]}},
{"type":"Feature","properties":{"kind":"metro","city":"Barcelona"},"geometry":{"type":"Point","coordinates":[2.21737,41.4335]}},
{"type":"Feature","properties":{"kind":"metro","city":"Barcelona"},"geometry":{"type":"Point","coordinates":[2.2168,41.43388]}},
{"type":"Feature","properties":{"kind":"metro","city":"Barcelona"},"geometry":{"type":"Point","coordinates":[2.19618,41.41559]}},
{"type":"Feature","properties":{"kind":"metro","city":"Barcelona"},"geometry":{"type":"Point","coordinates":[2.19509,41.4148]}},
{"type":"Feature","properties":{"kind":"metro","city":"Barcelona"},"geometry":{"type":"Point","coordinates":[2.19501,41.41528]}},
{"type":"Feature","properties":{"kind":"metro","city":"Barcelona"},"geometry":{"type":"Point","coordinates":[2.24421,41.44913]}},
{"type":"Feature","properties":{"kind":"metro","city":"Barcelona"},"geometry":{"type":"Point","coordinates":[2.18617,41.41012]}},
{"type":"Feature","properties":{"kind":"metro","city":"Barcelona"},"geometry":{"type":"Point","coordinates":[2.18655,41.4101]}},
{"type":"Feature","properties":{"kind":"metro","city":"Barcelona"},"geometry":{"type":"Point","coordinates":[2.1828,41.40707]}},
{"type":"Feature","properties":{"kind":"metro","city":"Barcelona"},"geometry":{"type":"Point","coordinates":[2.18217,41.40727]}},
{"type":"Feature","properties":{"kind":"metro","city":"Barcelona"},"geometry":{"type":"Point","coordinates":[2.18256,41.40734]}},
{"type":"Feature","properties":{"kind":"metro","city":"Barcelona"},"geometry":{"type":"Point","coordinates":[2.23404,41.44064]}},
{"type":"Feature","properties":{"kind":"metro","city":"Barcelona"},"geometry":{"type":"Point","coordinates":[2.23426,41.44111]}},
{"type":"Feature","properties":{"kind":"metro","city":"Barcelona"},"geometry":{"type":"Point","coordinates":[2.23399,41.44129]}},
{"type":"Feature","properties":{"kind":"metro","city":"Barcelona"},"geometry":{"type":"Point","coordinates":[2.20669,41.42383]}},
{"type":"Feature","properties":{"kind":"metro","city":"Barcelona"},"geometry":{"type":"Point","coordinates":[2.18002,41.40033]}},
{"type":"Feature","properties":{"kind":"metro","city":"Barcelona"},"geometry":{"type":"Point","coordinates":[2.17958,41.40018]}},
{"type":"Feature","properties":{"kind":"metro","city":"Barcelona"},"geometry":{"type":"Point","coordinates":[2.18004,41.40009]}},
{"type":"Feature","properties":{"kind":"metro","city":"Barcelona"},"geometry":{"type":"Point","coordinates":[2.16823,41.37523]}},
{"type":"Feature","properties":{"kind":"metro","city":"Barcelona"},"geometry":{"type":"Point","coordinates":[2.16777,41.3748]}},
{"type":"Feature","properties":{"kind":"metro","city":"Barcelona"},"geometry":{"type":"Point","coordinates":[2.16758,41.37509]}},
{"type":"Feature","properties":{"kind":"metro","city":"Barcelona"},"geometry":{"type":"Point","coordinates":[2.16776,41.38928]}},
{"type":"Feature","properties":{"kind":"metro","city":"Barcelona"},"geometry":{"type":"Point","coordinates":[2.16873,41.38929]}},
{"type":"Feature","properties":{"kind":"metro","city":"Barcelona"},"geometry":{"type":"Point","coordinates":[2.16833,41.38953]}},
{"type":"Feature","properties":{"kind":"metro","city":"Barcelona"},"geometry":{"type":"Point","coordinates":[2.23821,41.44459]}},
{"type":"Feature","properties":{"kind":"metro","city":"Barcelona"},"geometry":{"type":"Point","coordinates":[2.23915,41.4453]}},
{"type":"Feature","properties":{"kind":"metro","city":"Barcelona"},"geometry":{"type":"Point","coordinates":[2.23894,41.44454]}},
{"type":"Feature","properties":{"kind":"metro","city":"Barcelona"},"geometry":{"type":"Point","coordinates":[2.23836,41.44515]}},
{"type":"Feature","properties":{"kind":"metro","city":"Barcelona"},"geometry":{"type":"Point","coordinates":[2.17556,41.40385]}},
{"type":"Feature","properties":{"kind":"metro","city":"Barcelona"},"geometry":{"type":"Point","coordinates":[2.17632,41.40426]}},
{"type":"Feature","properties":{"kind":"metro","city":"Barcelona"},"geometry":{"type":"Point","coordinates":[2.1629,41.37916]}},
{"type":"Feature","properties":{"kind":"metro","city":"Barcelona"},"geometry":{"type":"Point","coordinates":[2.16317,41.38069]}},
{"type":"Feature","properties":{"kind":"metro","city":"Barcelona"},"geometry":{"type":"Point","coordinates":[2.16341,41.37899]}},
{"type":"Feature","properties":{"kind":"metro","city":"Barcelona"},"geometry":{"type":"Point","coordinates":[2.16302,41.37995]}},
{"type":"Feature","properties":{"kind":"metro","city":"Barcelona"},"geometry":{"type":"Point","coordinates":[2.20126,41.41946]}},
{"type":"Feature","properties":{"kind":"metro","city":"Barcelona"},"geometry":{"type":"Point","coordinates":[2.2001,41.4186]}},
{"type":"Feature","properties":{"kind":"metro","city":"Barcelona"},"geometry":{"type":"Point","coordinates":[2.2006,41.41931]}},
{"type":"Feature","properties":{"kind":"metro","city":"Barcelona"},"geometry":{"type":"Point","coordinates":[2.22815,41.43534]}},
{"type":"Feature","properties":{"kind":"metro","city":"Barcelona"},"geometry":{"type":"Point","coordinates":[2.2285,41.43587]}},
{"type":"Feature","properties":{"kind":"metro","city":"Barcelona"},"geometry":{"type":"Point","coordinates":[2.22778,41.43552]}},
{"type":"Feature","properties":{"kind":"metro","city":"Barcelona"},"geometry":{"type":"Point","coordinates":[2.17549,41.39429]}},
{"type":"Feature","properties":{"kind":"metro","city":"Barcelona"},"geometry":{"type":"Point","coordinates":[2.17468,41.39496]}},
{"type":"Feature","properties":{"kind":"metro","city":"Barcelona"},"geometry":{"type":"Point","coordinates":[2.17459,41.39462]}},
{"type":"Feature","properties":{"kind":"metro","city":"Barcelona"},"geometry":{"type":"Point","coordinates":[2.1637,41.38502]}},
{"type":"Feature","properties":{"kind":"metro","city":"Barcelona"},"geometry":{"type":"Point","coordinates":[2.16368,41.38451]}},
{"type":"Feature","properties":{"kind":"metro","city":"Barcelona"},"geometry":{"type":"Point","coordinates":[2.16414,41.38484]}},
{"type":"Feature","properties":{"kind":"metro","city":"Barcelona"},"geometry":{"type":"Point","coordinates":[2.16325,41.38502]}},
{"type":"Feature","properties":{"kind":"metro","city":"Barcelona"},"geometry":{"type":"Point","coordinates":[2.2099,41.43006]}},
{"type":"Feature","properties":{"kind":"metro","city":"Barcelona"},"geometry":{"type":"Point","coordinates":[2.21027,41.42994]}},
{"type":"Feature","properties":{"kind":"metro","city":"Barcelona"},"geometry":{"type":"Point","coordinates":[2.20963,41.4303]}},
{"type":"Feature","properties":{"kind":"metro","city":"Barcelona"},"geometry":{"type":"Point","coordinates":[2.14299,41.42492]}},
{"type":"Feature","properties":{"kind":"metro","city":"Barcelona"},"geometry":{"type":"Point","coordinates":[2.14201,41.4251]}},
{"type":"Feature","properties":{"kind":"metro","city":"Barcelona"},"geometry":{"type":"Point","coordinates":[2.18295,41.44926]}},
{"type":"Feature","properties":{"kind":"metro","city":"Barcelona"},"geometry":{"type":"Point","coordinates":[2.1652,41.44167]}},
{"type":"Feature","properties":{"kind":"metro","city":"Barcelona"},"geometry":{"type":"Point","coordinates":[2.16635,41.44185]}},
{"type":"Feature","properties":{"kind":"metro","city":"Barcelona"},"geometry":{"type":"Point","coordinates":[2.16608,41.44202]}},
{"type":"Feature","properties":{"kind":"metro","city":"Barcelona"},"geometry":{"type":"Point","coordinates":[2.16957,41.38537]}},
{"type":"Feature","properties":{"kind":"metro","city":"Barcelona"},"geometry":{"type":"Point","coordinates":[2.17073,41.38604]}},
{"type":"Feature","properties":{"kind":"metro","city":"Barcelona"},"geometry":{"type":"Point","coordinates":[2.17008,41.38553]}},
{"type":"Feature","properties":{"kind":"metro","city":"Barcelona"},"geometry":{"type":"Point","coordinates":[2.16971,41.38595]}},
{"type":"Feature","properties":{"kind":"metro","city":"Barcelona"},"geometry":{"type":"Point","coordinates":[2.17034,41.38629]}},
{"type":"Feature","properties":{"kind":"metro","city":"Barcelona"},"geometry":{"type":"Point","coordinates":[2.16012,41.39632]}},
{"type":"Feature","properties":{"kind":"metro","city":"Barcelona"},"geometry":{"type":"Point","coordinates":[2.1609,41.39574]}},
{"type":"Feature","properties":{"kind":"metro","city":"Barcelona"},"geometry":{"type":"Point","coordinates":[2.1605,41.39542]}},
{"type":"Feature","properties":{"kind":"metro","city":"Barcelona"},"geometry":{"type":"Point","coordinates":[2.15971,41.39611]}},
{"type":"Feature","properties":{"kind":"metro","city":"Barcelona"},"geometry":{"type":"Point","coordinates":[2.16047,41.39576]}},
{"type":"Feature","properties":{"kind":"metro","city":"Barcelona"},"geometry":{"type":"Point","coordinates":[2.17556,41.37667]}},
{"type":"Feature","properties":{"kind":"metro","city":"Barcelona"},"geometry":{"type":"Point","coordinates":[2.17599,41.37711]}},
{"type":"Feature","properties":{"kind":"metro","city":"Barcelona"},"geometry":{"type":"Point","coordinates":[2.17644,41.3772]}},
{"type":"Feature","properties":{"kind":"metro","city":"Barcelona"},"geometry":{"type":"Point","coordinates":[2.17629,41.37682]}},
{"type":"Feature","properties":{"kind":"metro","city":"Barcelona"},"geometry":{"type":"Point","coordinates":[2.14983,41.37451]}},
{"type":"Feature","properties":{"kind":"metro","city":"Barcelona"},"geometry":{"type":"Point","coordinates":[2.15017,41.37483]}},
{"type":"Feature","properties":{"kind":"metro","city":"Barcelona"},"geometry":{"type":"Point","coordinates":[2.15003,41.37536]}},
{"type":"Feature","properties":{"kind":"metro","city":"Barcelona"},"geometry":{"type":"Point","coordinates":[2.14909,41.37429]}},
{"type":"Feature","properties":{"kind":"metro","city":"Barcelona"},"geometry":{"type":"Point","coordinates":[2.1503,41.37516]}},
{"type":"Feature","properties":{"kind":"metro","city":"Barcelona"},"geometry":{"type":"Point","coordinates":[2.1528,41.4026]}},
{"type":"Feature","properties":{"kind":"metro","city":"Barcelona"},"geometry":{"type":"Point","coordinates":[2.15281,41.4023]}},
{"type":"Feature","properties":{"kind":"metro","city":"Barcelona"},"geometry":{"type":"Point","coordinates":[2.13085,41.38397]}},
{"type":"Feature","properties":{"kind":"metro","city":"Barcelona"},"geometry":{"type":"Point","coordinates":[2.13068,41.38423]}},
{"type":"Feature","properties":{"kind":"metro","city":"Barcelona"},"geometry":{"type":"Point","coordinates":[2.13139,41.38455]}},
{"type":"Feature","properties":{"kind":"metro","city":"Barcelona"},"geometry":{"type":"Point","coordinates":[2.14957,41.40611]}},
{"type":"Feature","properties":{"kind":"metro","city":"Barcelona"},"geometry":{"type":"Point","coordinates":[2.15039,41.4066]}},
{"type":"Feature","properties":{"kind":"metro","city":"Barcelona"},"geometry":{"type":"Point","coordinates":[2.17279,41.38172]}},
{"type":"Feature","properties":{"kind":"metro","city":"Barcelona"},"geometry":{"type":"Point","coordinates":[2.17351,41.38097]}},
{"type":"Feature","properties":{"kind":"metro","city":"Barcelona"},"geometry":{"type":"Point","coordinates":[2.17353,41.38067]}},
{"type":"Feature","properties":{"kind":"metro","city":"Barcelona"},"geometry":{"type":"Point","coordinates":[2.12649,41.38793]}},
{"type":"Feature","properties":{"kind":"metro","city":"Barcelona"},"geometry":{"type":"Point","coordinates":[2.12614,41.38826]}},
{"type":"Feature","properties":{"kind":"metro","city":"Barcelona"},"geometry":{"type":"Point","coordinates":[2.12786,41.38836]}},
{"type":"Feature","properties":{"kind":"metro","city":"Barcelona"},"geometry":{"type":"Point","coordinates":[2.1263,41.3882]}},
{"type":"Feature","properties":{"kind":"metro","city":"Barcelona"},"geometry":{"type":"Point","coordinates":[2.14455,41.43063]}},
{"type":"Feature","properties":{"kind":"metro","city":"Barcelona"},"geometry":{"type":"Point","coordinates":[2.14526,41.43056]}},
{"type":"Feature","properties":{"kind":"metro","city":"Barcelona"},"geometry":{"type":"Point","coordinates":[2.14519,41.43085]}},
{"type":"Feature","properties":{"kind":"metro","city":"Barcelona"},"geometry":{"type":"Point","coordinates":[2.1478,41.43485]}},
{"type":"Feature","properties":{"kind":"metro","city":"Barcelona"},"geometry":{"type":"Point","coordinates":[2.14856,41.43532]}},
{"type":"Feature","properties":{"kind":"metro","city":"Barcelona"},"geometry":{"type":"Point","coordinates":[2.14702,41.43543]}},
{"type":"Feature","properties":{"kind":"metro","city":"Barcelona"},"geometry":{"type":"Point","coordinates":[2.1475,41.43523]}},
{"type":"Feature","properties":{"kind":"metro","city":"Barcelona"},"geometry":{"type":"Point","coordinates":[2.11801,41.38581]}},
{"type":"Feature","properties":{"kind":"metro","city":"Barcelona"},"geometry":{"type":"Point","coordinates":[2.11787,41.38612]}},
{"type":"Feature","properties":{"kind":"metro","city":"Barcelona"},"geometry":{"type":"Point","coordinates":[2.11787,41.38591]}},
{"type":"Feature","properties":{"kind":"metro","city":"Barcelona"},"geometry":{"type":"Point","coordinates":[2.17008,41.37473]}},
{"type":"Feature","properties":{"kind":"metro","city":"Barcelona"},"geometry":{"type":"Point","coordinates":[2.17043,41.37518]}},
{"type":"Feature","properties":{"kind":"metro","city":"Barcelona"},"geometry":{"type":"Point","coordinates":[2.17072,41.37508]}},
{"type":"Feature","properties":{"kind":"metro","city":"Barcelona"},"geometry":{"type":"Point","coordinates":[2.16524,41.39222]}},
{"type":"Feature","properties":{"kind":"metro","city":"Barcelona"},"geometry":{"type":"Point","coordinates":[2.1648,41.39191]}},
{"type":"Feature","properties":{"kind":"metro","city":"Barcelona"},"geometry":{"type":"Point","coordinates":[2.16565,41.39135]}},
{"type":"Feature","properties":{"kind":"metro","city":"Barcelona"},"geometry":{"type":"Point","coordinates":[2.16487,41.39258]}},
{"type":"Feature","properties":{"kind":"metro","city":"Barcelona"},"geometry":{"type":"Point","coordinates":[2.16445,41.39233]}},
{"type":"Feature","properties":{"kind":"metro","city":"Barcelona"},"geometry":{"type":"Point","coordinates":[2.16457,41.3929]}},
{"type":"Feature","properties":{"kind":"metro","city":"Barcelona"},"geometry":{"type":"Point","coordinates":[2.14098,41.41769]}},
{"type":"Feature","properties":{"kind":"metro","city":"Barcelona"},"geometry":{"type":"Point","coordinates":[2.14098,41.41721]}},
{"type":"Feature","properties":{"kind":"metro","city":"Barcelona"},"geometry":{"type":"Point","coordinates":[2.14075,41.41796]}},
{"type":"Feature","properties":{"kind":"metro","city":"Barcelona"},"geometry":{"type":"Point","coordinates":[2.13621,41.38218]}},
{"type":"Feature","properties":{"kind":"metro","city":"Barcelona"},"geometry":{"type":"Point","coordinates":[2.13655,41.38267]}},
{"type":"Feature","properties":{"kind":"metro","city":"Barcelona"},"geometry":{"type":"Point","coordinates":[2.16169,41.3752]}},
{"type":"Feature","properties":{"kind":"metro","city":"Barcelona"},"geometry":{"type":"Point","coordinates":[2.16111,41.3752]}},
{"type":"Feature","properties":{"kind":"metro","city":"Barcelona"},"geometry":{"type":"Point","coordinates":[2.15894,41.37487]}},
{"type":"Feature","properties":{"kind":"metro","city":"Barcelona"},"geometry":{"type":"Point","coordinates":[2.15882,41.37522]}},
{"type":"Feature","properties":{"kind":"metro","city":"Barcelona"},"geometry":{"type":"Point","coordinates":[2.15988,41.37515]}},
{"type":"Feature","properties":{"kind":"metro","city":"Barcelona"},"geometry":{"type":"Point","coordinates":[2.17602,41.44693]}},
{"type":"Feature","properties":{"kind":"metro","city":"Barcelona"},"geometry":{"type":"Point","coordinates":[2.17712,41.44795]}},
{"type":"Feature","properties":{"kind":"metro","city":"Barcelona"},"geometry":{"type":"Point","coordinates":[2.17502,41.44691]}},
{"type":"Feature","properties":{"kind":"metro","city":"Barcelona"},"geometry":{"type":"Point","coordinates":[2.17625,41.44739]}},
{"type":"Feature","properties":{"kind":"metro","city":"Barcelona"},"geometry":{"type":"Point","coordinates":[2.14202,41.38116]}},
{"type":"Feature","properties":{"kind":"metro","city":"Barcelona"},"geometry":{"type":"Point","coordinates":[2.13989,41.38198]}},
{"type":"Feature","properties":{"kind":"metro","city":"Barcelona"},"geometry":{"type":"Point","coordinates":[2.1416,41.38086]}},
{"type":"Feature","properties":{"kind":"metro","city":"Barcelona"},"geometry":{"type":"Point","coordinates":[2.14054,41.3823]}},
{"type":"Feature","properties":{"kind":"metro","city":"Barcelona"},"geometry":{"type":"Point","coordinates":[2.14151,41.38152]}},
{"type":"Feature","properties":{"kind":"metro","city":"Barcelona"},"geometry":{"type":"Point","coordinates":[2.14605,41.37825]}},
{"type":"Feature","properties":{"kind":"metro","city":"Barcelona"},"geometry":{"type":"Point","coordinates":[2.14522,41.3788]}},
{"type":"Feature","properties":{"kind":"metro","city":"Barcelona"},"geometry":{"type":"Point","coordinates":[2.14446,41.37885]}},
{"type":"Feature","properties":{"kind":"metro","city":"Barcelona"},"geometry":{"type":"Point","coordinates":[2.14544,41.37806]}},
{"type":"Feature","properties":{"kind":"metro","city":"Barcelona"},"geometry":{"type":"Point","coordinates":[2.14548,41.37857]}},
{"type":"Feature","properties":{"kind":"metro","city":"Barcelona"},"geometry":{"type":"Point","coordinates":[2.18419,41.44931]}},
{"type":"Feature","properties":{"kind":"metro","city":"Barcelona"},"geometry":{"type":"Point","coordinates":[2.18472,41.4493]}},
{"type":"Feature","properties":{"kind":"metro","city":"Barcelona"},"geometry":{"type":"Point","coordinates":[2.18446,41.44967]}},
{"type":"Feature","properties":{"kind":"metro","city":"Barcelona"},"geometry":{"type":"Point","coordinates":[2.18416,41.44951]}},
{"type":"Feature","properties":{"kind":"metro","city":"Barcelona"},"geometry":{"type":"Point","coordinates":[2.14255,41.42526]}},
{"type":"Feature","properties":{"kind":"metro","city":"Barcelona"},"geometry":{"type":"Point","coordinates":[2.1448,41.41175]}},
{"type":"Feature","properties":{"kind":"metro","city":"Barcelona"},"geometry":{"type":"Point","coordinates":[2.14486,41.41146]}},
{"type":"Feature","properties":{"kind":"metro","city":"Barcelona"},"geometry":{"type":"Point","coordinates":[2.14508,41.4114]}},
{"type":"Feature","properties":{"kind":"metro","city":"Barcelona"},"geometry":{"type":"Point","coordinates":[2.15701,41.43813]}},
{"type":"Feature","properties":{"kind":"metro","city":"Barcelona"},"geometry":{"type":"Point","coordinates":[2.15639,41.43757]}},
{"type":"Feature","properties":{"kind":"metro","city":"Barcelona"},"geometry":{"type":"Point","coordinates":[2.1117,41.38421]}},
{"type":"Feature","properties":{"kind":"metro","city":"Barcelona"},"geometry":{"type":"Point","coordinates":[2.11162,41.38464]}},
{"type":"Feature","properties":{"kind":"metro","city":"Barcelona"},"geometry":{"type":"Point","coordinates":[2.1104,41.38414]}},
{"type":"Feature","properties":{"kind":"metro","city":"Barcelona"},"geometry":{"type":"Point","coordinates":[2.18162,41.44867]}},
{"type":"Feature","properties":{"kind":"metro","city":"Barcelona"},"geometry":{"type":"Point","coordinates":[2.18248,41.44929]}},
{"type":"Feature","properties":{"kind":"metro","city":"Barcelona"},"geometry":{"type":"Point","coordinates":[2.17722,41.42449]}},
{"type":"Feature","properties":{"kind":"metro","city":"Barcelona"},"geometry":{"type":"Point","coordinates":[2.16688,41.41205]}},
{"type":"Feature","properties":{"kind":"metro","city":"Barcelona"},"geometry":{"type":"Point","coordinates":[2.16623,41.41243]}},
{"type":"Feature","properties":{"kind":"metro","city":"Barcelona"},"geometry":{"type":"Point","coordinates":[2.16509,41.41212]}},
{"type":"Feature","properties":{"kind":"metro","city":"Barcelona"},"geometry":{"type":"Point","coordinates":[2.16616,41.41177]}},
{"type":"Feature","properties":{"kind":"metro","city":"Barcelona"},"geometry":{"type":"Point","coordinates":[2.18581,41.38224]}},
{"type":"Feature","properties":{"kind":"metro","city":"Barcelona"},"geometry":{"type":"Point","coordinates":[2.18566,41.38267]}},
{"type":"Feature","properties":{"kind":"metro","city":"Barcelona"},"geometry":{"type":"Point","coordinates":[2.21711,41.41457]}},
{"type":"Feature","properties":{"kind":"metro","city":"Barcelona"},"geometry":{"type":"Point","coordinates":[2.21563,41.41547]}},
{"type":"Feature","properties":{"kind":"metro","city":"Barcelona"},"geometry":{"type":"Point","coordinates":[2.21569,41.41501]}},
{"type":"Feature","properties":{"kind":"metro","city":"Barcelona"},"geometry":{"type":"Point","coordinates":[2.21032,41.42029]}},
{"type":"Feature","properties":{"kind":"metro","city":"Barcelona"},"geometry":{"type":"Point","coordinates":[2.19157,41.39494]}},
{"type":"Feature","properties":{"kind":"metro","city":"Barcelona"},"geometry":{"type":"Point","coordinates":[2.19279,41.39544]}},
{"type":"Feature","properties":{"kind":"metro","city":"Barcelona"},"geometry":{"type":"Point","coordinates":[2.19218,41.39524]}},
{"type":"Feature","properties":{"kind":"metro","city":"Barcelona"},"geometry":{"type":"Point","coordinates":[2.1915,41.3953]}},
{"type":"Feature","properties":{"kind":"metro","city":"Barcelona"},"geometry":{"type":"Point","coordinates":[2.19319,41.38821]}},
{"type":"Feature","properties":{"kind":"metro","city":"Barcelona"},"geometry":{"type":"Point","coordinates":[2.19333,41.38792]}},
{"type":"Feature","properties":{"kind":"metro","city":"Barcelona"},"geometry":{"type":"Point","coordinates":[2.19271,41.38815]}},
{"type":"Feature","properties":{"kind":"metro","city":"Barcelona"},"geometry":{"type":"Point","coordinates":[2.21591,41.41174]}},
{"type":"Feature","properties":{"kind":"metro","city":"Barcelona"},"geometry":{"type":"Point","coordinates":[2.21733,41.41226]}},
{"type":"Feature","properties":{"kind":"metro","city":"Barcelona"},"geometry":{"type":"Point","coordinates":[2.21697,41.41196]}},
{"type":"Feature","properties":{"kind":"metro","city":"Barcelona"},"geometry":{"type":"Point","coordinates":[2.17086,41.39482]}},
{"type":"Feature","properties":{"kind":"metro","city":"Barcelona"},"geometry":{"type":"Point","coordinates":[2.17133,41.3948]}},
{"type":"Feature","properties":{"kind":"metro","city":"Barcelona"},"geometry":{"type":"Point","coordinates":[2.17141,41.39526]}},
{"type":"Feature","properties":{"kind":"metro","city":"Barcelona"},"geometry":{"type":"Point","coordinates":[2.17424,41.416]}},
{"type":"Feature","properties":{"kind":"metro","city":"Barcelona"},"geometry":{"type":"Point","coordinates":[2.17444,41.41638]}},
{"type":"Feature","properties":{"kind":"metro","city":"Barcelona"},"geometry":{"type":"Point","coordinates":[2.17454,41.416]}},
{"type":"Feature","properties":{"kind":"metro","city":"Barcelona"},"geometry":{"type":"Point","coordinates":[2.17834,41.38414]}},
{"type":"Feature","properties":{"kind":"metro","city":"Barcelona"},"geometry":{"type":"Point","coordinates":[2.1792,41.38377]}},
{"type":"Feature","properties":{"kind":"metro","city":"Barcelona"},"geometry":{"type":"Point","coordinates":[2.17912,41.38398]}},
{"type":"Feature","properties":{"kind":"metro","city":"Barcelona"},"geometry":{"type":"Point","coordinates":[2.16276,41.40605]}},
{"type":"Feature","properties":{"kind":"metro","city":"Barcelona"},"geometry":{"type":"Point","coordinates":[2.16316,41.406]}},
{"type":"Feature","properties":{"kind":"metro","city":"Barcelona"},"geometry":{"type":"Point","coordinates":[2.16331,41.40652]}},
{"type":"Feature","properties":{"kind":"metro","city":"Barcelona"},"geometry":{"type":"Point","coordinates":[2.20647,41.42396]}},
{"type":"Feature","properties":{"kind":"metro","city":"Barcelona"},"geometry":{"type":"Point","coordinates":[2.19746,41.39903]}},
{"type":"Feature","properties":{"kind":"metro","city":"Barcelona"},"geometry":{"type":"Point","coordinates":[2.19725,41.39926]}},
{"type":"Feature","properties":{"kind":"metro","city":"Barcelona"},"geometry":{"type":"Point","coordinates":[2.17288,41.43671]}},
{"type":"Feature","properties":{"kind":"metro","city":"Barcelona"},"geometry":{"type":"Point","coordinates":[2.17368,41.43758]}},
{"type":"Feature","properties":{"kind":"metro","city":"Barcelona"},"geometry":{"type":"Point","coordinates":[2.17395,41.43718]}},
{"type":"Feature","properties":{"kind":"metro","city":"Barcelona"},"geometry":{"type":"Point","coordinates":[2.17348,41.43722]}},
{"type":"Feature","properties":{"kind":"metro","city":"Barcelona"},"geometry":{"type":"Point","coordinates":[2.17735,41.4227]}},
{"type":"Feature","properties":{"kind":"metro","city":"Barcelona"},"geometry":{"type":"Point","coordinates":[2.17769,41.42427]}},
{"type":"Feature","properties":{"kind":"metro","city":"Barcelona"},"geometry":{"type":"Point","coordinates":[2.16777,41.38966]}},
{"type":"Feature","properties":{"kind":"metro","city":"Barcelona"},"geometry":{"type":"Point","coordinates":[2.16768,41.38961]}},
{"type":"Feature","properties":{"kind":"metro","city":"Barcelona"},"geometry":{"type":"Point","coordinates":[2.20286,41.40348]}},
{"type":"Feature","properties":{"kind":"metro","city":"Barcelona"},"geometry":{"type":"Point","coordinates":[2.20321,41.40344]}},
{"type":"Feature","properties":{"kind":"metro","city":"Barcelona"},"geometry":{"type":"Point","coordinates":[2.20967,41.4082]}},
{"type":"Feature","properties":{"kind":"metro","city":"Barcelona"},"geometry":{"type":"Point","coordinates":[2.20841,41.4079]}},
{"type":"Feature","properties":{"kind":"metro","city":"Barcelona"},"geometry":{"type":"Point","coordinates":[2.20996,41.40816]}},
{"type":"Feature","properties":{"kind":"metro","city":"Barcelona"},"geometry":{"type":"Point","coordinates":[2.17261,41.38877]}},
{"type":"Feature","properties":{"kind":"metro","city":"Barcelona"},"geometry":{"type":"Point","coordinates":[2.17416,41.38756]}},
{"type":"Feature","properties":{"kind":"metro","city":"Barcelona"},"geometry":{"type":"Point","coordinates":[2.1731,41.38848]}},
{"type":"Feature","properties":{"kind":"metro","city":"Barcelona"},"geometry":{"type":"Point","coordinates":[2.16867,41.39999]}},
{"type":"Feature","properties":{"kind":"metro","city":"Barcelona"},"geometry":{"type":"Point","coordinates":[2.16859,41.40017]}},
{"type":"Feature","properties":{"kind":"metro","city":"Barcelona"},"geometry":{"type":"Point","coordinates":[2.17846,41.44338]}},
{"type":"Feature","properties":{"kind":"metro","city":"Barcelona"},"geometry":{"type":"Point","coordinates":[2.17883,41.44414]}},
{"type":"Feature","properties":{"kind":"metro","city":"Barcelona"},"geometry":{"type":"Point","coordinates":[2.17891,41.44393]}},
{"type":"Feature","properties":{"kind":"metro","city":"Barcelona"},"geometry":{"type":"Point","coordinates":[2.1865,41.42055]}},
{"type":"Feature","properties":{"kind":"metro","city":"Barcelona"},"geometry":{"type":"Point","coordinates":[2.12602,41.3755]}},
{"type":"Feature","properties":{"kind":"metro","city":"Barcelona"},"geometry":{"type":"Point","coordinates":[2.12558,41.3757]}},
{"type":"Feature","properties":{"kind":"metro","city":"Barcelona"},"geometry":{"type":"Point","coordinates":[2.12813,41.37564]}},
{"type":"Feature","properties":{"kind":"metro","city":"Barcelona"},"geometry":{"type":"Point","coordinates":[2.12731,41.37561]}},
{"type":"Feature","properties":{"kind":"metro","city":"Barcelona"},"geometry":{"type":"Point","coordinates":[2.18174,41.41533]}},
{"type":"Feature","properties":{"kind":"metro","city":"Barcelona"},"geometry":{"type":"Point","coordinates":[2.18111,41.4148]}},
{"type":"Feature","properties":{"kind":"metro","city":"Barcelona"},"geometry":{"type":"Point","coordinates":[2.18094,41.415]}},
{"type":"Feature","properties":{"kind":"metro","city":"Barcelona"},"geometry":{"type":"Point","coordinates":[2.09078,41.36606]}},
{"type":"Feature","properties":{"kind":"metro","city":"Barcelona"},"geometry":{"type":"Point","coordinates":[2.09126,41.36615]}},
{"type":"Feature","properties":{"kind":"metro","city":"Barcelona"},"geometry":{"type":"Point","coordinates":[2.09989,41.37158]}},
{"type":"Feature","properties":{"kind":"metro","city":"Barcelona"},"geometry":{"type":"Point","coordinates":[2.09924,41.37132]}},
{"type":"Feature","properties":{"kind":"metro","city":"Barcelona"},"geometry":{"type":"Point","coordinates":[2.12005,41.376]}},
{"type":"Feature","properties":{"kind":"metro","city":"Barcelona"},"geometry":{"type":"Point","coordinates":[2.1183,41.37579]}},
{"type":"Feature","properties":{"kind":"metro","city":"Barcelona"},"geometry":{"type":"Point","coordinates":[2.1211,41.37556]}},
{"type":"Feature","properties":{"kind":"metro","city":"Barcelona"},"geometry":{"type":"Point","coordinates":[2.12068,41.37595]}},
{"type":"Feature","properties":{"kind":"metro","city":"Barcelona"},"geometry":{"type":"Point","coordinates":[2.18078,41.4235]}},
{"type":"Feature","properties":{"kind":"metro","city":"Barcelona"},"geometry":{"type":"Point","coordinates":[2.18212,41.42345]}},
{"type":"Feature","properties":{"kind":"metro","city":"Barcelona"},"geometry":{"type":"Point","coordinates":[2.18161,41.42353]}},
{"type":"Feature","properties":{"kind":"metro","city":"Barcelona"},"geometry":{"type":"Point","coordinates":[2.07267,41.35611]}},
{"type":"Feature","properties":{"kind":"metro","city":"Barcelona"},"geometry":{"type":"Point","coordinates":[2.0724,41.35615]}},
{"type":"Feature","properties":{"kind":"metro","city":"Barcelona"},"geometry":{"type":"Point","coordinates":[2.15911,41.39454]}},
{"type":"Feature","properties":{"kind":"metro","city":"Barcelona"},"geometry":{"type":"Point","coordinates":[2.15849,41.39445]}},
{"type":"Feature","properties":{"kind":"metro","city":"Barcelona"},"geometry":{"type":"Point","coordinates":[2.15916,41.39489]}},
{"type":"Feature","properties":{"kind":"metro","city":"Barcelona"},"geometry":{"type":"Point","coordinates":[2.15501,41.42356]}},
{"type":"Feature","properties":{"kind":"metro","city":"Barcelona"},"geometry":{"type":"Point","coordinates":[2.15607,41.42542]}},
{"type":"Feature","properties":{"kind":"metro","city":"Barcelona"},"geometry":{"type":"Point","coordinates":[2.15513,41.4246]}},
{"type":"Feature","properties":{"kind":"metro","city":"Barcelona"},"geometry":{"type":"Point","coordinates":[2.15014,41.42098]}},
{"type":"Feature","properties":{"kind":"metro","city":"Barcelona"},"geometry":{"type":"Point","coordinates":[2.1495,41.41988]}},
{"type":"Feature","properties":{"kind":"metro","city":"Barcelona"},"geometry":{"type":"Point","coordinates":[2.14807,41.42313]}},
{"type":"Feature","properties":{"kind":"metro","city":"Barcelona"},"geometry":{"type":"Point","coordinates":[2.14852,41.42197]}},
{"type":"Feature","properties":{"kind":"metro","city":"Barcelona"},"geometry":{"type":"Point","coordinates":[2.14495,41.38413]}},
{"type":"Feature","properties":{"kind":"metro","city":"Barcelona"},"geometry":{"type":"Point","coordinates":[2.14608,41.38498]}},
{"type":"Feature","properties":{"kind":"metro","city":"Barcelona"},"geometry":{"type":"Point","coordinates":[2.14561,41.38445]}},
{"type":"Feature","properties":{"kind":"metro","city":"Barcelona"},"geometry":{"type":"Point","coordinates":[2.07892,41.35739]}},
{"type":"Feature","properties":{"kind":"metro","city":"Barcelona"},"geometry":{"type":"Point","coordinates":[2.079,41.35807]}},
{"type":"Feature","properties":{"kind":"metro","city":"Barcelona"},"geometry":{"type":"Point","coordinates":[2.0789,41.35771]}},
{"type":"Feature","properties":{"kind":"metro","city":"Barcelona"},"geometry":{"type":"Point","coordinates":[2.15874,41.42981]}},
{"type":"Feature","properties":{"kind":"metro","city":"Barcelona"},"geometry":{"type":"Point","coordinates":[2.16048,41.42973]}},
{"type":"Feature","properties":{"kind":"metro","city":"Barcelona"},"geometry":{"type":"Point","coordinates":[2.16123,41.43004]}},
{"type":"Feature","properties":{"kind":"metro","city":"Barcelona"},"geometry":{"type":"Point","coordinates":[2.16118,41.42976]}},
{"type":"Feature","properties":{"kind":"metro","city":"Barcelona"},"geometry":{"type":"Point","coordinates":[2.15177,41.38895]}},
{"type":"Feature","properties":{"kind":"metro","city":"Barcelona"},"geometry":{"type":"Point","coordinates":[2.15068,41.38848]}},
{"type":"Feature","properties":{"kind":"metro","city":"Barcelona"},"geometry":{"type":"Point","coordinates":[2.15029,41.38823]}},
{"type":"Feature","properties":{"kind":"metro","city":"Barcelona"},"geometry":{"type":"Point","coordinates":[2.15098,41.38903]}},
{"type":"Feature","properties":{"kind":"metro","city":"Barcelona"},"geometry":{"type":"Point","coordinates":[2.18658,41.42202]}},
{"type":"Feature","properties":{"kind":"metro","city":"Barcelona"},"geometry":{"type":"Point","coordinates":[2.1869,41.42156]}},
{"type":"Feature","properties":{"kind":"metro","city":"Barcelona"},"geometry":{"type":"Point","coordinates":[2.17656,41.42564]}},
{"type":"Feature","properties":{"kind":"metro","city":"Barcelona"},"geometry":{"type":"Point","coordinates":[2.1759,41.42573]}},
{"type":"Feature","properties":{"kind":"metro","city":"Barcelona"},"geometry":{"type":"Point","coordinates":[2.17647,41.42587]}},
{"type":"Feature","properties":{"kind":"metro","city":"Barcelona"},"geometry":{"type":"Point","coordinates":[2.13585,41.37543]}},
{"type":"Feature","properties":{"kind":"metro","city":"Barcelona"},"geometry":{"type":"Point","coordinates":[2.13503,41.37549]}},
{"type":"Feature","properties":{"kind":"metro","city":"Barcelona"},"geometry":{"type":"Point","coordinates":[2.13548,41.37544]}},
{"type":"Feature","properties":{"kind":"metro","city":"Barcelona"},"geometry":{"type":"Point","coordinates":[2.10677,41.37356]}},
{"type":"Feature","properties":{"kind":"metro","city":"Barcelona"},"geometry":{"type":"Point","coordinates":[2.10703,41.37329]}},
{"type":"Feature","properties":{"kind":"metro","city":"Barcelona"},"geometry":{"type":"Point","coordinates":[2.10765,41.37401]}},
{"type":"Feature","properties":{"kind":"metro","city":"Barcelona"},"geometry":{"type":"Point","coordinates":[2.10825,41.37406]}},
{"type":"Feature","properties":{"kind":"metro","city":"Barcelona"},"geometry":{"type":"Point","coordinates":[2.17423,41.40461]}},
{"type":"Feature","properties":{"kind":"metro","city":"Barcelona"},"geometry":{"type":"Point","coordinates":[2.17336,41.40351]}},
{"type":"Feature","properties":{"kind":"metro","city":"Barcelona"},"geometry":{"type":"Point","coordinates":[2.17308,41.40376]}},
{"type":"Feature","properties":{"kind":"metro","city":"Barcelona"},"geometry":{"type":"Point","coordinates":[2.17388,41.40412]}},
{"type":"Feature","properties":{"kind":"metro","city":"Barcelona"},"geometry":{"type":"Point","coordinates":[2.08399,41.36275]}},
{"type":"Feature","properties":{"kind":"metro","city":"Barcelona"},"geometry":{"type":"Point","coordinates":[2.08416,41.36328]}},
{"type":"Feature","properties":{"kind":"metro","city":"Barcelona"},"geometry":{"type":"Point","coordinates":[2.08457,41.36329]}},
{"type":"Feature","properties":{"kind":"metro","city":"Barcelona"},"geometry":{"type":"Point","coordinates":[2.17539,41.41017]}},
{"type":"Feature","properties":{"kind":"metro","city":"Barcelona"},"geometry":{"type":"Point","coordinates":[2.17626,41.41121]}},
{"type":"Feature","properties":{"kind":"metro","city":"Barcelona"},"geometry":{"type":"Point","coordinates":[2.17632,41.41102]}},
{"type":"Feature","properties":{"kind":"metro","city":"Barcelona"},"geometry":{"type":"Point","coordinates":[2.13974,41.3796]}},
{"type":"Feature","properties":{"kind":"metro","city":"Barcelona"},"geometry":{"type":"Point","coordinates":[2.13929,41.3797]}},
{"type":"Feature","properties":{"kind":"metro","city":"Barcelona"},"geometry":{"type":"Point","coordinates":[2.14145,41.42507]}},
{"type":"Feature","properties":{"kind":"metro","city":"Barcelona"},"geometry":{"type":"Point","coordinates":[2.16749,41.39912]}},
{"type":"Feature","properties":{"kind":"metro","city":"Barcelona"},"geometry":{"type":"Point","coordinates":[2.16628,41.39868]}},
{"type":"Feature","properties":{"kind":"metro","city":"Barcelona"},"geometry":{"type":"Point","coordinates":[2.16673,41.39877]}},
{"type":"Feature","properties":{"kind":"metro","city":"Barcelona"},"geometry":{"type":"Point","coordinates":[2.16699,41.4306]}},
{"type":"Feature","properties":{"kind":"metro","city":"Barcelona"},"geometry":{"type":"Point","coordinates":[2.16846,41.43057]}},
{"type":"Feature","properties":{"kind":"metro","city":"Barcelona"},"geometry":{"type":"Point","coordinates":[2.16701,41.43032]}},
{"type":"Feature","properties":{"kind":"metro","city":"Barcelona"},"geometry":{"type":"Point","coordinates":[2.16776,41.43082]}},
{"type":"Feature","properties":{"kind":"metro","city":"Barcelona"},"geometry":{"type":"Point","coordinates":[2.17557,41.42921]}},
{"type":"Feature","properties":{"kind":"metro","city":"Barcelona"},"geometry":{"type":"Point","coordinates":[2.1746,41.43048]}},
{"type":"Feature","properties":{"kind":"metro","city":"Barcelona"},"geometry":{"type":"Point","coordinates":[2.17413,41.43027]}},
{"type":"Feature","properties":{"kind":"metro","city":"Barcelona"},"geometry":{"type":"Point","coordinates":[2.17484,41.4294]}},
{"type":"Feature","properties":{"kind":"metro","city":"Barcelona"},"geometry":{"type":"Point","coordinates":[2.17488,41.42973]}},
{"type":"Feature","properties":{"kind":"metro","city":"Barcelona"},"geometry":{"type":"Point","coordinates":[2.20521,41.43617]}},
{"type":"Feature","properties":{"kind":"metro","city":"Barcelona"},"geometry":{"type":"Point","coordinates":[2.20479,41.43606]}},
{"type":"Feature","properties":{"kind":"metro","city":"Barcelona"},"geometry":{"type":"Point","coordinates":[2.18624,41.42096]}},
{"type":"Feature","properties":{"kind":"metro","city":"Barcelona"},"geometry":{"type":"Point","coordinates":[2.19313,41.42975]}},
{"type":"Feature","properties":{"kind":"metro","city":"Barcelona"},"geometry":{"type":"Point","coordinates":[2.21013,41.44425]}},
{"type":"Feature","properties":{"kind":"metro","city":"Barcelona"},"geometry":{"type":"Point","coordinates":[2.19855,41.45725]}},
{"type":"Feature","properties":{"kind":"metro","city":"Barcelona"},"geometry":{"type":"Point","coordinates":[2.21241,41.4545]}},
{"type":"Feature","properties":{"kind":"metro","city":"Barcelona"},"geometry":{"type":"Point","coordinates":[2.21591,41.44668]}},
{"type":"Feature","properties":{"kind":"metro","city":"Barcelona"},"geometry":{"type":"Point","coordinates":[2.20578,41.45937]}},
{"type":"Feature","properties":{"kind":"calle","city":"Barcelona","name":"Avinguda Diagonal"},"geometry":{"type":"LineString","coordinates":[[2.10768,41.38336],[2.10957,41.38388],[2.11129,41.38439],[2.11292,41.38491],[2.11515,41.38536],[2.11695,41.38571],[2.11862,41.38616],[2.12004,41.38668],[2.12171,41.3871],[2.12347,41.38745],[2.12553,41.38793],[2.12729,41.38845],[2.12931,41.38896],[2.13176,41.38954],[2.13339,41.38996],[2.13528,41.39041],[2.13708,41.39099],[2.13944,41.39148],[2.14197,41.39199],[2.14461,41.39292],[2.14697,41.39347],[2.14903,41.39408],[2.15173,41.39453],[2.15296,41.3949],[2.1544,41.39527],[2.1555,41.39557],[2.15652,41.39585],[2.15756,41.39609],[2.15826,41.39632],[2.15907,41.3965],[2.15971,41.39671],[2.16028,41.39679],[2.1613,41.39703],[2.1621,41.39718],[2.1629,41.39741],[2.16376,41.39761],[2.16456,41.39777],[2.1654,41.39804],[2.16632,41.39828],[2.1671,41.39849],[2.16783,41.39869],[2.16864,41.3989],[2.16947,41.39911],[2.17066,41.39931],[2.17152,41.39959],[2.17252,41.39984],[2.1736,41.40008],[2.17433,41.40034],[2.17521,41.40049],[2.17656,41.40083],[2.17742,41.4011],[2.17832,41.40131],[2.17948,41.4016],[2.18044,41.40178],[2.18187,41.40218],[2.18288,41.40244],[2.18382,41.40269]]}},
{"type":"Feature","properties":{"kind":"centro","city":"Valencia","name":"Centro de Valencia"},"geometry":{"type":"Point","coordinates":[-0.37662,39.46977]}},
{"type":"Feature","properties":{"kind":"metro","city":"Valencia"},"geometry":{"type":"Point","coordinates":[-0.30284,39.62045]}},
{"type":"Feature","properties":{"kind":"metro","city":"Valencia"},"geometry":{"type":"Point","coordinates":[-0.31188,39.58819]}},
{"type":"Feature","properties":{"kind":"metro","city":"Valencia"},"geometry":{"type":"Point","coordinates":[-0.31834,39.55568]}},
{"type":"Feature","properties":{"kind":"metro","city":"Valencia"},"geometry":{"type":"Point","coordinates":[-0.32064,39.5433]}},
{"type":"Feature","properties":{"kind":"metro","city":"Valencia"},"geometry":{"type":"Point","coordinates":[-0.32385,39.5262]}},
{"type":"Feature","properties":{"kind":"metro","city":"Valencia"},"geometry":{"type":"Point","coordinates":[-0.33004,39.57891]}},
{"type":"Feature","properties":{"kind":"metro","city":"Valencia"},"geometry":{"type":"Point","coordinates":[-0.33087,39.58797]}},
{"type":"Feature","properties":{"kind":"metro","city":"Valencia"},"geometry":{"type":"Point","coordinates":[-0.33269,39.5703]}},
{"type":"Feature","properties":{"kind":"metro","city":"Valencia"},"geometry":{"type":"Point","coordinates":[-0.33863,39.46486]}},
{"type":"Feature","properties":{"kind":"metro","city":"Valencia"},"geometry":{"type":"Point","coordinates":[-0.3407,39.56175]}},
{"type":"Feature","properties":{"kind":"metro","city":"Valencia"},"geometry":{"type":"Point","coordinates":[-0.34313,39.46777]}},
{"type":"Feature","properties":{"kind":"metro","city":"Valencia"},"geometry":{"type":"Point","coordinates":[-0.34798,39.54534]}},
{"type":"Feature","properties":{"kind":"metro","city":"Valencia"},"geometry":{"type":"Point","coordinates":[-0.35049,39.47033]}},
{"type":"Feature","properties":{"kind":"metro","city":"Valencia"},"geometry":{"type":"Point","coordinates":[-0.35162,39.52801]}},
{"type":"Feature","properties":{"kind":"metro","city":"Valencia"},"geometry":{"type":"Point","coordinates":[-0.35236,39.50089]}},
{"type":"Feature","properties":{"kind":"metro","city":"Valencia"},"geometry":{"type":"Point","coordinates":[-0.35383,39.53727]}},
{"type":"Feature","properties":{"kind":"metro","city":"Valencia"},"geometry":{"type":"Point","coordinates":[-0.3542,39.51222]}},
{"type":"Feature","properties":{"kind":"metro","city":"Valencia"},"geometry":{"type":"Point","coordinates":[-0.35556,39.49582]}},
{"type":"Feature","properties":{"kind":"metro","city":"Valencia"},"geometry":{"type":"Point","coordinates":[-0.35754,39.47241]}},
{"type":"Feature","properties":{"kind":"metro","city":"Valencia"},"geometry":{"type":"Point","coordinates":[-0.35871,39.49209]}},
{"type":"Feature","properties":{"kind":"metro","city":"Valencia"},"geometry":{"type":"Point","coordinates":[-0.36188,39.4781]}},
{"type":"Feature","properties":{"kind":"metro","city":"Valencia"},"geometry":{"type":"Point","coordinates":[-0.36235,39.48481]}},
{"type":"Feature","properties":{"kind":"metro","city":"Valencia"},"geometry":{"type":"Point","coordinates":[-0.3652,39.45937]}},
{"type":"Feature","properties":{"kind":"metro","city":"Valencia"},"geometry":{"type":"Point","coordinates":[-0.36602,39.47311]}},
{"type":"Feature","properties":{"kind":"metro","city":"Valencia"},"geometry":{"type":"Point","coordinates":[-0.36947,39.46407]}},
{"type":"Feature","properties":{"kind":"metro","city":"Valencia"},"geometry":{"type":"Point","coordinates":[-0.37026,39.44148]}},
{"type":"Feature","properties":{"kind":"metro","city":"Valencia"},"geometry":{"type":"Point","coordinates":[-0.37084,39.47019]}},
{"type":"Feature","properties":{"kind":"metro","city":"Valencia"},"geometry":{"type":"Point","coordinates":[-0.37716,39.46752]}},
{"type":"Feature","properties":{"kind":"metro","city":"Valencia"},"geometry":{"type":"Point","coordinates":[-0.37928,39.4636]}},
{"type":"Feature","properties":{"kind":"metro","city":"Valencia"},"geometry":{"type":"Point","coordinates":[-0.38042,39.46027]}},
{"type":"Feature","properties":{"kind":"metro","city":"Valencia"},"geometry":{"type":"Point","coordinates":[-0.38054,39.46028]}},
{"type":"Feature","properties":{"kind":"metro","city":"Valencia"},"geometry":{"type":"Point","coordinates":[-0.38103,39.45866]}},
{"type":"Feature","properties":{"kind":"metro","city":"Valencia"},"geometry":{"type":"Point","coordinates":[-0.38209,39.46622]}},
{"type":"Feature","properties":{"kind":"metro","city":"Valencia"},"geometry":{"type":"Point","coordinates":[-0.38463,39.45938]}},
{"type":"Feature","properties":{"kind":"metro","city":"Valencia"},"geometry":{"type":"Point","coordinates":[-0.38513,39.47042]}},
{"type":"Feature","properties":{"kind":"metro","city":"Valencia"},"geometry":{"type":"Point","coordinates":[-0.38857,39.5435]}},
{"type":"Feature","properties":{"kind":"metro","city":"Valencia"},"geometry":{"type":"Point","coordinates":[-0.38979,39.54971]}},
{"type":"Feature","properties":{"kind":"metro","city":"Valencia"},"geometry":{"type":"Point","coordinates":[-0.39028,39.47825]}},
{"type":"Feature","properties":{"kind":"metro","city":"Valencia"},"geometry":{"type":"Point","coordinates":[-0.39037,39.45653]}},
{"type":"Feature","properties":{"kind":"metro","city":"Valencia"},"geometry":{"type":"Point","coordinates":[-0.39259,39.42233]}},
{"type":"Feature","properties":{"kind":"metro","city":"Valencia"},"geometry":{"type":"Point","coordinates":[-0.39411,39.48355]}},
{"type":"Feature","properties":{"kind":"metro","city":"Valencia"},"geometry":{"type":"Point","coordinates":[-0.39532,39.40917]}},
{"type":"Feature","properties":{"kind":"metro","city":"Valencia"},"geometry":{"type":"Point","coordinates":[-0.39793,39.46855]}},
{"type":"Feature","properties":{"kind":"metro","city":"Valencia"},"geometry":{"type":"Point","coordinates":[-0.39824,39.45462]}},
{"type":"Feature","properties":{"kind":"metro","city":"Valencia"},"geometry":{"type":"Point","coordinates":[-0.39919,39.40007]}},
{"type":"Feature","properties":{"kind":"metro","city":"Valencia"},"geometry":{"type":"Point","coordinates":[-0.39945,39.49095]}},
{"type":"Feature","properties":{"kind":"metro","city":"Valencia"},"geometry":{"type":"Point","coordinates":[-0.40217,39.49955]}},
{"type":"Feature","properties":{"kind":"metro","city":"Valencia"},"geometry":{"type":"Point","coordinates":[-0.40305,39.53649]}},
{"type":"Feature","properties":{"kind":"metro","city":"Valencia"},"geometry":{"type":"Point","coordinates":[-0.40526,39.56651]}},
{"type":"Feature","properties":{"kind":"metro","city":"Valencia"},"geometry":{"type":"Point","coordinates":[-0.40679,39.50829]}},
{"type":"Feature","properties":{"kind":"metro","city":"Valencia"},"geometry":{"type":"Point","coordinates":[-0.40687,39.47076]}},
{"type":"Feature","properties":{"kind":"metro","city":"Valencia"},"geometry":{"type":"Point","coordinates":[-0.40732,39.52921]}},
{"type":"Feature","properties":{"kind":"metro","city":"Valencia"},"geometry":{"type":"Point","coordinates":[-0.41051,39.44082]}},
{"type":"Feature","properties":{"kind":"metro","city":"Valencia"},"geometry":{"type":"Point","coordinates":[-0.41167,39.51313]}},
{"type":"Feature","properties":{"kind":"metro","city":"Valencia"},"geometry":{"type":"Point","coordinates":[-0.41194,39.50254]}},
{"type":"Feature","properties":{"kind":"metro","city":"Valencia"},"geometry":{"type":"Point","coordinates":[-0.41411,39.51919]}},
{"type":"Feature","properties":{"kind":"metro","city":"Valencia"},"geometry":{"type":"Point","coordinates":[-0.41494,39.36175]}},
{"type":"Feature","properties":{"kind":"metro","city":"Valencia"},"geometry":{"type":"Point","coordinates":[-0.41812,39.47399]}},
{"type":"Feature","properties":{"kind":"metro","city":"Valencia"},"geometry":{"type":"Point","coordinates":[-0.41822,39.4321]}},
{"type":"Feature","properties":{"kind":"metro","city":"Valencia"},"geometry":{"type":"Point","coordinates":[-0.41872,39.50185]}},
{"type":"Feature","properties":{"kind":"metro","city":"Valencia"},"geometry":{"type":"Point","coordinates":[-0.42278,39.47549]}},
{"type":"Feature","properties":{"kind":"metro","city":"Valencia"},"geometry":{"type":"Point","coordinates":[-0.42492,39.49901]}},
{"type":"Feature","properties":{"kind":"metro","city":"Valencia"},"geometry":{"type":"Point","coordinates":[-0.43341,39.47768]}},
{"type":"Feature","properties":{"kind":"metro","city":"Valencia"},"geometry":{"type":"Point","coordinates":[-0.43527,39.49582]}},
{"type":"Feature","properties":{"kind":"metro","city":"Valencia"},"geometry":{"type":"Point","coordinates":[-0.4371,39.43323]}},
{"type":"Feature","properties":{"kind":"metro","city":"Valencia"},"geometry":{"type":"Point","coordinates":[-0.44178,39.48083]}},
{"type":"Feature","properties":{"kind":"metro","city":"Valencia"},"geometry":{"type":"Point","coordinates":[-0.44194,39.49889]}},
{"type":"Feature","properties":{"kind":"metro","city":"Valencia"},"geometry":{"type":"Point","coordinates":[-0.44284,39.582]}},
{"type":"Feature","properties":{"kind":"metro","city":"Valencia"},"geometry":{"type":"Point","coordinates":[-0.45044,39.48531]}},
{"type":"Feature","properties":{"kind":"metro","city":"Valencia"},"geometry":{"type":"Point","coordinates":[-0.45532,39.5059]}},
{"type":"Feature","properties":{"kind":"metro","city":"Valencia"},"geometry":{"type":"Point","coordinates":[-0.4575,39.59073]}},
{"type":"Feature","properties":{"kind":"metro","city":"Valencia"},"geometry":{"type":"Point","coordinates":[-0.45943,39.48958]}},
{"type":"Feature","properties":{"kind":"metro","city":"Valencia"},"geometry":{"type":"Point","coordinates":[-0.46025,39.41127]}},
{"type":"Feature","properties":{"kind":"metro","city":"Valencia"},"geometry":{"type":"Point","coordinates":[-0.46093,39.4361]}},
{"type":"Feature","properties":{"kind":"metro","city":"Valencia"},"geometry":{"type":"Point","coordinates":[-0.46374,39.46097]}},
{"type":"Feature","properties":{"kind":"metro","city":"Valencia"},"geometry":{"type":"Point","coordinates":[-0.46408,39.51116]}},
{"type":"Feature","properties":{"kind":"metro","city":"Valencia"},"geometry":{"type":"Point","coordinates":[-0.46467,39.36306]}},
{"type":"Feature","properties":{"kind":"metro","city":"Valencia"},"geometry":{"type":"Point","coordinates":[-0.46713,39.38438]}},
{"type":"Feature","properties":{"kind":"metro","city":"Valencia"},"geometry":{"type":"Point","coordinates":[-0.46716,39.49267]}},
{"type":"Feature","properties":{"kind":"metro","city":"Valencia"},"geometry":{"type":"Point","coordinates":[-0.46868,39.32642]}},
{"type":"Feature","properties":{"kind":"metro","city":"Valencia"},"geometry":{"type":"Point","coordinates":[-0.47263,39.43168]}},
{"type":"Feature","properties":{"kind":"metro","city":"Valencia"},"geometry":{"type":"Point","coordinates":[-0.47375,39.35315]}},
{"type":"Feature","properties":{"kind":"metro","city":"Valencia"},"geometry":{"type":"Point","coordinates":[-0.47437,39.49219]}},
{"type":"Feature","properties":{"kind":"metro","city":"Valencia"},"geometry":{"type":"Point","coordinates":[-0.4847,39.49891]}},
{"type":"Feature","properties":{"kind":"metro","city":"Valencia"},"geometry":{"type":"Point","coordinates":[-0.48702,39.52693]}},
{"type":"Feature","properties":{"kind":"metro","city":"Valencia"},"geometry":{"type":"Point","coordinates":[-0.49823,39.53796]}},
{"type":"Feature","properties":{"kind":"metro","city":"Valencia"},"geometry":{"type":"Point","coordinates":[-0.51405,39.54333]}},
{"type":"Feature","properties":{"kind":"metro","city":"Valencia"},"geometry":{"type":"Point","coordinates":[-0.51599,39.51708]}},
{"type":"Feature","properties":{"kind":"metro","city":"Valencia"},"geometry":{"type":"Point","coordinates":[-0.52798,39.5499]}},
{"type":"Feature","properties":{"kind":"metro","city":"Valencia"},"geometry":{"type":"Point","coordinates":[-0.5318,39.55544]}},
{"type":"Feature","properties":{"kind":"metro","city":"Valencia"},"geometry":{"type":"Point","coordinates":[-0.53423,39.53048]}},
{"type":"Feature","properties":{"kind":"metro","city":"Valencia"},"geometry":{"type":"Point","coordinates":[-0.53587,39.5617]}},
{"type":"Feature","properties":{"kind":"metro","city":"Valencia"},"geometry":{"type":"Point","coordinates":[-0.54663,39.53826]}},
{"type":"Feature","properties":{"kind":"metro","city":"Valencia"},"geometry":{"type":"Point","coordinates":[-0.55943,39.54331]}},
{"type":"Feature","properties":{"kind":"metro","city":"Valencia"},"geometry":{"type":"Point","coordinates":[-0.56738,39.48567]}},
{"type":"Feature","properties":{"kind":"metro","city":"Valencia"},"geometry":{"type":"Point","coordinates":[-0.57831,39.59269]}},
{"type":"Feature","properties":{"kind":"metro","city":"Valencia"},"geometry":{"type":"Point","coordinates":[-0.5842,39.59899]}},
{"type":"Feature","properties":{"kind":"metro","city":"Valencia"},"geometry":{"type":"Point","coordinates":[-0.59072,39.62259]}},
{"type":"Feature","properties":{"kind":"calle","city":"Valencia","name":"Avinguda de Blasco Ib\u00e1\u00f1ez"},"geometry":{"type":"LineString","coordinates":[[-0.33523,39.47018],[-0.33628,39.4706],[-0.33759,39.47103],[-0.33909,39.47146],[-0.34034,39.47197],[-0.34197,39.47234],[-0.34334,39.47288],[-0.34452,39.47315],[-0.34594,39.47358],[-0.34718,39.47393],[-0.34838,39.47424],[-0.34956,39.47456],[-0.35079,39.47497],[-0.35182,39.4753],[-0.35285,39.47552],[-0.35415,39.476],[-0.35499,39.47626],[-0.35604,39.47648],[-0.35699,39.47681],[-0.35834,39.47714],[-0.35939,39.4775],[-0.36066,39.47779],[-0.36139,39.47807],[-0.36263,39.47823],[-0.3637,39.47858],[-0.36488,39.47888],[-0.36602,39.47929]]}}
]}
